#usda 1.0
(
    customLayerData = {
        dictionary renderSettings = {
            bool "rtx:raytracing:fractionalCutoutOpacity" = 1
        }
    }
    defaultPrim = "World"
    metersPerUnit = 0.01
    upAxis = "Y"
)

def Xform "World" (
    kind = "component"
)
{
    float3 xformOp:rotateXYZ = (0, 0, 0)
    float3 xformOp:scale = (1, 1, 1)
    double3 xformOp:translate = (0, 0, 0)
    uniform token[] xformOpOrder = ["xformOp:translate", "xformOp:rotateXYZ", "xformOp:scale"]

    def Scope "Looks"
    {
        def Material "Purpel"
        {
            token outputs:mdl:displacement.connect = </World/Looks/Purpel/Purpel.outputs:out>
            token outputs:mdl:surface.connect = </World/Looks/Purpel/Purpel.outputs:out>
            token outputs:mdl:volume.connect = </World/Looks/Purpel/Purpel.outputs:out>

            def Shader "Purpel"
            {
                uniform token info:implementationSource = "sourceAsset"
                uniform asset info:mdl:sourceAsset = @OmniPBR.mdl@
                uniform token info:mdl:sourceAsset:subIdentifier = "OmniPBR"
                color3f inputs:diffuse_color_constant = (0.05410999, 0, 0.21993166) (
                    customData = {
                        float3 default = (1, 1, 1)
                        dictionary range = {
                            float3 max = (1, 1, 1)
                            float3 min = (0, 0, 0)
                        }
                    }
                    displayGroup = "Albedo"
                    displayName = "Base Color"
                )
                color3f inputs:emissive_color = (1, 1, 1) (
                    customData = {
                        float3 default = (1, 1, 1)
                        dictionary range = {
                            float3 max = (1, 1, 1)
                            float3 min = (0, 0, 0)
                        }
                    }
                    displayGroup = "Emissive"
                    displayName = "Emissive Color"
                )
                float inputs:emissive_intensity = 10000 (
                    customData = {
                        float default = 10000
                        dictionary range = {
                            float max = 100000
                            float min = 0
                        }
                    }
                    displayGroup = "Emissive"
                    displayName = "Emissive Intensity"
                )
                bool inputs:enable_emission = 0 (
                    customData = {
                        bool default = 0
                    }
                    displayGroup = "Emissive"
                    displayName = "Enable Emission"
                )
                bool inputs:enable_opacity = 1 (
                    customData = {
                        bool default = 0
                    }
                    displayGroup = "Opacity"
                    displayName = "Enable Opacity"
                )
                bool inputs:enable_opacity_texture = 0 (
                    customData = {
                        bool default = 0
                    }
                    displayGroup = "Opacity"
                    displayName = "Enable Opacity Texture"
                )
                float inputs:opacity_constant = 1 (
                    customData = {
                        float default = 1
                        dictionary range = {
                            float max = 1
                            float min = 0
                        }
                    }
                    displayGroup = "Opacity"
                    displayName = "Opacity Amount"
                )
                int inputs:opacity_mode = 1 (
                    customData = {
                        int default = 1
                        dictionary range = {
                            int max = 3
                            int min = 0
                        }
                    }
                    displayGroup = "Opacity"
                    displayName = "Opacity Mono Source"
                    renderType = "::base::mono_mode"
                    sdrMetadata = {
                        string __SDR__enum_value = "mono_average"
                        string options = "mono_alpha:0|mono_average:1|mono_luminance:2|mono_maximum:3"
                    }
                )
                float inputs:opacity_threshold = 0 (
                    customData = {
                        float default = 0
                        dictionary range = {
                            float max = 1
                            float min = 0
                        }
                    }
                    displayGroup = "Opacity"
                    displayName = "Opacity Threshold"
                )
                float inputs:texture_rotate = 0 (
                    customData = {
                        float default = 0
                        dictionary range = {
                            float max = 360
                            float min = 0
                        }
                    }
                    displayGroup = "UV"
                    displayName = "Texture Rotate"
                )
                float2 inputs:texture_scale = (1, 1) (
                    customData = {
                        float2 default = (1, 1)
                    }
                    displayGroup = "UV"
                    displayName = "Texture Scale"
                )
                float2 inputs:texture_translate = (0, 0) (
                    customData = {
                        float2 default = (0, 0)
                    }
                    displayGroup = "UV"
                    displayName = "Texture Translate"
                )
                token outputs:out
            }
        }

        def Material "Yellow"
        {
            token outputs:mdl:displacement.connect = </World/Looks/Yellow/Yellow.outputs:out>
            token outputs:mdl:surface.connect = </World/Looks/Yellow/Yellow.outputs:out>
            token outputs:mdl:volume.connect = </World/Looks/Yellow/Yellow.outputs:out>

            def Shader "Yellow"
            {
                uniform token info:implementationSource = "sourceAsset"
                uniform asset info:mdl:sourceAsset = @OmniPBR.mdl@
                uniform token info:mdl:sourceAsset:subIdentifier = "OmniPBR"
                color3f inputs:diffuse_color_constant = (0.5554253, 0.80000746, 0.05365832) (
                    customData = {
                        float3 default = (1, 1, 1)
                        dictionary range = {
                            float3 max = (1, 1, 1)
                            float3 min = (0, 0, 0)
                        }
                    }
                    displayGroup = "Albedo"
                    displayName = "Base Color"
                )
                color3f inputs:emissive_color = (1, 1, 1) (
                    customData = {
                        float3 default = (1, 1, 1)
                        dictionary range = {
                            float3 max = (1, 1, 1)
                            float3 min = (0, 0, 0)
                        }
                    }
                    displayGroup = "Emissive"
                    displayName = "Emissive Color"
                )
                float inputs:emissive_intensity = 10000 (
                    customData = {
                        float default = 10000
                        dictionary range = {
                            float max = 100000
                            float min = 0
                        }
                    }
                    displayGroup = "Emissive"
                    displayName = "Emissive Intensity"
                )
                bool inputs:enable_emission = 0 (
                    customData = {
                        bool default = 0
                    }
                    displayGroup = "Emissive"
                    displayName = "Enable Emission"
                )
                bool inputs:enable_opacity = 1 (
                    customData = {
                        bool default = 0
                    }
                    displayGroup = "Opacity"
                    displayName = "Enable Opacity"
                )
                bool inputs:enable_opacity_texture = 0 (
                    customData = {
                        bool default = 0
                    }
                    displayGroup = "Opacity"
                    displayName = "Enable Opacity Texture"
                )
                float inputs:opacity_constant = 1 (
                    customData = {
                        float default = 1
                        dictionary range = {
                            float max = 1
                            float min = 0
                        }
                    }
                    displayGroup = "Opacity"
                    displayName = "Opacity Amount"
                )
                int inputs:opacity_mode = 1 (
                    customData = {
                        int default = 1
                        dictionary range = {
                            int max = 3
                            int min = 0
                        }
                    }
                    displayGroup = "Opacity"
                    displayName = "Opacity Mono Source"
                    renderType = "::base::mono_mode"
                    sdrMetadata = {
                        string __SDR__enum_value = "mono_average"
                        string options = "mono_alpha:0|mono_average:1|mono_luminance:2|mono_maximum:3"
                    }
                )
                float inputs:opacity_threshold = 0 (
                    customData = {
                        float default = 0
                        dictionary range = {
                            float max = 1
                            float min = 0
                        }
                    }
                    displayGroup = "Opacity"
                    displayName = "Opacity Threshold"
                )
                float inputs:texture_rotate = 0 (
                    customData = {
                        float default = 0
                        dictionary range = {
                            float max = 360
                            float min = 0
                        }
                    }
                    displayGroup = "UV"
                    displayName = "Texture Rotate"
                )
                float2 inputs:texture_scale = (1, 1) (
                    customData = {
                        float2 default = (1, 1)
                    }
                    displayGroup = "UV"
                    displayName = "Texture Scale"
                )
                float2 inputs:texture_translate = (0, 0) (
                    customData = {
                        float2 default = (0, 0)
                    }
                    displayGroup = "UV"
                    displayName = "Texture Translate"
                )
                token outputs:out
            }
        }
    }

    def Xform "Coin_inner"
    {
        float3 xformOp:rotateXYZ = (-90.000015, 5.9421657e-13, -179.99998)
        float3 xformOp:scale = (-100, -100, -100)
        double3 xformOp:translate = (0, 0, 0)
        uniform token[] xformOpOrder = ["xformOp:translate", "xformOp:rotateXYZ", "xformOp:scale"]

        def Mesh "Circle_001" (
            prepend apiSchemas = ["MaterialBindingAPI"]
        )
        {
            float3[] extent = [(-0.8184262, -0.009999825, -0.8184262), (0.8184262, 0.009999825, 0.8184262)]
            int[] faceVertexCounts = [32, 32, 4, 4, 4, 4, 4, 4, 4, 4, 4, 4, 4, 4, 4, 4, 4, 4, 4, 4, 4, 4, 4, 4, 4, 4, 4, 4, 4, 4, 4, 4, 4, 4]
            int[] faceVertexIndices = [0, 2, 3, 4, 5, 6, 7, 8, 9, 10, 11, 12, 13, 14, 15, 16, 17, 18, 19, 20, 21, 22, 23, 24, 25, 26, 27, 28, 29, 30, 31, 1, 32, 33, 63, 62, 61, 60, 59, 58, 57, 56, 55, 54, 53, 52, 51, 50, 49, 48, 47, 46, 45, 44, 43, 42, 41, 40, 39, 38, 37, 36, 35, 34, 2, 34, 35, 3, 3, 35, 36, 4, 4, 36, 37, 5, 5, 37, 38, 6, 6, 38, 39, 7, 7, 39, 40, 8, 8, 40, 41, 9, 9, 41, 42, 10, 10, 42, 43, 11, 11, 43, 44, 12, 12, 44, 45, 13, 13, 45, 46, 14, 14, 46, 47, 15, 15, 47, 48, 16, 16, 48, 49, 17, 17, 49, 50, 18, 18, 50, 51, 19, 19, 51, 52, 20, 20, 52, 53, 21, 21, 53, 54, 22, 22, 54, 55, 23, 23, 55, 56, 24, 24, 56, 57, 25, 25, 57, 58, 26, 26, 58, 59, 27, 27, 59, 60, 28, 28, 60, 61, 29, 29, 61, 62, 30, 30, 62, 63, 31, 31, 63, 33, 1, 1, 33, 32, 0, 0, 32, 34, 2]
            rel material:binding = </World/Looks/Purpel>
            normal3f[] normals = [(-1.06200237e-16, -1, -4.426521e-8), (-1.06200237e-16, -1, -4.426521e-8), (-1.06200237e-16, -1, -4.426521e-8), (-1.06200237e-16, -1, -4.426521e-8), (-1.06200237e-16, -1, -4.426521e-8), (-1.06200237e-16, -1, -4.426521e-8), (-1.06200237e-16, -1, -4.426521e-8), (-1.06200237e-16, -1, -4.426521e-8), (-1.06200237e-16, -1, -4.426521e-8), (-1.06200237e-16, -1, -4.426521e-8), (-1.06200237e-16, -1, -4.426521e-8), (-1.06200237e-16, -1, -4.426521e-8), (-1.06200237e-16, -1, -4.426521e-8), (-1.06200237e-16, -1, -4.426521e-8), (-1.06200237e-16, -1, -4.426521e-8), (-1.06200237e-16, -1, -4.426521e-8), (-1.06200237e-16, -1, -4.426521e-8), (-1.06200237e-16, -1, -4.426521e-8), (-1.06200237e-16, -1, -4.426521e-8), (-1.06200237e-16, -1, -4.426521e-8), (-1.06200237e-16, -1, -4.426521e-8), (-1.06200237e-16, -1, -4.426521e-8), (-1.06200237e-16, -1, -4.426521e-8), (-1.06200237e-16, -1, -4.426521e-8), (-1.06200237e-16, -1, -4.426521e-8), (-1.06200237e-16, -1, -4.426521e-8), (-1.06200237e-16, -1, -4.426521e-8), (-1.06200237e-16, -1, -4.426521e-8), (-1.06200237e-16, -1, -4.426521e-8), (-1.06200237e-16, -1, -4.426521e-8), (-1.06200237e-16, -1, -4.426521e-8), (-1.06200237e-16, -1, -4.426521e-8), (0, 1, -4.4543608e-8), (0, 1, -4.4543608e-8), (0, 1, -4.4543608e-8), (0, 1, -4.4543608e-8), (0, 1, -4.4543608e-8), (0, 1, -4.4543608e-8), (0, 1, -4.4543608e-8), (0, 1, -4.4543608e-8), (0, 1, -4.4543608e-8), (0, 1, -4.4543608e-8), (0, 1, -4.4543608e-8), (0, 1, -4.4543608e-8), (0, 1, -4.4543608e-8), (0, 1, -4.4543608e-8), (0, 1, -4.4543608e-8), (0, 1, -4.4543608e-8), (0, 1, -4.4543608e-8), (0, 1, -4.4543608e-8), (0, 1, -4.4543608e-8), (0, 1, -4.4543608e-8), (0, 1, -4.4543608e-8), (0, 1, -4.4543608e-8), (0, 1, -4.4543608e-8), (0, 1, -4.4543608e-8), (0, 1, -4.4543608e-8), (0, 1, -4.4543608e-8), (0, 1, -4.4543608e-8), (0, 1, -4.4543608e-8), (0, 1, -4.4543608e-8), (0, 1, -4.4543608e-8), (0, 1, -4.4543608e-8), (0, 1, -4.4543608e-8), (-0.38268352, 0, 0.9238795), (-0.38268352, 0, 0.9238795), (-0.55557024, 0, 0.83146954), (-0.55557024, 0, 0.83146954), (-0.55557024, 0, 0.83146954), (-0.55557024, 0, 0.83146954), (-0.7071067, 0, 0.7071068), (-0.7071067, 0, 0.7071068), (-0.7071067, 0, 0.7071068), (-0.7071067, 0, 0.7071068), (-0.8314695, 0, 0.5555704), (-0.8314695, 0, 0.5555704), (-0.8314695, 0, 0.5555704), (-0.8314695, 0, 0.5555704), (-0.92387944, 0, 0.38268363), (-0.92387944, 0, 0.38268363), (-0.92387944, 0, 0.38268363), (-0.92387944, 0, 0.38268363), (-0.98078525, 0, 0.19509038), (-0.98078525, 0, 0.19509038), (-0.98078525, 0, 0.19509038), (-0.98078525, 0, 0.19509038), (-1, 0, 9.532274e-9), (-1, 0, 9.532274e-9), (-1, 0, 9.532274e-9), (-1, 0, 9.532274e-9), (-0.9807853, 0, -0.19509037), (-0.9807853, 0, -0.19509037), (-0.9807853, 0, -0.19509037), (-0.9807853, 0, -0.19509037), (-0.92387944, 0, -0.38268352), (-0.92387944, 0, -0.38268352), (-0.92387944, 0, -0.38268352), (-0.92387944, 0, -0.38268352), (-0.83146954, 0, -0.5555704), (-0.83146954, 0, -0.5555704), (-0.83146954, 0, -0.5555704), (-0.83146954, 0, -0.5555704), (-0.7071069, 0, -0.7071067), (-0.7071069, 0, -0.7071067), (-0.7071069, 0, -0.7071067), (-0.7071069, 0, -0.7071067), (-0.55557054, 0, -0.8314694), (-0.55557054, 0, -0.8314694), (-0.55557054, 0, -0.8314694), (-0.55557054, 0, -0.8314694), (-0.38268352, 0, -0.9238795), (-0.38268352, 0, -0.9238795), (-0.38268352, 0, -0.9238795), (-0.38268352, 0, -0.9238795), (-0.19509064, 0, -0.98078525), (-0.19509064, 0, -0.98078525), (-0.19509064, 0, -0.98078525), (-0.19509064, 0, -0.98078525), (0, 0, -1), (0, 0, -1), (0, 0, -1), (0, 0, -1), (0.19509064, 0, -0.98078525), (0.19509064, 0, -0.98078525), (0.19509064, 0, -0.98078525), (0.19509064, 0, -0.98078525), (0.38268352, 0, -0.9238795), (0.38268352, 0, -0.9238795), (0.38268352, 0, -0.9238795), (0.38268352, 0, -0.9238795), (0.55557054, 0, -0.8314694), (0.55557054, 0, -0.8314694), (0.55557054, 0, -0.8314694), (0.55557054, 0, -0.8314694), (0.7071069, 0, -0.7071067), (0.7071069, 0, -0.7071067), (0.7071069, 0, -0.7071067), (0.7071069, 0, -0.7071067), (0.83146954, 0, -0.55557036), (0.83146954, 0, -0.55557036), (0.83146954, 0, -0.55557036), (0.83146954, 0, -0.55557036), (0.9238795, 0, -0.3826835), (0.9238795, 0, -0.3826835), (0.9238795, 0, -0.3826835), (0.9238795, 0, -0.3826835), (0.9807853, 0, -0.19509037), (0.9807853, 0, -0.19509037), (0.9807853, 0, -0.19509037), (0.9807853, 0, -0.19509037), (1, 0, 4.766137e-9), (1, 0, 4.766137e-9), (1, 0, 4.766137e-9), (1, 0, 4.766137e-9), (0.98078525, 0, 0.19509037), (0.98078525, 0, 0.19509037), (0.98078525, 0, 0.19509037), (0.98078525, 0, 0.19509037), (0.92387944, 0, 0.38268355), (0.92387944, 0, 0.38268355), (0.92387944, 0, 0.38268355), (0.92387944, 0, 0.38268355), (0.83146954, 0, 0.5555703), (0.83146954, 0, 0.5555703), (0.83146954, 0, 0.5555703), (0.83146954, 0, 0.5555703), (0.7071067, 0, 0.7071068), (0.7071067, 0, 0.7071068), (0.7071067, 0, 0.7071068), (0.7071067, 0, 0.7071068), (0.55557024, 0, 0.83146954), (0.55557024, 0, 0.83146954), (0.55557024, 0, 0.83146954), (0.55557024, 0, 0.83146954), (0.38268352, 0, 0.9238795), (0.38268352, 0, 0.9238795), (0.38268352, 0, 0.9238795), (0.38268352, 0, 0.9238795), (0.19509007, 0, 0.98078537), (0.19509007, 0, 0.98078537), (0.19509007, 0, 0.98078537), (0.19509007, 0, 0.98078537), (0, 0, 1), (0, 0, 1), (0, 0, 1), (0, 0, 1), (-0.19509007, 0, 0.98078537), (-0.19509007, 0, 0.98078537), (-0.19509007, 0, 0.98078537), (-0.19509007, 0, 0.98078537), (-0.38268352, 0, 0.9238795), (-0.38268352, 0, 0.9238795)] (
                interpolation = "faceVarying"
            )
            point3f[] points = [(-0.15966702, -0.009999821, 0.80270034), (1.7129105e-16, -0.009999825, 0.8184262), (-0.31319818, -0.009999821, 0.7561272), (-0.45469323, -0.009999817, 0.68049645), (-0.57871467, -0.0099998135, 0.57871467), (-0.68049645, -0.009999806, 0.45469323), (-0.7561272, -0.009999802, 0.31319818), (-0.80270034, -0.009999795, 0.15966702), (-0.8184262, -0.009999787, 2.0544355e-9), (-0.80270034, -0.00999978, -0.15966702), (-0.7561272, -0.0099997725, -0.31319818), (-0.68049645, -0.009999769, -0.45469323), (-0.57871467, -0.009999761, -0.57871467), (-0.45469323, -0.009999758, -0.68049645), (-0.31319818, -0.009999754, -0.7561272), (-0.15966702, -0.009999754, -0.80270034), (-1.9216324e-16, -0.00999975, -0.8184262), (0.15966702, -0.009999754, -0.80270034), (0.31319818, -0.009999754, -0.7561272), (0.45469323, -0.009999758, -0.68049645), (0.57871467, -0.009999761, -0.57871467), (0.68049645, -0.009999769, -0.45469323), (0.7561272, -0.0099997725, -0.31319818), (0.80270034, -0.00999978, -0.15966702), (0.8184262, -0.009999787, 2.054435e-9), (0.80270034, -0.009999795, 0.15966702), (0.7561272, -0.009999802, 0.31319818), (0.68049645, -0.009999806, 0.45469323), (0.57871467, -0.0099998135, 0.57871467), (0.45469323, -0.009999817, 0.68049645), (0.31319818, -0.009999821, 0.7561272), (0.15966702, -0.009999821, 0.80270034), (-0.15966702, 0.009999821, 0.80270034), (1.7129105e-16, 0.009999825, 0.8184262), (-0.31319818, 0.009999821, 0.7561272), (-0.45469323, 0.009999817, 0.68049645), (-0.57871467, 0.0099998135, 0.57871467), (-0.68049645, 0.009999806, 0.45469323), (-0.7561272, 0.009999802, 0.31319818), (-0.80270034, 0.009999795, 0.15966702), (-0.8184262, 0.009999787, 2.0544355e-9), (-0.80270034, 0.00999978, -0.15966702), (-0.7561272, 0.0099997725, -0.31319818), (-0.68049645, 0.009999769, -0.45469323), (-0.57871467, 0.009999761, -0.57871467), (-0.45469323, 0.009999758, -0.68049645), (-0.31319818, 0.009999754, -0.7561272), (-0.15966702, 0.009999754, -0.80270034), (-1.9216324e-16, 0.00999975, -0.8184262), (0.15966702, 0.009999754, -0.80270034), (0.31319818, 0.009999754, -0.7561272), (0.45469323, 0.009999758, -0.68049645), (0.57871467, 0.009999761, -0.57871467), (0.68049645, 0.009999769, -0.45469323), (0.7561272, 0.0099997725, -0.31319818), (0.80270034, 0.00999978, -0.15966702), (0.8184262, 0.009999787, 2.054435e-9), (0.80270034, 0.009999795, 0.15966702), (0.7561272, 0.009999802, 0.31319818), (0.68049645, 0.009999806, 0.45469323), (0.57871467, 0.0099998135, 0.57871467), (0.45469323, 0.009999817, 0.68049645), (0.31319818, 0.009999821, 0.7561272), (0.15966702, 0.009999821, 0.80270034)]
            texCoord2f[] primvars:st = [(0.5061387, 1.829519e-8), (0.5122774, 1.829519e-8), (0.3229222, 0.009607325), (0.17707759, 0.009607356), (0.3684193, 0.02845282), (0.1315805, 0.028452875), (0.5, 0.034821946), (0.50613874, 0.034821946), (0.5061387, 0.040946316), (0.5122774, 0.040946316), (0.40936562, 0.05581224), (0.09063421, 0.055812337), (0.5, 0.07576824), (0.50613874, 0.07576824), (0.5061387, 0.08644342), (0.5122774, 0.08644342), (0.4441876, 0.09063421), (0.055812236, 0.09063432), (0.5, 0.121265344), (0.50613874, 0.121265344), (0.47154707, 0.1315805), (0.028452815, 0.13158064), (0.5061387, 0.13474287), (0.5122774, 0.13474287), (0.5, 0.1695648), (0.50613874, 0.1695648), (0.4903926, 0.17707759), (0.009607322, 0.17707773), (0.5061387, 0.18398857), (0.5122774, 0.18398857), (0.5, 0.2188105), (0.50613874, 0.2188105), (0.49999997, 0.22537707), (-2.7367806e-8, 0.22537719), (0.50613874, 0.23228803), (0.5122774, 0.23228803), (0.5, 0.26710996), (0.50613874, 0.26710996), (0.49999997, 0.27462277), (-2.6028717e-8, 0.2746229), (0.50613874, 0.27778512), (0.5122774, 0.27778512), (0.5, 0.31260708), (0.50613874, 0.31260708), (0.50613874, 0.3187314), (0.5122774, 0.3187314), (0.49039263, 0.3229222), (0.009607352, 0.32292235), (0.5, 0.35355335), (0.50613874, 0.35355335), (0.50613874, 0.35355335), (0.50613874, 0.35355335), (0.5122774, 0.35355335), (0.5122774, 0.35355335), (0.47154713, 0.36841932), (0.028452871, 0.36841944), (0.5, 0.38837534), (0.50613874, 0.38837534), (0.5, 0.38837537), (0.50613874, 0.38837537), (0.50613874, 0.39449966), (0.5122774, 0.39449966), (0.4441877, 0.40936562), (0.055812333, 0.40936574), (0.5, 0.4231973), (0.50613874, 0.4231973), (0.50613874, 0.43999675), (0.5122774, 0.43999675), (0.40936574, 0.4441876), (0.09063432, 0.4441877), (0.5, 0.4641436), (0.50613874, 0.4641436), (0.36841944, 0.47154707), (0.13158064, 0.47154713), (0.50613874, 0.48829624), (0.5122774, 0.48829624), (0.32292235, 0.4903926), (0.17707773, 0.49039263), (0.22537719, 0.49999997), (0.2746229, 0.49999997), (0.22537708, 0.5), (0.27462277, 0.5), (0.1770776, 0.5096074), (0.32292223, 0.5096074), (0.5, 0.5096407), (0.50613874, 0.5096407), (0.36841932, 0.5284528), (0.13158052, 0.5284529), (0.50613874, 0.5375419), (0.5122774, 0.5375419), (0.40936562, 0.55581224), (0.09063423, 0.55581236), (0.5, 0.5579402), (0.50613874, 0.5579402), (0.50613874, 0.58584136), (0.5122774, 0.58584136), (0.4441876, 0.5906342), (0.055812255, 0.59063435), (0.5, 0.60718584), (0.50613874, 0.60718584), (0.50613874, 0.6313385), (0.5122774, 0.6313385), (0.4715471, 0.63158053), (0.028452834, 0.63158065), (0.5, 0.65548533), (0.50613874, 0.65548533), (0.50613874, 0.6722848), (0.5122774, 0.6722848), (0.4903926, 0.6770776), (0.009607341, 0.6770778), (0.5, 0.7009824), (0.50613874, 0.7009824), (0.49999997, 0.7253771), (-8.157217e-9, 0.7253772), (0.5, 0.7419287), (0.50613874, 0.7419287), (0.5, 0.7746228), (-6.818127e-9, 0.7746229), (0.49039263, 0.8229222), (0.009607372, 0.82292235), (0.47154716, 0.86841935), (0.02845289, 0.86841947), (0.44418773, 0.90936565), (0.05581235, 0.9093658), (0.40936574, 0.94418764), (0.09063434, 0.94418776), (0.36841947, 0.97154707), (0.13158065, 0.9715471), (0.17707776, 0.9903926), (0.32292238, 0.9903926), (0.2253772, 1), (0.2746229, 1), (0.5, -1.829519e-8), (0.50613874, -1.829519e-8), (0.22537707, -2.2564883e-8), (0.27462277, -2.3903974e-8)] (
                interpolation = "faceVarying"
            )
            int[] primvars:st:indices = [26, 32, 38, 46, 54, 62, 68, 72, 76, 79, 78, 77, 73, 69, 63, 55, 47, 39, 33, 27, 21, 17, 11, 5, 3, 134, 135, 2, 4, 10, 16, 20, 96, 102, 108, 112, 116, 118, 120, 122, 124, 126, 129, 131, 130, 128, 127, 125, 123, 121, 119, 117, 113, 109, 103, 97, 91, 87, 82, 80, 81, 83, 86, 90, 36, 37, 43, 42, 42, 43, 50, 48, 48, 50, 57, 56, 0, 1, 9, 8, 8, 9, 15, 14, 14, 15, 23, 22, 22, 23, 29, 28, 28, 29, 35, 34, 34, 35, 41, 40, 40, 41, 45, 44, 44, 45, 53, 49, 107, 106, 100, 101, 101, 100, 94, 95, 95, 94, 88, 89, 89, 88, 74, 75, 75, 74, 66, 67, 67, 66, 60, 61, 61, 60, 51, 52, 115, 114, 110, 111, 111, 110, 104, 105, 105, 104, 98, 99, 99, 98, 92, 93, 93, 92, 84, 85, 85, 84, 70, 71, 71, 70, 64, 65, 65, 64, 58, 59, 132, 133, 7, 6, 6, 7, 13, 12, 12, 13, 19, 18, 18, 19, 25, 24, 24, 25, 31, 30, 30, 31, 37, 36]
            uniform token subdivisionScheme = "none"
        }
    }

    def Xform "Coin_outer"
    {
        float3 xformOp:rotateXYZ = (-90.000015, 5.9421657e-13, -179.99998)
        float3 xformOp:scale = (-100, -100, -100)
        double3 xformOp:translate = (0, 0, 0)
        uniform token[] xformOpOrder = ["xformOp:translate", "xformOp:rotateXYZ", "xformOp:scale"]

        def Mesh "Circle_003"
        {
            float3[] extent = [(-1.6935427, -0.046999834, -1), (1, 0.046999834, 1)]
            int[] faceVertexCounts = [4, 4, 4, 4, 4, 4, 4, 4, 4, 4, 4, 4, 4, 4, 4, 4, 4, 4, 4, 4, 4, 6, 4, 4, 4, 6, 4, 4, 4, 4, 4, 4, 4, 4, 4, 4, 4, 4, 4, 4, 4, 4, 4, 4, 4, 4, 4, 4, 4, 4, 4, 4, 4, 4, 4, 4, 4, 4, 4, 4, 4, 4, 4, 4, 4, 4, 4, 4, 4, 4, 4, 4, 4, 4, 4, 4, 4, 4, 4, 4, 4, 4, 4, 4, 4, 4, 4, 4, 4, 4, 4, 4, 4, 4, 4, 4, 4, 4, 4, 4, 4, 4, 4, 6, 4, 4, 4, 4, 4, 4, 4, 4, 4, 4, 4, 4, 4, 4, 4, 4, 4, 4, 4, 4, 4, 4, 4, 4, 4, 4, 4, 4, 4, 4, 4, 4, 4, 4, 4, 4, 4, 4, 4, 4, 4, 4, 4, 4, 3, 4, 4, 4, 4, 4, 3, 4, 4, 4, 4, 4, 4, 4, 4, 4, 4, 4, 4, 4, 4, 4, 4, 4, 4, 4, 4, 3, 4, 4, 4, 4, 3, 4, 4, 4, 4, 4, 4, 4, 4, 4, 4, 4, 4, 4, 4, 4, 4, 4, 4, 4, 4, 4, 4, 4, 4, 4, 4, 4, 4, 4, 4, 4, 4, 4, 4, 4, 4, 4, 4, 4, 4, 4, 4, 4, 4, 4, 4, 4, 4, 4, 4, 4, 4, 4, 4, 4, 4, 4, 4, 4, 4, 4, 4, 4, 4, 6, 4, 4, 4, 4, 6, 4, 4, 4, 4, 4, 4, 4, 4, 4, 4, 4, 4, 4, 4, 4, 4]
            int[] faceVertexIndices = [237, 267, 246, 216, 66, 65, 68, 69, 67, 66, 69, 70, 65, 71, 7, 68, 71, 72, 8, 7, 72, 73, 9, 8, 73, 67, 70, 9, 227, 226, 256, 257, 266, 236, 235, 265, 140, 143, 142, 139, 141, 144, 143, 140, 139, 142, 81, 145, 145, 81, 82, 146, 146, 82, 83, 147, 147, 83, 144, 141, 212, 211, 241, 242, 214, 244, 267, 237, 223, 222, 252, 253, 228, 227, 257, 258, 225, 224, 254, 255, 213, 212, 242, 243, 144, 186, 207, 184, 142, 143, 226, 225, 255, 256, 218, 217, 247, 248, 217, 215, 245, 247, 141, 140, 139, 145, 146, 147, 266, 239, 209, 236, 224, 223, 253, 254, 219, 249, 250, 220, 215, 216, 246, 245, 219, 218, 248, 249, 265, 235, 234, 264, 229, 228, 258, 259, 208, 209, 239, 238, 263, 233, 232, 262, 264, 234, 233, 263, 259, 260, 230, 229, 261, 231, 230, 260, 221, 220, 250, 251, 262, 232, 231, 261, 211, 210, 240, 241, 210, 208, 238, 240, 0, 1, 148, 149, 1, 2, 150, 148, 2, 3, 151, 150, 3, 4, 152, 151, 4, 5, 153, 152, 5, 6, 154, 153, 10, 11, 155, 156, 11, 12, 157, 155, 12, 13, 158, 157, 13, 14, 159, 158, 14, 15, 160, 159, 15, 16, 161, 160, 16, 17, 162, 161, 17, 18, 163, 162, 18, 19, 164, 163, 19, 20, 165, 164, 20, 21, 166, 165, 21, 22, 167, 166, 22, 23, 168, 167, 23, 24, 169, 168, 24, 25, 170, 169, 25, 26, 171, 170, 26, 27, 172, 171, 27, 28, 173, 172, 28, 29, 174, 173, 29, 30, 175, 174, 30, 31, 176, 175, 31, 0, 149, 176, 6, 64, 177, 154, 64, 10, 156, 177, 75, 74, 179, 178, 76, 75, 178, 180, 77, 76, 180, 181, 78, 77, 181, 182, 79, 78, 182, 183, 80, 79, 183, 184, 85, 84, 186, 185, 86, 85, 185, 187, 87, 86, 187, 188, 88, 87, 188, 189, 89, 88, 189, 190, 90, 89, 190, 191, 91, 90, 191, 192, 92, 91, 192, 193, 93, 92, 193, 194, 94, 93, 194, 195, 95, 94, 195, 196, 96, 95, 196, 197, 97, 96, 197, 198, 98, 97, 198, 199, 99, 98, 199, 200, 100, 99, 200, 201, 101, 100, 201, 202, 102, 101, 202, 203, 103, 102, 203, 204, 104, 103, 204, 205, 105, 104, 205, 206, 74, 105, 206, 179, 138, 80, 184, 207, 84, 138, 207, 186, 216, 10, 64, 237, 67, 73, 72, 71, 65, 66, 222, 221, 251, 252, 214, 237, 64, 6, 214, 213, 243, 244, 55, 129, 128, 54, 56, 130, 129, 55, 57, 131, 130, 56, 58, 132, 131, 57, 59, 133, 132, 58, 60, 134, 133, 59, 61, 135, 134, 60, 62, 136, 135, 61, 63, 137, 136, 62, 33, 107, 137, 63, 32, 106, 107, 33, 34, 108, 106, 32, 35, 109, 108, 34, 36, 110, 109, 35, 37, 111, 110, 36, 38, 112, 111, 37, 39, 113, 112, 38, 40, 114, 113, 39, 41, 115, 114, 40, 42, 116, 115, 41, 43, 117, 116, 42, 44, 118, 117, 43, 45, 119, 118, 44, 46, 120, 119, 45, 47, 121, 120, 46, 48, 122, 121, 47, 49, 123, 122, 48, 50, 124, 123, 49, 51, 125, 124, 50, 52, 126, 125, 51, 53, 127, 126, 52, 54, 128, 127, 53, 175, 176, 63, 62, 63, 176, 149, 33, 33, 149, 148, 32, 32, 148, 150, 34, 34, 150, 151, 35, 35, 151, 152, 36, 36, 152, 153, 37, 37, 153, 154, 38, 38, 154, 68, 39, 68, 7, 39, 39, 7, 8, 40, 68, 154, 177, 69, 69, 177, 156, 70, 40, 8, 9, 41, 41, 9, 70, 42, 70, 156, 42, 42, 156, 155, 43, 43, 155, 157, 44, 44, 157, 158, 45, 45, 158, 159, 46, 46, 159, 160, 47, 47, 160, 161, 48, 48, 161, 162, 49, 49, 162, 163, 50, 50, 163, 164, 51, 51, 164, 165, 52, 52, 165, 166, 53, 53, 166, 167, 54, 54, 167, 168, 55, 55, 168, 169, 56, 170, 57, 56, 169, 58, 57, 170, 171, 59, 58, 171, 172, 60, 59, 172, 173, 61, 60, 173, 174, 62, 61, 174, 175, 116, 186, 144, 115, 116, 144, 83, 114, 115, 83, 82, 113, 114, 82, 81, 112, 113, 81, 142, 142, 184, 112, 111, 112, 184, 183, 110, 111, 183, 182, 109, 110, 182, 181, 108, 109, 181, 180, 106, 108, 180, 178, 107, 106, 178, 179, 179, 206, 137, 107, 206, 205, 136, 137, 205, 204, 135, 136, 204, 203, 134, 135, 203, 202, 133, 134, 202, 201, 132, 133, 201, 200, 131, 132, 200, 199, 130, 131, 199, 198, 129, 130, 198, 197, 128, 129, 197, 196, 127, 128, 127, 196, 195, 126, 195, 194, 125, 126, 194, 193, 124, 125, 193, 192, 123, 124, 192, 191, 122, 123, 191, 190, 121, 122, 120, 121, 190, 189, 119, 120, 189, 188, 118, 119, 188, 187, 117, 118, 187, 185, 116, 117, 185, 186, 254, 93, 94, 255, 255, 94, 95, 256, 256, 95, 96, 257, 257, 96, 97, 258, 258, 97, 98, 259, 259, 98, 99, 260, 260, 99, 100, 261, 261, 100, 101, 262, 262, 101, 102, 263, 263, 102, 103, 264, 264, 103, 104, 265, 265, 104, 105, 266, 266, 105, 74, 239, 239, 74, 75, 238, 238, 75, 76, 240, 240, 76, 77, 241, 241, 77, 78, 242, 242, 78, 79, 243, 79, 80, 244, 243, 244, 80, 138, 267, 267, 138, 84, 246, 246, 84, 85, 245, 245, 85, 86, 247, 247, 86, 87, 248, 248, 87, 88, 249, 249, 88, 89, 250, 250, 89, 90, 251, 91, 252, 251, 90, 252, 91, 92, 253, 253, 92, 93, 254, 215, 11, 10, 216, 217, 12, 11, 215, 218, 13, 12, 217, 219, 14, 13, 218, 220, 15, 14, 219, 221, 16, 15, 220, 15, 16, 221, 17, 222, 220, 223, 18, 17, 222, 224, 19, 18, 223, 225, 20, 19, 224, 226, 21, 20, 225, 226, 22, 227, 225, 20, 21, 228, 23, 22, 227, 229, 24, 23, 228, 230, 25, 24, 229, 231, 26, 25, 230, 232, 27, 26, 231, 233, 28, 27, 232, 234, 29, 28, 233, 235, 30, 29, 234, 236, 31, 30, 235, 209, 0, 31, 236, 208, 1, 0, 209, 210, 2, 1, 208, 211, 3, 2, 210, 212, 4, 3, 211, 213, 5, 4, 212, 6, 5, 213, 214]
            normal3f[] normals = [(-0.44521317, 0, -0.8954246), (-0.44521317, 0, -0.8954246), (-0.44521317, 0, -0.8954246), (-0.44521317, 0, -0.8954246), (0.4352926, 0, -0.90028906), (0.4352926, 0, -0.90028906), (0.4352926, 0, -0.90028906), (0.4352926, 0, -0.90028906), (0.4352926, 0, 0.90028906), (0.4352926, 0, 0.90028906), (0.4352926, 0, 0.90028906), (0.4352926, 0, 0.90028906), (-0.9569404, 0, 0.29028448), (-0.9569404, 0, 0.29028448), (-0.9569404, 0, 0.29028448), (-0.9569404, 0, 0.29028448), (-0.9951847, 0, 0.09801761), (-0.9951847, 0, 0.09801761), (-0.9951847, 0, 0.09801761), (-0.9951847, 0, 0.09801761), (-0.9951847, 0, -0.098017536), (-0.9951847, 0, -0.098017536), (-0.9951847, 0, -0.098017536), (-0.9951847, 0, -0.098017536), (-0.9569404, 0, -0.29028448), (-0.9569404, 0, -0.29028448), (-0.9569404, 0, -0.29028448), (-0.9569404, 0, -0.29028448), (0.88192135, 0, -0.4713967), (0.88192135, 0, -0.4713967), (0.88192135, 0, -0.4713967), (0.88192135, 0, -0.4713967), (0.2902853, 0, 0.9569402), (0.2902853, 0, 0.9569402), (0.2902853, 0, 0.9569402), (0.2902853, 0, 0.9569402), (0.4352926, 0, -0.90028906), (0.4352926, 0, -0.90028906), (0.4352926, 0, -0.90028906), (0.4352926, 0, -0.90028906), (0.4352926, 9.0488804e-8, 0.90028906), (0.4352926, 9.0488804e-8, 0.90028906), (0.4352926, 9.0488804e-8, 0.90028906), (0.4352926, 9.0488804e-8, 0.90028906), (-0.9569404, 0, 0.29028448), (-0.9569404, 0, 0.29028448), (-0.9569404, 0, 0.29028448), (-0.9569404, 0, 0.29028448), (-0.9951847, 2.2011255e-7, 0.09801761), (-0.9951847, 2.2011255e-7, 0.09801761), (-0.9951847, 2.2011255e-7, 0.09801761), (-0.9951847, 2.2011255e-7, 0.09801761), (-0.9951847, 0, -0.098017536), (-0.9951847, 0, -0.098017536), (-0.9951847, 0, -0.098017536), (-0.9951847, 0, -0.098017536), (-0.9569404, 0, -0.29028448), (-0.9569404, 0, -0.29028448), (-0.9569404, 0, -0.29028448), (-0.9569404, 0, -0.29028448), (-0.6343933, 0, 0.7730105), (-0.6343933, 0, 0.7730105), (-0.6343933, 0, 0.7730105), (-0.6343933, 0, 0.7730105), (-0.44521314, 0, 0.8954246), (-0.44521314, 0, 0.8954246), (-0.44521314, 0, 0.8954246), (-0.44521314, 0, 0.8954246), (0.29028425, 0, -0.9569404), (0.29028425, 0, -0.9569404), (0.29028425, 0, -0.9569404), (0.29028425, 0, -0.9569404), (0.95694035, 0, -0.29028457), (0.95694035, 0, -0.29028457), (0.95694035, 0, -0.29028457), (0.95694035, 0, -0.29028457), (0.63439345, 0, -0.7730103), (0.63439345, 0, -0.7730103), (0.63439345, 0, -0.7730103), (0.63439345, 0, -0.7730103), (-0.7730104, 0, 0.6343934), (-0.7730104, 0, 0.6343934), (-0.7730104, 0, 0.6343934), (-0.7730104, 0, 0.6343934), (2.8977425e-9, 1, -2.0760875e-9), (5.9667343e-10, 1, 1.6154303e-9), (0, 1, 0), (-5.9667365e-10, 1, -2.8312863e-8), (-2.8977418e-9, 1, -1.20749e-8), (0, 1, 0), (0.77301055, 0, -0.6343932), (0.77301055, 0, -0.6343932), (0.77301055, 0, -0.6343932), (0.77301055, 0, -0.6343932), (-0.63439345, 0, -0.7730103), (-0.63439345, 0, -0.7730103), (-0.63439345, 0, -0.7730103), (-0.63439345, 0, -0.7730103), (-0.77301055, 0, -0.6343932), (-0.77301055, 0, -0.6343932), (-0.77301055, 0, -0.6343932), (-0.77301055, 0, -0.6343932), (0, 1, -4.323155e-8), (0, 1, -4.323155e-8), (0, 1, -4.323155e-8), (0, 1, -4.323155e-8), (0, 1, -4.323155e-8), (0, 1, -4.323155e-8), (0.09801734, 0, 0.9951847), (0.09801734, 0, 0.9951847), (0.09801734, 0, 0.9951847), (0.09801734, 0, 0.9951847), (0.47139627, 0, -0.88192147), (0.47139627, 0, -0.88192147), (0.47139627, 0, -0.88192147), (0.47139627, 0, -0.88192147), (-0.29028404, 0, -0.9569405), (-0.29028404, 0, -0.9569405), (-0.29028404, 0, -0.9569405), (-0.29028404, 0, -0.9569405), (-0.88192135, 0, -0.4713966), (-0.88192135, 0, -0.4713966), (-0.88192135, 0, -0.4713966), (-0.88192135, 0, -0.4713966), (-0.47139627, 0, -0.88192147), (-0.47139627, 0, -0.88192147), (-0.47139627, 0, -0.88192147), (-0.47139627, 0, -0.88192147), (0.47139686, 0, 0.8819212), (0.47139686, 0, 0.8819212), (0.47139686, 0, 0.8819212), (0.47139686, 0, 0.8819212), (0.99518466, 0, -0.098017246), (0.99518466, 0, -0.098017246), (0.99518466, 0, -0.098017246), (0.99518466, 0, -0.098017246), (-0.09801734, 0, 0.9951847), (-0.09801734, 0, 0.9951847), (-0.09801734, 0, 0.9951847), (-0.09801734, 0, 0.9951847), (0.7730103, 0, 0.6343934), (0.7730103, 0, 0.6343934), (0.7730103, 0, 0.6343934), (0.7730103, 0, 0.6343934), (0.6343932, 0, 0.77301055), (0.6343932, 0, 0.77301055), (0.6343932, 0, 0.77301055), (0.6343932, 0, 0.77301055), (0.9951847, 0, 0.098017246), (0.9951847, 0, 0.098017246), (0.9951847, 0, 0.098017246), (0.9951847, 0, 0.098017246), (0.95694035, 0, 0.29028454), (0.95694035, 0, 0.29028454), (0.95694035, 0, 0.29028454), (0.95694035, 0, 0.29028454), (-0.09801756, 0, -0.99518466), (-0.09801756, 0, -0.99518466), (-0.09801756, 0, -0.99518466), (-0.09801756, 0, -0.99518466), (0.88192135, 0, 0.4713965), (0.88192135, 0, 0.4713965), (0.88192135, 0, 0.4713965), (0.88192135, 0, 0.4713965), (-0.4713967, 0, 0.8819213), (-0.4713967, 0, 0.8819213), (-0.4713967, 0, 0.8819213), (-0.4713967, 0, 0.8819213), (-0.29028505, 0, 0.9569402), (-0.29028505, 0, 0.9569402), (-0.29028505, 0, 0.9569402), (-0.29028505, 0, 0.9569402), (-0.098017186, 0, 0.9951847), (-0.098017186, 0, 0.9951847), (-0.098017186, 0, 0.9951847), (-0.098017186, 0, 0.9951847), (-0.29028493, 0, 0.95694023), (-0.29028493, 0, 0.95694023), (-0.29028493, 0, 0.95694023), (-0.29028493, 0, 0.95694023), (-0.4713968, 0, 0.8819213), (-0.4713968, 0, 0.8819213), (-0.4713968, 0, 0.8819213), (-0.4713968, 0, 0.8819213), (-0.6343934, 0, 0.7730104), (-0.6343934, 0, 0.7730104), (-0.6343934, 0, 0.7730104), (-0.6343934, 0, 0.7730104), (-0.7730103, 0, 0.63439345), (-0.7730103, 0, 0.63439345), (-0.7730103, 0, 0.63439345), (-0.7730103, 0, 0.63439345), (-0.8819211, 0, 0.47139695), (-0.8819211, 0, 0.47139695), (-0.8819211, 0, 0.47139695), (-0.8819211, 0, 0.47139695), (-0.8819213, 0, -0.47139663), (-0.8819213, 0, -0.47139663), (-0.8819213, 0, -0.47139663), (-0.8819213, 0, -0.47139663), (-0.7730106, 0, -0.6343931), (-0.7730106, 0, -0.6343931), (-0.7730106, 0, -0.6343931), (-0.7730106, 0, -0.6343931), (-0.63439345, 0, -0.7730103), (-0.63439345, 0, -0.7730103), (-0.63439345, 0, -0.7730103), (-0.63439345, 0, -0.7730103), (-0.4713963, 0, -0.88192147), (-0.4713963, 0, -0.88192147), (-0.4713963, 0, -0.88192147), (-0.4713963, 0, -0.88192147), (-0.29028496, 0, -0.9569402), (-0.29028496, 0, -0.9569402), (-0.29028496, 0, -0.9569402), (-0.29028496, 0, -0.9569402), (-0.09801716, 0, -0.9951848), (-0.09801716, 0, -0.9951848), (-0.09801716, 0, -0.9951848), (-0.09801716, 0, -0.9951848), (0.09801716, 0, -0.9951848), (0.09801716, 0, -0.9951848), (0.09801716, 0, -0.9951848), (0.09801716, 0, -0.9951848), (0.29028496, 0, -0.9569402), (0.29028496, 0, -0.9569402), (0.29028496, 0, -0.9569402), (0.29028496, 0, -0.9569402), (0.4713963, 0, -0.88192147), (0.4713963, 0, -0.88192147), (0.4713963, 0, -0.88192147), (0.4713963, 0, -0.88192147), (0.63439345, 0, -0.7730103), (0.63439345, 0, -0.7730103), (0.63439345, 0, -0.7730103), (0.63439345, 0, -0.7730103), (0.7730106, 0, -0.6343931), (0.7730106, 0, -0.6343931), (0.7730106, 0, -0.6343931), (0.7730106, 0, -0.6343931), (0.88192135, 0, -0.47139657), (0.88192135, 0, -0.47139657), (0.88192135, 0, -0.47139657), (0.88192135, 0, -0.47139657), (0.9569403, 0, -0.29028457), (0.9569403, 0, -0.29028457), (0.9569403, 0, -0.29028457), (0.9569403, 0, -0.29028457), (0.99518466, 0, -0.09801731), (0.99518466, 0, -0.09801731), (0.99518466, 0, -0.09801731), (0.99518466, 0, -0.09801731), (0.99518466, 0, 0.098017275), (0.99518466, 0, 0.098017275), (0.99518466, 0, 0.098017275), (0.99518466, 0, 0.098017275), (0.9569403, 0, 0.29028457), (0.9569403, 0, 0.29028457), (0.9569403, 0, 0.29028457), (0.9569403, 0, 0.29028457), (0.8819211, 0, 0.47139686), (0.8819211, 0, 0.47139686), (0.8819211, 0, 0.47139686), (0.8819211, 0, 0.47139686), (0.7730103, 0, 0.63439345), (0.7730103, 0, 0.63439345), (0.7730103, 0, 0.63439345), (0.7730103, 0, 0.63439345), (0.6343934, 0, 0.7730104), (0.6343934, 0, 0.7730104), (0.6343934, 0, 0.7730104), (0.6343934, 0, 0.7730104), (0.4713968, 0, 0.8819213), (0.4713968, 0, 0.8819213), (0.4713968, 0, 0.8819213), (0.4713968, 0, 0.8819213), (0.29028493, 0, 0.95694023), (0.29028493, 0, 0.95694023), (0.29028493, 0, 0.95694023), (0.29028493, 0, 0.95694023), (0.098017186, 0, 0.9951847), (0.098017186, 0, 0.9951847), (0.098017186, 0, 0.9951847), (0.098017186, 0, 0.9951847), (-0.44521317, 0, 0.8954246), (-0.44521317, 0, 0.8954246), (-0.44521317, 0, 0.8954246), (-0.44521317, 0, 0.8954246), (-0.44521317, 0, -0.8954246), (-0.44521317, 0, -0.8954246), (-0.44521317, 0, -0.8954246), (-0.44521317, 0, -0.8954246), (-0.098017186, 0, 0.9951847), (-0.098017186, 0, 0.9951847), (-0.098017186, 0, 0.9951847), (-0.098017186, 0, 0.9951847), (-0.29028493, 0, 0.95694023), (-0.29028493, 0, 0.95694023), (-0.29028493, 0, 0.95694023), (-0.29028493, 0, 0.95694023), (-0.4713968, 0, 0.8819213), (-0.4713968, 0, 0.8819213), (-0.4713968, 0, 0.8819213), (-0.4713968, 0, 0.8819213), (-0.6343934, 0, 0.7730104), (-0.6343934, 0, 0.7730104), (-0.6343934, 0, 0.7730104), (-0.6343934, 0, 0.7730104), (-0.7730103, 0, 0.63439345), (-0.7730103, 0, 0.63439345), (-0.7730103, 0, 0.63439345), (-0.7730103, 0, 0.63439345), (-0.8819211, 0, 0.47139686), (-0.8819211, 0, 0.47139686), (-0.8819211, 0, 0.47139686), (-0.8819211, 0, 0.47139686), (-0.88192135, 0, -0.47139657), (-0.88192135, 0, -0.47139657), (-0.88192135, 0, -0.47139657), (-0.88192135, 0, -0.47139657), (-0.7730106, 0, -0.6343931), (-0.7730106, 0, -0.6343931), (-0.7730106, 0, -0.6343931), (-0.7730106, 0, -0.6343931), (-0.63439345, 0, -0.7730103), (-0.63439345, 0, -0.7730103), (-0.63439345, 0, -0.7730103), (-0.63439345, 0, -0.7730103), (-0.4713963, 0, -0.88192147), (-0.4713963, 0, -0.88192147), (-0.4713963, 0, -0.88192147), (-0.4713963, 0, -0.88192147), (-0.29028496, 0, -0.9569402), (-0.29028496, 0, -0.9569402), (-0.29028496, 0, -0.9569402), (-0.29028496, 0, -0.9569402), (-0.09801716, 0, -0.9951848), (-0.09801716, 0, -0.9951848), (-0.09801716, 0, -0.9951848), (-0.09801716, 0, -0.9951848), (0.09801716, 0, -0.9951848), (0.09801716, 0, -0.9951848), (0.09801716, 0, -0.9951848), (0.09801716, 0, -0.9951848), (0.29028496, 0, -0.9569402), (0.29028496, 0, -0.9569402), (0.29028496, 0, -0.9569402), (0.29028496, 0, -0.9569402), (0.4713963, 0, -0.88192147), (0.4713963, 0, -0.88192147), (0.4713963, 0, -0.88192147), (0.4713963, 0, -0.88192147), (0.63439345, 0, -0.7730103), (0.63439345, 0, -0.7730103), (0.63439345, 0, -0.7730103), (0.63439345, 0, -0.7730103), (0.7730106, 0, -0.6343931), (0.7730106, 0, -0.6343931), (0.7730106, 0, -0.6343931), (0.7730106, 0, -0.6343931), (0.8819213, 0, -0.47139663), (0.8819213, 0, -0.47139663), (0.8819213, 0, -0.47139663), (0.8819213, 0, -0.47139663), (0.9569403, 0, -0.29028457), (0.9569403, 0, -0.29028457), (0.9569403, 0, -0.29028457), (0.9569403, 0, -0.29028457), (0.99518466, 0, -0.09801731), (0.99518466, 0, -0.09801731), (0.99518466, 0, -0.09801731), (0.99518466, 0, -0.09801731), (0.99518466, 0, 0.098017275), (0.99518466, 0, 0.098017275), (0.99518466, 0, 0.098017275), (0.99518466, 0, 0.098017275), (0.9569403, 0, 0.29028457), (0.9569403, 0, 0.29028457), (0.9569403, 0, 0.29028457), (0.9569403, 0, 0.29028457), (0.8819211, 0, 0.47139695), (0.8819211, 0, 0.47139695), (0.8819211, 0, 0.47139695), (0.8819211, 0, 0.47139695), (0.7730103, 0, 0.63439345), (0.7730103, 0, 0.63439345), (0.7730103, 0, 0.63439345), (0.7730103, 0, 0.63439345), (0.6343934, 0, 0.7730104), (0.6343934, 0, 0.7730104), (0.6343934, 0, 0.7730104), (0.6343934, 0, 0.7730104), (0.4713968, 0, 0.8819213), (0.4713968, 0, 0.8819213), (0.4713968, 0, 0.8819213), (0.4713968, 0, 0.8819213), (0.29028493, 0, 0.95694023), (0.29028493, 0, 0.95694023), (0.29028493, 0, 0.95694023), (0.29028493, 0, 0.95694023), (0.098017186, 0, 0.9951847), (0.098017186, 0, 0.9951847), (0.098017186, 0, 0.9951847), (0.098017186, 0, 0.9951847), (-0.44521317, 0, 0.8954246), (-0.44521317, 0, 0.8954246), (-0.44521317, 0, 0.8954246), (-0.44521317, 0, 0.8954246), (-0.44521317, 0, -0.8954246), (-0.44521317, 0, -0.8954246), (-0.44521317, 0, -0.8954246), (-0.44521317, 0, -0.8954246), (-2.1941245e-8, 1, 3.35244e-7), (-2.194112e-8, 1, 3.3524836e-7), (-9.624895e-16, 1, -1.1026153e-7), (-9.941567e-16, 1, -1.1026158e-7), (0, -1, -4.1668965e-8), (0, -1, -4.1668965e-8), (0, -1, -4.1668965e-8), (0, -1, -4.1668965e-8), (0, -1, -4.1668965e-8), (0, -1, -4.1668965e-8), (0.09801756, 0, -0.99518466), (0.09801756, 0, -0.99518466), (0.09801756, 0, -0.99518466), (0.09801756, 0, -0.99518466), (2.1941277e-8, 1, -2.462319e-7), (-9.941567e-16, 1, -1.1026158e-7), (-9.624895e-16, 1, -1.1026153e-7), (2.194115e-8, 1, -2.4623884e-7), (-0.8819214, 0, 0.4713965), (-0.8819214, 0, 0.4713965), (-0.8819214, 0, 0.4713965), (-0.8819214, 0, 0.4713965), (-0.9807853, 0, 0.19509034), (-0.9807853, 0, 0.19509034), (-0.9238795, 0, 0.38268355), (-0.9238795, 0, 0.38268355), (-1, 0, -9.5322745e-9), (-1, 0, -9.5322745e-9), (-0.9807853, 0, 0.19509034), (-0.9807853, 0, 0.19509034), (-0.98078525, 0, -0.19509037), (-0.98078525, 0, -0.19509037), (-1, 0, -9.5322745e-9), (-1, 0, -9.5322745e-9), (-0.9238795, 0, -0.3826835), (-0.9238795, 0, -0.3826835), (-0.98078525, 0, -0.19509037), (-0.98078525, 0, -0.19509037), (-0.83146954, 0, -0.55557036), (-0.83146954, 0, -0.55557036), (-0.9238795, 0, -0.3826835), (-0.9238795, 0, -0.3826835), (-0.7071068, 0, -0.7071067), (-0.7071068, 0, -0.7071067), (-0.83146954, 0, -0.55557036), (-0.83146954, 0, -0.55557036), (-0.55557054, 0, -0.8314694), (-0.55557054, 0, -0.8314694), (-0.7071068, 0, -0.7071067), (-0.7071068, 0, -0.7071067), (-0.38268363, 0, -0.9238794), (-0.38268363, 0, -0.9238794), (-0.55557054, 0, -0.8314694), (-0.55557054, 0, -0.8314694), (-0.19509073, 0, -0.98078525), (-0.19509073, 0, -0.98078525), (-0.38268363, 0, -0.9238794), (-0.38268363, 0, -0.9238794), (0, 0, -1), (0, 0, -1), (-0.19509073, 0, -0.98078525), (-0.19509073, 0, -0.98078525), (0.19509073, 0, -0.98078525), (0.19509073, 0, -0.98078525), (0, 0, -1), (0, 0, -1), (0.38268363, 0, -0.9238794), (0.38268363, 0, -0.9238794), (0.19509073, 0, -0.98078525), (0.19509073, 0, -0.98078525), (0.55557036, 0, -0.8314695), (0.55557036, 0, -0.8314695), (0.38268363, 0, -0.9238794), (0.38268363, 0, -0.9238794), (0.7071067, 0, -0.7071068), (0.7071067, 0, -0.7071068), (0.55557036, 0, -0.8314695), (0.55557036, 0, -0.8314695), (0.8314695, 0, -0.5555704), (0.8314695, 0, -0.5555704), (0.7071067, 0, -0.7071068), (0.7071067, 0, -0.7071068), (0.9238795, 0, -0.38268355), (0.9238795, 0, -0.38268355), (0.8314695, 0, -0.5555704), (0.8314695, 0, -0.5555704), (0.98078525, 0, -0.19509037), (0.98078525, 0, -0.19509037), (0.9238795, 0, -0.38268355), (0.9238795, 0, -0.38268355), (1, 0, -9.5322745e-9), (1, 0, -9.5322745e-9), (0.98078525, 0, -0.19509037), (0.98078525, 0, -0.19509037), (0.9807853, 0, 0.19509035), (0.9807853, 0, 0.19509035), (1, 0, -9.5322745e-9), (1, 0, -9.5322745e-9), (0.92387944, 0, 0.38268355), (0.92387944, 0, 0.38268355), (0.9807853, 0, 0.19509035), (0.9807853, 0, 0.19509035), (0.83146954, 0, 0.5555705), (0.83146954, 0, 0.5555705), (0.92387944, 0, 0.38268355), (0.92387944, 0, 0.38268355), (0.7071067, 0, 0.7071069), (0.7071067, 0, 0.7071069), (0.83146954, 0, 0.5555705), (0.83146954, 0, 0.5555705), (0.55557024, 0, 0.8314696), (0.55557024, 0, 0.8314696), (0.7071067, 0, 0.7071069), (0.7071067, 0, 0.7071069), (0.38268328, 0, 0.9238796), (0.38268328, 0, 0.9238796), (0.55557024, 0, 0.8314696), (0.55557024, 0, 0.8314696), (0.19509009, 0, 0.98078537), (0.19509009, 0, 0.98078537), (0.38268328, 0, 0.9238796), (0.38268328, 0, 0.9238796), (0, 0, 1), (0, 0, 1), (0.19509009, 0, 0.98078537), (0.19509009, 0, 0.98078537), (-0.19509009, 0, 0.98078537), (-0.19509009, 0, 0.98078537), (0, 0, 1), (0, 0, 1), (-0.38268328, 0, 0.9238796), (-0.38268328, 0, 0.9238796), (-0.19509009, 0, 0.98078537), (-0.19509009, 0, 0.98078537), (-0.5555704, 0, 0.83146954), (-0.5555704, 0, 0.83146954), (-0.38268328, 0, 0.9238796), (-0.38268328, 0, 0.9238796), (-0.7071069, 0, 0.7071067), (-0.7071069, 0, 0.7071067), (-0.5555704, 0, 0.83146954), (-0.5555704, 0, 0.83146954), (-0.83146954, 0, 0.5555704), (-0.83146954, 0, 0.5555704), (-0.7071069, 0, 0.7071067), (-0.7071069, 0, 0.7071067), (-0.9238795, 0, 0.38268355), (-0.9238795, 0, 0.38268355), (-0.83146954, 0, 0.5555704), (-0.83146954, 0, 0.5555704), (-2.9823046e-9, -1, -3.6145607e-8), (1.9371413e-10, -1, -3.6145607e-8), (1.9371431e-10, -1, -3.6145607e-8), (-2.9823044e-9, -1, -3.6145607e-8), (1.9371431e-10, -1, -3.6145607e-8), (1.9371413e-10, -1, -3.6145607e-8), (0, -1, -3.072377e-8), (0, -1, -3.072377e-8), (0, -1, -3.072377e-8), (0, -1, -3.072377e-8), (-1.9372107e-10, -1, -4.1567446e-8), (-1.9372122e-10, -1, -4.1567443e-8), (-1.9372122e-10, -1, -4.1567443e-8), (-1.9372107e-10, -1, -4.1567446e-8), (2.982298e-9, -1, -3.9760167e-8), (2.9822975e-9, -1, -3.9760163e-8), (2.9822975e-9, -1, -3.9760163e-8), (2.982298e-9, -1, -3.9760167e-8), (-1.806563e-9, -1, -2.8916485e-8), (-1.8065633e-9, -1, -2.8916485e-8), (-1.8065633e-9, -1, -2.8916485e-8), (-1.806563e-9, -1, -2.8916485e-8), (-3.0066416e-10, -1, -3.6145604e-8), (-3.0066408e-10, -1, -3.6145607e-8), (-3.0066408e-10, -1, -3.6145607e-8), (-3.0066416e-10, -1, -3.6145604e-8), (1.2460281e-9, -1, -6.506208e-8), (1.2460286e-9, -1, -6.5062075e-8), (1.2460286e-9, -1, -6.5062075e-8), (1.2460281e-9, -1, -6.506208e-8), (-6.6650614e-9, -1, -5.443636e-8), (-4.4656714e-9, -1, -6.896651e-8), (-4.4656714e-9, -1, -6.896651e-8), (-6.6650614e-9, -1, -5.443636e-8), (-1.1673256e-8, -1, -1.6269754e-8), (-6.4114434e-9, -1, -4.2278273e-8), (-1.1673256e-8, -1, -1.6269754e-8), (-7.1412747e-9, -1, -2.7721327e-8), (-6.4114434e-9, -1, -4.2278273e-8), (-6.4114434e-9, -1, -4.2278273e-8), (-7.1412747e-9, -1, -2.7721327e-8), (0, -1, -4.197266e-8), (0, -1, -4.1972655e-8), (-1.1673256e-8, -1, -1.6269754e-8), (-6.6650614e-9, -1, -5.443636e-8), (-5.7749372e-15, -1, -3.3766202e-8), (-1.3200989e-15, -1, -3.376621e-8), (-1.3200989e-15, -1, -3.376621e-8), (-5.7749372e-15, -1, -3.3766202e-8), (3.5061567e-9, -1, -4.1963684e-8), (1.0067422e-8, -1, -5.2958843e-8), (0, -1, -4.1972655e-8), (0, -1, -4.197266e-8), (6.93071e-9, -1, -4.5722683e-8), (6.8858075e-9, -1, -4.5414723e-8), (6.8858075e-9, -1, -4.5414723e-8), (6.93071e-9, -1, -4.5722683e-8), (1.0067422e-8, -1, -5.2958843e-8), (4.9369344e-9, -1, -6.3982036e-8), (1.0067422e-8, -1, -5.2958843e-8), (3.5061567e-9, -1, -4.1963684e-8), (4.9369344e-9, -1, -6.3982036e-8), (4.9369344e-9, -1, -6.3982036e-8), (3.5061567e-9, -1, -4.1963684e-8), (-1.2460283e-9, -1, -6.506207e-8), (-1.246029e-9, -1, -6.506207e-8), (-1.246029e-9, -1, -6.506207e-8), (-1.2460283e-9, -1, -6.506207e-8), (3.006646e-10, -1, -5.060385e-8), (3.006646e-10, -1, -5.0603855e-8), (3.006646e-10, -1, -5.0603855e-8), (3.006646e-10, -1, -5.060385e-8), (1.8065635e-9, -1, -3.253105e-8), (1.8065639e-9, -1, -3.253105e-8), (1.8065639e-9, -1, -3.253105e-8), (1.8065635e-9, -1, -3.253105e-8), (-2.9823046e-9, -1, -4.698929e-8), (-2.9823044e-9, -1, -4.6989285e-8), (-2.9823044e-9, -1, -4.6989285e-8), (-2.9823046e-9, -1, -4.698929e-8), (1.9371413e-10, -1, -5.060385e-8), (1.9371431e-10, -1, -5.0603845e-8), (1.9371431e-10, -1, -5.0603845e-8), (1.9371413e-10, -1, -5.060385e-8), (0, -1, -2.8916487e-8), (0, -1, -2.8916487e-8), (0, -1, -2.8916487e-8), (0, -1, -2.8916487e-8), (-1.9372107e-10, -1, -5.4218408e-8), (-1.9372122e-10, -1, -5.4218404e-8), (-1.9372122e-10, -1, -5.4218404e-8), (-1.9372107e-10, -1, -5.4218408e-8), (2.982298e-9, -1, -4.6989285e-8), (2.9822975e-9, -1, -4.698928e-8), (2.9822975e-9, -1, -4.698928e-8), (2.982298e-9, -1, -4.6989285e-8), (-1.806563e-9, -1, -2.8916485e-8), (-1.8065633e-9, -1, -2.8916485e-8), (-1.8065633e-9, -1, -2.8916485e-8), (-1.806563e-9, -1, -2.8916485e-8), (-3.0066416e-10, -1, -5.0603848e-8), (-3.0066408e-10, -1, -5.0603845e-8), (-3.0066408e-10, -1, -5.0603845e-8), (-3.0066416e-10, -1, -5.0603848e-8), (1.2460281e-9, -1, -5.783296e-8), (1.2460286e-9, -1, -5.7832963e-8), (1.2460286e-9, -1, -5.7832963e-8), (1.2460281e-9, -1, -5.783296e-8), (-6.828919e-9, -1, -5.783296e-8), (-6.8289188e-9, -1, -5.7832963e-8), (-6.8289188e-9, -1, -5.7832963e-8), (-6.828919e-9, -1, -5.783296e-8), (-8.115813e-9, -1, -2.8916485e-8), (-8.115812e-9, -1, -2.8916482e-8), (-8.115812e-9, -1, -2.8916482e-8), (-8.115813e-9, -1, -2.8916485e-8), (0, -1, -2.8916496e-8), (0, -1, -2.8916496e-8), (8.115813e-9, -1, -5.0603862e-8), (8.115812e-9, -1, -5.060386e-8), (0, -1, -2.8916496e-8), (0, -1, -2.8916496e-8), (6.8289188e-9, -1, -5.783297e-8), (8.115812e-9, -1, -5.060386e-8), (8.115813e-9, -1, -5.0603862e-8), (6.828919e-9, -1, -5.783296e-8), (-1.2460285e-9, -1, -5.7832963e-8), (6.8289188e-9, -1, -5.783297e-8), (6.828919e-9, -1, -5.783296e-8), (-1.2460281e-9, -1, -5.783297e-8), (3.0066408e-10, -1, -3.6145607e-8), (-1.2460285e-9, -1, -5.7832963e-8), (-1.2460281e-9, -1, -5.783297e-8), (3.0066416e-10, -1, -3.6145604e-8), (1.8065633e-9, -1, -2.8916485e-8), (3.0066408e-10, -1, -3.6145607e-8), (3.0066416e-10, -1, -3.6145604e-8), (1.806563e-9, -1, -2.8916485e-8), (-2.9823044e-9, -1, -3.6145607e-8), (1.8065633e-9, -1, -2.8916485e-8), (1.806563e-9, -1, -2.8916485e-8), (-2.9823046e-9, -1, -3.6145607e-8), (4.9369344e-9, 1, -5.9833795e-8), (5.9667343e-10, 1, 1.6154303e-9), (2.8977425e-9, 1, -2.0760875e-9), (6.8858075e-9, 1, -4.1888274e-8), (4.9369344e-9, 1, -5.9833795e-8), (2.8977425e-9, 1, -2.0760875e-9), (6.93071e-9, 1, -4.225752e-8), (0, 1, -4.459595e-8), (6.8858075e-9, 1, -4.1888274e-8), (6.93071e-9, 1, -4.225752e-8), (0, 1, -4.4595943e-8), (-6.885806e-9, 1, -5.3950945e-8), (0, 1, -4.459595e-8), (0, 1, -4.4595943e-8), (-6.9307085e-9, 1, -5.3699125e-8), (-4.9369335e-9, 1, -5.35432e-8), (-6.885806e-9, 1, -5.3950945e-8), (-6.9307085e-9, 1, -5.3699125e-8), (-2.8977418e-9, 1, -1.20749e-8), (-2.8977418e-9, 1, -1.20749e-8), (-5.9667365e-10, 1, -2.8312863e-8), (-4.9369335e-9, 1, -5.35432e-8), (1.2460285e-9, 1, -5.7832963e-8), (-4.9369335e-9, 1, -5.35432e-8), (-5.9667365e-10, 1, -2.8312863e-8), (1.2460281e-9, 1, -5.783297e-8), (-3.0066408e-10, 1, -3.6145607e-8), (1.2460285e-9, 1, -5.7832963e-8), (1.2460281e-9, 1, -5.783297e-8), (-3.0066416e-10, 1, -3.6145604e-8), (-1.8065633e-9, 1, -2.8916485e-8), (-3.0066408e-10, 1, -3.6145607e-8), (-3.0066416e-10, 1, -3.6145604e-8), (-1.806563e-9, 1, -2.8916485e-8), (2.9822975e-9, 1, -4.3374726e-8), (-1.8065633e-9, 1, -2.8916485e-8), (-1.806563e-9, 1, -2.8916485e-8), (2.982298e-9, 1, -4.3374726e-8), (-1.9372122e-10, 1, -4.3374722e-8), (2.9822975e-9, 1, -4.3374726e-8), (2.982298e-9, 1, -4.3374726e-8), (-1.9372107e-10, 1, -4.337473e-8), (3.4592027e-15, 1, -2.8916487e-8), (-1.9372122e-10, 1, -4.3374722e-8), (-1.9372107e-10, 1, -4.337473e-8), (3.317103e-15, 1, -2.8916487e-8), (3.317103e-15, 1, -2.8916487e-8), (1.9372438e-10, 1, -2.8916485e-8), (1.9372469e-10, 1, -2.8916485e-8), (3.4592027e-15, 1, -2.8916487e-8), (1.9372438e-10, 1, -2.8916485e-8), (-2.982298e-9, 1, -3.6145607e-8), (-2.9822975e-9, 1, -3.614561e-8), (1.9372469e-10, 1, -2.8916485e-8), (-2.982298e-9, 1, -3.6145607e-8), (1.8065632e-9, 1, -3.614561e-8), (1.8065636e-9, 1, -3.614561e-8), (-2.9822975e-9, 1, -3.614561e-8), (1.8065632e-9, 1, -3.614561e-8), (3.0066447e-10, 1, -3.6145607e-8), (3.0066435e-10, 1, -3.6145607e-8), (1.8065636e-9, 1, -3.614561e-8), (3.0066447e-10, 1, -3.6145607e-8), (-1.2460282e-9, 1, -6.5062075e-8), (-1.2460286e-9, 1, -6.5062075e-8), (3.0066435e-10, 1, -3.6145607e-8), (-1.2460282e-9, 1, -6.5062075e-8), (6.8289174e-9, 1, -5.783295e-8), (6.8289165e-9, 1, -5.783296e-8), (-1.2460286e-9, 1, -6.5062075e-8), (6.8289174e-9, 1, -5.783295e-8), (8.115811e-9, 1, -4.0663814e-8), (8.11581e-9, 1, -4.066381e-8), (6.8289165e-9, 1, -5.783296e-8), (8.115811e-9, 1, -4.0663814e-8), (0, 1, -3.433834e-8), (0, 1, -3.433834e-8), (8.11581e-9, 1, -4.066381e-8), (0, 1, -3.433834e-8), (-8.115811e-9, 1, -3.343468e-8), (-8.11581e-9, 1, -3.343468e-8), (0, 1, -3.433834e-8), (-8.115811e-9, 1, -3.343468e-8), (-6.8289174e-9, 1, -5.783295e-8), (-6.8289165e-9, 1, -5.7832953e-8), (-8.11581e-9, 1, -3.343468e-8), (-6.8289174e-9, 1, -5.783295e-8), (1.2460282e-9, 1, -6.1447516e-8), (1.2460286e-9, 1, -6.144752e-8), (-6.8289165e-9, 1, -5.7832953e-8), (1.2460286e-9, 1, -6.144752e-8), (1.2460282e-9, 1, -6.1447516e-8), (-3.0066447e-10, 1, -5.0603848e-8), (-3.0066435e-10, 1, -5.0603845e-8), (-3.0066447e-10, 1, -5.0603848e-8), (-1.8065632e-9, 1, -2.8916485e-8), (-1.8065636e-9, 1, -2.8916487e-8), (-3.0066435e-10, 1, -5.0603845e-8), (-1.8065632e-9, 1, -2.8916485e-8), (2.9823046e-9, 1, -4.3374726e-8), (2.9823044e-9, 1, -4.3374722e-8), (-1.8065636e-9, 1, -2.8916487e-8), (2.9823046e-9, 1, -4.3374726e-8), (-1.9371744e-10, 1, -5.060385e-8), (-1.9371776e-10, 1, -5.0603845e-8), (2.9823044e-9, 1, -4.3374722e-8), (-1.9371744e-10, 1, -5.060385e-8), (0, 1, -2.8916487e-8), (0, 1, -2.8916487e-8), (-1.9371776e-10, 1, -5.0603845e-8), (0, 1, -2.8916487e-8), (1.9372438e-10, 1, -4.337473e-8), (1.9372469e-10, 1, -4.3374722e-8), (0, 1, -2.8916487e-8), (-2.9822975e-9, 1, -4.3374726e-8), (1.9372469e-10, 1, -4.3374722e-8), (1.9372438e-10, 1, -4.337473e-8), (-2.982298e-9, 1, -4.3374726e-8), (1.8065636e-9, 1, -3.614561e-8), (-2.9822975e-9, 1, -4.3374726e-8), (-2.982298e-9, 1, -4.3374726e-8), (1.8065632e-9, 1, -3.6145607e-8), (3.0066435e-10, 1, -5.0603845e-8), (1.8065636e-9, 1, -3.614561e-8), (1.8065632e-9, 1, -3.6145607e-8), (3.0066447e-10, 1, -5.0603848e-8), (-1.246029e-9, 1, -6.506207e-8), (3.0066435e-10, 1, -5.0603845e-8), (3.0066447e-10, 1, -5.0603848e-8), (-1.2460283e-9, 1, -6.506207e-8), (4.9369344e-9, 1, -5.9833795e-8), (-1.246029e-9, 1, -6.506207e-8), (-1.2460283e-9, 1, -6.506207e-8), (5.9667343e-10, 1, 1.6154303e-9), (2.3092925e-8, -1, 1.021726e-7), (2.3092982e-8, -1, 1.0217278e-7), (2.0738623e-8, -1, 1.1610591e-7), (2.0738623e-8, -1, 1.1610591e-7), (2.0738623e-8, -1, 1.1610591e-7), (2.0738623e-8, -1, 1.1610591e-7), (1.9484506e-8, -1, 5.5731114e-8), (1.948457e-8, -1, 5.5730613e-8), (1.948457e-8, -1, 5.5730613e-8), (1.9484506e-8, -1, 5.5731114e-8), (1.8972665e-8, -1, -2.786396e-8), (1.8972594e-8, -1, -2.7864205e-8), (1.8972594e-8, -1, -2.7864205e-8), (1.8972665e-8, -1, -2.786396e-8), (7.3864066e-9, -1, 1.8578858e-8), (7.3864177e-9, -1, 1.857862e-8), (7.3864177e-9, -1, 1.857862e-8), (7.3864066e-9, -1, 1.8578858e-8), (3.4678806e-14, -1, 5.5731213e-8), (3.459203e-14, -1, 5.5731217e-8), (3.459203e-14, -1, 5.5731217e-8), (3.4678806e-14, -1, 5.5731213e-8), (-7.3863444e-9, -1, 8.359215e-8), (-7.386356e-9, -1, 8.359236e-8), (-7.386356e-9, -1, 8.359236e-8), (-7.3863444e-9, -1, 8.359215e-8), (-1.8972695e-8, -1, 2.414969e-7), (-1.8972626e-8, -1, 2.4149608e-7), (-1.8972626e-8, -1, 2.4149608e-7), (-1.8972695e-8, -1, 2.414969e-7), (-1.9484453e-8, -1, 3.3438212e-7), (-1.9484517e-8, -1, 3.3438207e-7), (-1.9484517e-8, -1, 3.3438207e-7), (-1.9484453e-8, -1, 3.3438212e-7), (-2.0738282e-8, -1, 3.158027e-7), (-2.0738282e-8, -1, 3.1580268e-7), (-2.0738282e-8, -1, 3.1580268e-7), (-2.0738282e-8, -1, 3.158027e-7), (-2.309276e-8, -1, 2.5078546e-7), (-2.3092705e-8, -1, 2.5078506e-7), (-2.3092705e-8, -1, 2.5078506e-7), (-2.309276e-8, -1, 2.5078546e-7), (-1.748987e-8, -1, 9.288428e-8), (-1.748988e-8, -1, 9.2883305e-8), (-1.748988e-8, -1, 9.2883305e-8), (-1.748987e-8, -1, 9.288428e-8), (-9.101758e-9, -1, -9.288271e-9), (-9.101785e-9, -1, -9.288299e-9), (-9.101785e-9, -1, -9.288299e-9), (-9.101758e-9, -1, -9.288271e-9), (0, -1, 9.288231e-9), (0, -1, 9.288231e-9), (0, -1, 9.288231e-9), (0, -1, 9.288231e-9), (9.101789e-9, -1, -9.288309e-8), (9.101817e-9, -1, -9.288344e-8), (9.101817e-9, -1, -9.288344e-8), (9.101789e-9, -1, -9.288309e-8), (1.7489898e-8, -1, -2.507855e-7), (1.7489905e-8, -1, -2.507851e-7), (1.7489905e-8, -1, -2.507851e-7), (1.7489898e-8, -1, -2.507855e-7), (2.3092982e-8, -1, -3.1580635e-7), (2.3092925e-8, -1, -3.1580618e-7), (2.3092925e-8, -1, -3.1580618e-7), (2.3092982e-8, -1, -3.1580635e-7), (2.0738623e-8, -1, -3.3438502e-7), (2.0738623e-8, -1, -3.34385e-7), (2.0738623e-8, -1, -3.34385e-7), (2.0738623e-8, -1, -3.3438502e-7), (2.4704145e-8, -1, 1.2939613e-7), (2.4704255e-8, -1, 1.2940025e-7), (2.4704145e-8, -1, 1.2939613e-7), (2.194115e-8, -1, -1.3597663e-7), (2.1941277e-8, -1, -1.3597064e-7), (2.4704255e-8, -1, 1.2940025e-7), (2.1941277e-8, -1, -1.3597064e-7), (2.194115e-8, -1, -1.3597663e-7), (2.6227838e-14, -1, -1.3888966e-7), (2.617946e-14, -1, -1.3888967e-7), (2.617946e-14, -1, -1.3888967e-7), (2.6227838e-14, -1, -1.3888966e-7), (-2.1940949e-8, -1, 2.3806628e-7), (-2.1941077e-8, -1, 2.3806342e-7), (-2.1941077e-8, -1, 2.3806342e-7), (-2.1940949e-8, -1, 2.3806628e-7), (-2.4703859e-8, -1, -1.1598427e-7), (-2.4703969e-8, -1, -1.1598423e-7), (-2.4703969e-8, -1, -1.1598423e-7), (-2.4703859e-8, -1, -1.1598427e-7), (-2.0738282e-8, -1, -1.02171455e-7), (-2.0738282e-8, -1, -1.0217145e-7), (-2.0738282e-8, -1, -1.0217145e-7), (-2.0738282e-8, -1, -1.02171455e-7), (-2.309276e-8, -1, -6.2696394e-8), (-2.3092705e-8, -1, -6.26962e-8), (-2.3092705e-8, -1, -6.26962e-8), (-2.309276e-8, -1, -6.2696394e-8), (-1.748987e-8, -1, 3.2508463e-8), (-1.748988e-8, -1, 3.250912e-8), (-1.748988e-8, -1, 3.250912e-8), (-1.748987e-8, -1, 3.2508463e-8), (-9.101758e-9, -1, 5.3407557e-8), (-9.101785e-9, -1, 5.340772e-8), (-9.101785e-9, -1, 5.340772e-8), (-9.101758e-9, -1, 5.3407557e-8), (0, -1, 0), (0, -1, 0), (9.101789e-9, -1, 2.0898684e-8), (9.101817e-9, -1, 2.0898746e-8), (0, -1, 0), (0, -1, 0), (9.101817e-9, -1, 2.0898746e-8), (9.101789e-9, -1, 2.0898684e-8), (1.7489898e-8, -1, 6.2696444e-8), (1.7489905e-8, -1, 6.269626e-8), (1.7489905e-8, -1, 6.269626e-8), (1.7489898e-8, -1, 6.2696444e-8), (2.3092982e-8, -1, 1.0217278e-7), (2.3092925e-8, -1, 1.021726e-7), (-2.4704223e-8, 1, -4.15885e-8), (-2.4704109e-8, 1, -4.1587132e-8), (-2.194112e-8, 1, 3.3524836e-7), (-2.1941245e-8, 1, 3.35244e-7), (-2.0738623e-8, 1, 1.1610591e-7), (-2.0738623e-8, 1, 1.1610591e-7), (-2.4704109e-8, 1, -4.1587132e-8), (-2.4704223e-8, 1, -4.15885e-8), (-2.3092925e-8, 1, 1.021726e-7), (-2.3092982e-8, 1, 1.0217278e-7), (-2.0738623e-8, 1, 1.1610591e-7), (-2.0738623e-8, 1, 1.1610591e-7), (-1.7489905e-8, 1, 6.269626e-8), (-1.7489898e-8, 1, 6.2696444e-8), (-2.3092982e-8, 1, 1.0217278e-7), (-2.3092925e-8, 1, 1.021726e-7), (-1.8203608e-8, 1, 4.1797435e-8), (-1.8203608e-8, 1, 4.1797435e-8), (-1.7489898e-8, 1, 6.2696444e-8), (-1.7489905e-8, 1, 6.269626e-8), (0, 1, -0.000017453964), (0, 0, -1), (0, 1, -1.0681465e-7), (0, 1, -1.0681465e-7), (0, -1, 0), (0, 0, -1), (0, 1, -0.000017453964), (0, -1, 0), (0, -1, 0), (0, -1, 0), (1.748988e-8, 1, 3.250912e-8), (1.748987e-8, 1, 3.2508463e-8), (1.8203544e-8, 1, 1.06815286e-7), (1.8203544e-8, 1, 1.06815286e-7), (2.3092705e-8, 1, -6.26962e-8), (2.309276e-8, 1, -6.2696394e-8), (1.748987e-8, 1, 3.2508463e-8), (1.748988e-8, 1, 3.250912e-8), (2.9409252e-8, 1, -8.3594934e-8), (2.9409252e-8, 1, -8.3594934e-8), (2.309276e-8, 1, -6.2696394e-8), (2.3092705e-8, 1, -6.26962e-8), (0.000021345855, 1, -0.000019757854), (0.7357587, 0, -0.6772437), (1.2067313e-8, 1, -1.2074797e-7), (1.2067313e-8, 1, -1.2074797e-7), (0.000021345855, 1, -0.000019757854), (1.191135e-7, -1, 0), (1.191135e-7, -1, 0), (1.191135e-7, -1, 0), (1.191135e-7, -1, 0), (0.7357587, 0, -0.6772437), (7.386356e-9, 1, 1.02172166e-7), (7.3863444e-9, 1, 1.02172486e-7), (1.1043652e-8, 0.99999994, 0), (1.1043652e-8, 0.99999994, 0), (-3.459203e-14, 1, 1.3003802e-7), (-3.4678806e-14, 1, 1.3003802e-7), (7.3863444e-9, 1, 1.02172486e-7), (7.386356e-9, 1, 1.02172166e-7), (-7.3864177e-9, 1, 1.8577607e-8), (-7.3864066e-9, 1, 1.8577724e-8), (-3.4678806e-14, 1, 1.3003802e-7), (-3.459203e-14, 1, 1.3003802e-7), (-1.8972594e-8, 1, 2.1363354e-7), (-1.8972665e-8, 1, 2.1363556e-7), (-7.3864066e-9, 1, 1.8577724e-8), (-7.3864177e-9, 1, 1.8577607e-8), (-1.948457e-8, 1, 5.573159e-8), (-1.9484506e-8, 1, 5.572814e-8), (-1.8972665e-8, 1, 2.1363556e-7), (-1.8972594e-8, 1, 2.1363354e-7), (-2.0738623e-8, 1, -3.34385e-7), (-2.0738623e-8, 1, -3.3438502e-7), (-1.9484506e-8, 1, 5.572814e-8), (-1.948457e-8, 1, 5.573159e-8), (-2.3092925e-8, 1, -3.1580618e-7), (-2.3092982e-8, 1, -3.1580635e-7), (-2.0738623e-8, 1, -3.3438502e-7), (-2.0738623e-8, 1, -3.34385e-7), (-1.7489905e-8, 1, -2.507851e-7), (-1.7489898e-8, 1, -2.507855e-7), (-2.3092982e-8, 1, -3.1580635e-7), (-2.3092925e-8, 1, -3.1580618e-7), (-9.101817e-9, 1, -9.288344e-8), (-9.101789e-9, 1, -9.288309e-8), (-1.7489898e-8, 1, -2.507855e-7), (-1.7489905e-8, 1, -2.507851e-7), (0, 1, 9.288231e-9), (0, 1, 9.288231e-9), (-9.101789e-9, 1, -9.288309e-8), (-9.101817e-9, 1, -9.288344e-8), (9.101785e-9, 1, -9.288299e-9), (9.101758e-9, 1, -9.288271e-9), (0, 1, 9.288231e-9), (0, 1, 9.288231e-9), (1.748988e-8, 1, 9.2883305e-8), (1.748987e-8, 1, 9.288428e-8), (9.101758e-9, 1, -9.288271e-9), (9.101785e-9, 1, -9.288299e-9), (2.3092705e-8, 1, 2.5078506e-7), (2.309276e-8, 1, 2.5078546e-7), (1.748987e-8, 1, 9.288428e-8), (1.748988e-8, 1, 9.2883305e-8), (2.0738282e-8, 1, 3.1580268e-7), (2.0738282e-8, 1, 3.158027e-7), (2.309276e-8, 1, 2.5078546e-7), (2.3092705e-8, 1, 2.5078506e-7), (2.4704143e-8, 1, 4.637809e-7), (2.4704034e-8, 1, 4.637798e-7), (2.0738282e-8, 1, 3.158027e-7), (2.0738282e-8, 1, 3.1580268e-7), (2.194115e-8, 1, -2.4623884e-7), (2.4704034e-8, 1, 4.637798e-7), (2.4704143e-8, 1, 4.637809e-7), (2.1941277e-8, 1, -2.462319e-7)] (
                interpolation = "faceVarying"
            )
            point3f[] points = [(2.2204463e-16, -0.038824048, 1), (-0.19509032, -0.038824048, 0.98078525), (-0.38268346, -0.038824044, 0.9238795), (-0.55557024, -0.03882404, 0.8314696), (-0.70710677, -0.038824033, 0.70710677), (-0.8314696, -0.03882403, 0.55557024), (-0.9238795, -0.038824018, 0.38268346), (-0.984742, -0.046999797, 0.19847816), (-1.0042905, -0.04699979, 2.229973e-16), (-0.984742, -0.046999782, -0.19847816), (-0.9238795, -0.03882399, -0.38268346), (-0.8314696, -0.038823977, -0.55557024), (-0.70710677, -0.038823973, -0.70710677), (-0.55557024, -0.038823966, -0.8314696), (-0.38268346, -0.038823962, -0.9238795), (-0.19509032, -0.03882396, -0.98078525), (-2.2204463e-16, -0.03882396, -1), (0.19509032, -0.03882396, -0.98078525), (0.38268346, -0.038823962, -0.9238795), (0.55557024, -0.038823966, -0.8314696), (0.70710677, -0.038823973, -0.70710677), (0.8314696, -0.038823977, -0.55557024), (0.9238795, -0.03882399, -0.38268346), (0.98078525, -0.038823996, -0.19509032), (1, -0.038824003, 3.0923672e-10), (0.98078525, -0.03882401, 0.19509032), (0.9238795, -0.038824018, 0.38268346), (0.8314696, -0.03882403, 0.55557024), (0.70710677, -0.038824033, 0.70710677), (0.55557024, -0.03882404, 0.8314696), (0.38268346, -0.038824044, 0.9238795), (0.19509032, -0.038824048, 0.98078525), (-0.15966702, -0.046999823, 0.80270034), (1.8172715e-16, -0.046999827, 0.8184262), (-0.31319818, -0.046999823, 0.7561272), (-0.45469323, -0.04699982, 0.68049645), (-0.57871467, -0.046999816, 0.57871467), (-0.68049645, -0.04699981, 0.45469323), (-0.7561272, -0.046999805, 0.31319818), (-0.80270034, -0.046999797, 0.15966702), (-0.8184262, -0.04699979, 1.8172715e-16), (-0.80270034, -0.046999782, -0.15966702), (-0.7561272, -0.046999775, -0.31319818), (-0.68049645, -0.04699977, -0.45469323), (-0.57871467, -0.046999764, -0.57871467), (-0.45469323, -0.04699976, -0.68049645), (-0.31319818, -0.046999756, -0.7561272), (-0.15966702, -0.046999756, -0.80270034), (-1.8172715e-16, -0.046999753, -0.8184262), (0.15966702, -0.046999756, -0.80270034), (0.31319818, -0.046999756, -0.7561272), (0.45469323, -0.04699976, -0.68049645), (0.57871467, -0.046999764, -0.57871467), (0.68049645, -0.04699977, -0.45469323), (0.7561272, -0.046999775, -0.31319818), (0.80270034, -0.046999782, -0.15966702), (0.8184262, -0.04699979, -1.8172715e-16), (0.80270034, -0.046999797, 0.15966702), (0.7561272, -0.046999805, 0.31319818), (0.68049645, -0.04699981, 0.45469323), (0.57871467, -0.046999816, 0.57871467), (0.45469323, -0.04699982, 0.68049645), (0.31319818, -0.046999823, 0.7561272), (0.15966702, -0.046999823, 0.80270034), (-1.6935427, -0.038824003, 6.0235674e-9), (-0.93896616, -0.042999804, 0.34938097), (-1.6615694, -0.04299979, 3.5369125e-9), (-0.93896616, -0.042999774, -0.34938097), (-0.93896616, -0.046999805, 0.34938097), (-1.6615694, -0.04699979, 3.362067e-9), (-0.93896616, -0.046999775, -0.34938097), (-0.984742, -0.042999797, 0.19847816), (-1.0042905, -0.04299979, 1.7484578e-10), (-0.984742, -0.04299978, -0.19847816), (2.2204463e-16, 0.038824048, 1), (-0.19509032, 0.038824048, 0.98078525), (-0.38268346, 0.038824044, 0.9238795), (-0.55557024, 0.03882404, 0.8314696), (-0.70710677, 0.038824033, 0.70710677), (-0.8314696, 0.03882403, 0.55557024), (-0.9238795, 0.038824018, 0.38268346), (-0.984742, 0.046999797, 0.19847816), (-1.0042905, 0.04699979, 2.229973e-16), (-0.984742, 0.046999782, -0.19847816), (-0.9238795, 0.03882399, -0.38268346), (-0.8314696, 0.038823977, -0.55557024), (-0.70710677, 0.038823973, -0.70710677), (-0.55557024, 0.038823966, -0.8314696), (-0.38268346, 0.038823962, -0.9238795), (-0.19509032, 0.03882396, -0.98078525), (-2.2204463e-16, 0.03882396, -1), (0.19509032, 0.03882396, -0.98078525), (0.38268346, 0.038823962, -0.9238795), (0.55557024, 0.038823966, -0.8314696), (0.70710677, 0.038823973, -0.70710677), (0.8314696, 0.038823977, -0.55557024), (0.9238795, 0.03882399, -0.38268346), (0.98078525, 0.038823996, -0.19509032), (1, 0.038824003, 3.0923672e-10), (0.98078525, 0.03882401, 0.19509032), (0.9238795, 0.038824018, 0.38268346), (0.8314696, 0.03882403, 0.55557024), (0.70710677, 0.038824033, 0.70710677), (0.55557024, 0.03882404, 0.8314696), (0.38268346, 0.038824044, 0.9238795), (0.19509032, 0.038824048, 0.98078525), (-0.15966702, 0.046999823, 0.80270034), (1.8172715e-16, 0.046999827, 0.8184262), (-0.31319818, 0.046999823, 0.7561272), (-0.45469323, 0.04699982, 0.68049645), (-0.57871467, 0.046999816, 0.57871467), (-0.68049645, 0.04699981, 0.45469323), (-0.7561272, 0.046999805, 0.31319818), (-0.80270034, 0.046999797, 0.15966702), (-0.8184262, 0.04699979, 1.8172715e-16), (-0.80270034, 0.046999782, -0.15966702), (-0.7561272, 0.046999775, -0.31319818), (-0.68049645, 0.04699977, -0.45469323), (-0.57871467, 0.046999764, -0.57871467), (-0.45469323, 0.04699976, -0.68049645), (-0.31319818, 0.046999756, -0.7561272), (-0.15966702, 0.046999756, -0.80270034), (-1.8172715e-16, 0.046999753, -0.8184262), (0.15966702, 0.046999756, -0.80270034), (0.31319818, 0.046999756, -0.7561272), (0.45469323, 0.04699976, -0.68049645), (0.57871467, 0.046999764, -0.57871467), (0.68049645, 0.04699977, -0.45469323), (0.7561272, 0.046999775, -0.31319818), (0.80270034, 0.046999782, -0.15966702), (0.8184262, 0.04699979, -1.8172715e-16), (0.80270034, 0.046999797, 0.15966702), (0.7561272, 0.046999805, 0.31319818), (0.68049645, 0.04699981, 0.45469323), (0.57871467, 0.046999816, 0.57871467), (0.45469323, 0.04699982, 0.68049645), (0.31319818, 0.046999823, 0.7561272), (0.15966702, 0.046999823, 0.80270034), (-1.6935427, 0.038824003, 6.0235674e-9), (-0.93896616, 0.042999804, 0.34938097), (-1.6615694, 0.04299979, 3.5369125e-9), (-0.93896616, 0.042999774, -0.34938097), (-0.93896616, 0.046999805, 0.34938097), (-1.6615694, 0.04699979, 3.362067e-9), (-0.93896616, 0.046999775, -0.34938097), (-0.984742, 0.042999797, 0.19847816), (-1.0042905, 0.04299979, 1.7484578e-10), (-0.984742, 0.04299978, -0.19847816), (-0.19509032, -0.046999834, 0.98078525), (2.2204463e-16, -0.046999834, 1), (-0.38268346, -0.04699983, 0.9238795), (-0.55557024, -0.046999827, 0.8314696), (-0.70710677, -0.04699982, 0.70710677), (-0.8314696, -0.046999816, 0.55557024), (-0.9238795, -0.046999805, 0.38268346), (-0.8314696, -0.046999764, -0.55557024), (-0.9238795, -0.046999775, -0.38268346), (-0.70710677, -0.04699976, -0.70710677), (-0.55557024, -0.046999753, -0.8314696), (-0.38268346, -0.04699975, -0.9238795), (-0.19509032, -0.046999745, -0.98078525), (-2.2204463e-16, -0.046999745, -1), (0.19509032, -0.046999745, -0.98078525), (0.38268346, -0.04699975, -0.9238795), (0.55557024, -0.046999753, -0.8314696), (0.70710677, -0.04699976, -0.70710677), (0.8314696, -0.046999764, -0.55557024), (0.9238795, -0.046999775, -0.38268346), (0.98078525, -0.046999782, -0.19509032), (1, -0.04699979, -2.2204463e-16), (0.98078525, -0.046999797, 0.19509032), (0.9238795, -0.046999805, 0.38268346), (0.8314696, -0.046999816, 0.55557024), (0.70710677, -0.04699982, 0.70710677), (0.55557024, -0.046999827, 0.8314696), (0.38268346, -0.04699983, 0.9238795), (0.19509032, -0.046999834, 0.98078525), (-1.6935427, -0.04699979, 5.960465e-9), (-0.19509032, 0.046999834, 0.98078525), (2.2204463e-16, 0.046999834, 1), (-0.38268346, 0.04699983, 0.9238795), (-0.55557024, 0.046999827, 0.8314696), (-0.70710677, 0.04699982, 0.70710677), (-0.8314696, 0.046999816, 0.55557024), (-0.9238795, 0.046999805, 0.38268346), (-0.8314696, 0.046999764, -0.55557024), (-0.9238795, 0.046999775, -0.38268346), (-0.70710677, 0.04699976, -0.70710677), (-0.55557024, 0.046999753, -0.8314696), (-0.38268346, 0.04699975, -0.9238795), (-0.19509032, 0.046999745, -0.98078525), (-2.2204463e-16, 0.046999745, -1), (0.19509032, 0.046999745, -0.98078525), (0.38268346, 0.04699975, -0.9238795), (0.55557024, 0.046999753, -0.8314696), (0.70710677, 0.04699976, -0.70710677), (0.8314696, 0.046999764, -0.55557024), (0.9238795, 0.046999775, -0.38268346), (0.98078525, 0.046999782, -0.19509032), (1, 0.04699979, -2.2204463e-16), (0.98078525, 0.046999797, 0.19509032), (0.9238795, 0.046999805, 0.38268346), (0.8314696, 0.046999816, 0.55557024), (0.70710677, 0.04699982, 0.70710677), (0.55557024, 0.046999827, 0.8314696), (0.38268346, 0.04699983, 0.9238795), (0.19509032, 0.046999834, 0.98078525), (-1.6935427, 0.04699979, 5.960465e-9), (-0.19469826, -0.038824048, 0.9788142), (2.2204463e-16, -0.038824048, 0.9979903), (-0.38191438, -0.038824044, 0.9220228), (-0.55445373, -0.03882404, 0.82979864), (-0.70568573, -0.038824033, 0.70568573), (-0.82979864, -0.03882403, 0.55445373), (-0.92241687, -0.038824018, 0.3811771), (-0.82979864, -0.038823977, -0.55445373), (-0.92241687, -0.03882399, -0.3811771), (-0.70568573, -0.038823973, -0.70568573), (-0.55445373, -0.038823966, -0.82979864), (-0.38191438, -0.038823962, -0.9220228), (-0.19469826, -0.03882396, -0.9788142), (-2.2204463e-16, -0.03882396, -0.9979903), (0.19469826, -0.03882396, -0.9788142), (0.38191438, -0.038823962, -0.9220228), (0.55445373, -0.038823966, -0.82979864), (0.70568573, -0.038823973, -0.70568573), (0.82979864, -0.038823977, -0.55445373), (0.9220228, -0.03882399, -0.38191438), (0.9788142, -0.038823996, -0.19469826), (0.9979903, -0.038824003, 2.94191e-10), (0.9788142, -0.03882401, 0.19469826), (0.9220228, -0.038824018, 0.38191438), (0.82979864, -0.03882403, 0.55445373), (0.70568573, -0.038824033, 0.70568573), (0.55445373, -0.03882404, 0.82979864), (0.38191438, -0.038824044, 0.9220228), (0.19469826, -0.038824048, 0.9788142), (-1.6890504, -0.038824003, 5.72286e-9), (-0.19469826, 0.038824048, 0.9788142), (2.2204463e-16, 0.038824048, 0.9979903), (-0.38191438, 0.038824044, 0.9220228), (-0.55445373, 0.03882404, 0.82979864), (-0.70568573, 0.038824033, 0.70568573), (-0.82979864, 0.03882403, 0.55445373), (-0.92241687, 0.038824018, 0.3811771), (-0.82979864, 0.038823977, -0.55445373), (-0.92241687, 0.03882399, -0.3811771), (-0.70568573, 0.038823973, -0.70568573), (-0.55445373, 0.038823966, -0.82979864), (-0.38191438, 0.038823962, -0.9220228), (-0.19469826, 0.03882396, -0.9788142), (-2.2204463e-16, 0.03882396, -0.9979903), (0.19469826, 0.03882396, -0.9788142), (0.38191438, 0.038823962, -0.9220228), (0.55445373, 0.038823966, -0.82979864), (0.70568573, 0.038823973, -0.70568573), (0.82979864, 0.038823977, -0.55445373), (0.9220228, 0.03882399, -0.38191438), (0.9788142, 0.038823996, -0.19469826), (0.9979903, 0.038824003, 3.0923672e-10), (0.9788142, 0.03882401, 0.19469826), (0.9220228, 0.038824018, 0.38191438), (0.82979864, 0.03882403, 0.55445373), (0.70568573, 0.038824033, 0.70568573), (0.55445373, 0.03882404, 0.82979864), (0.38191438, 0.038824044, 0.9220228), (0.19469826, 0.038824048, 0.9788142), (-1.6890504, 0.038824003, 5.72286e-9)]
            texCoord2f[] primvars:st = [(0, 0), (0, 0), (0, 0), (0, 0), (0.42218536, 7.813841e-9), (3.1243843e-8, 3.955765e-8), (0.42274532, 0.0007663619), (0.0039853696, 0.0054544862), (0.2022303, 0.07781469), (0.24358271, 0.08014181), (0.58340377, 0.08359971), (0.16121845, 0.08359974), (0.58332914, 0.08403698), (0.15365678, 0.085177064), (0.28368655, 0.090491675), (0.122208, 0.09617738), (0.32100067, 0.108466536), (0.20383948, 0.11614359), (0.08591229, 0.11758196), (0.23768337, 0.118048176), (0.17027432, 0.12087822), (0.2705054, 0.12651877), (0.13827775, 0.13207012), (0.35409108, 0.13337564), (0.30104426, 0.14122987), (0.054489847, 0.14565624), (0.10907945, 0.14928919), (0.3281263, 0.16161613), (0.38168612, 0.16426174), (0.08380146, 0.1718737), (0.03445257, 0.17227466), (0.03065187, 0.17899935), (0.35071084, 0.18689412), (0.06341519, 0.19895577), (0.40272537, 0.19993791), (0.36792988, 0.21609242), (0.012677002, 0.21631347), (0.0487041, 0.22949462), (0.41640028, 0.23903312), (0.3791218, 0.24808899), (0.0023271416, 0.2564173), (0.040233504, 0.26231664), (0.42218533, 0.28004497), (0.38385642, 0.28165415), (0.038328923, 0.29616055), (1.8151221e-8, 0.29776973), (0.38195184, 0.31549805), (0.41985822, 0.3213974), (0.04306355, 0.3297257), (0.00578507, 0.33878157), (0.37348124, 0.34832007), (0.40950835, 0.36150122), (0.05425546, 0.36172226), (0.01945998, 0.3778768), (0.35877016, 0.37885892), (0.07147452, 0.39092058), (0.3915335, 0.39881533), (0.33838388, 0.40594098), (0.040499218, 0.41355294), (0.09405904, 0.41619855), (0.3131059, 0.4285255), (0.3666244, 0.43190575), (0.1211411, 0.43658483), (0.06809428, 0.44443905), (0.2839076, 0.44574457), (0.15167995, 0.4512959), (0.25191104, 0.45693648), (0.33573827, 0.4595008), (0.18450198, 0.4597665), (0.21834588, 0.46167108), (0.10118469, 0.46934816), (0.30006212, 0.48054004), (0.13849878, 0.48732302), (0.2609669, 0.49421495), (0.17860264, 0.4976729), (0.49600205, 0.4999999), (0.719137, 0.49999997), (0.73554236, 0.49999997), (0.7718078, 0.49999997), (0.7916679, 0.49999997), (0.8313881, 0.49999997), (0.8331155, 0.49999997), (0.8331156, 0.49999997), (0.8348429, 0.49999997), (0.20223026, 0.5), (0.21995506, 0.5), (0.70273155, 0.5), (0.70273155, 0.5), (0.71913695, 0.5), (0.7355423, 0.5), (0.7519477, 0.5), (0.7916679, 0.5), (0.811528, 0.5), (0.8115281, 0.5), (0.8313882, 0.5), (0.83829767, 0.5), (0.840025, 0.5), (0.84002507, 0.5), (0.84175235, 0.5), (0.7519477, 0.50000006), (0.77180785, 0.50000006), (0.8348429, 0.50000006), (0.83657026, 0.50000006), (0.8365703, 0.50000006), (0.83829767, 0.50000006), (0.24358268, 0.50232714), (0.16121842, 0.50578505), (0.28368652, 0.51267695), (0.122123204, 0.51945996), (0.678238, 0.52258533), (0.7519477, 0.52486557), (0.77180785, 0.52486557), (0.7718078, 0.5274462), (0.7916679, 0.5274462), (0.7916679, 0.5281847), (0.811528, 0.5281847), (0.8115281, 0.5286452), (0.8313882, 0.5286452), (0.7355423, 0.529228), (0.7519477, 0.529228), (0.83829767, 0.52928686), (0.840025, 0.52928686), (0.84002507, 0.52928686), (0.84175235, 0.52928686), (0.70273155, 0.5303211), (0.71913695, 0.5303211), (0.8313881, 0.5303821), (0.8331155, 0.5303821), (0.8331156, 0.5303821), (0.8348429, 0.5303821), (0.32100064, 0.53065187), (0.719137, 0.53346795), (0.73554236, 0.53346795), (0.8348429, 0.53353536), (0.83657026, 0.53353536), (0.8365703, 0.53353536), (0.83829767, 0.53353536), (0.20383944, 0.5383289), (0.23768334, 0.5402335), (0.086447045, 0.5404992), (0.17027427, 0.5430635), (0.6422829, 0.54455733), (0.27050537, 0.5487041), (0.7519477, 0.5537478), (0.77180785, 0.5537478), (0.13827772, 0.5542554), (0.35409105, 0.55556095), (0.7718078, 0.558246), (0.7916679, 0.558246), (0.6027322, 0.55909264), (0.7916679, 0.5595019), (0.811528, 0.5595019), (0.8115281, 0.5602759), (0.8313882, 0.5602759), (0.30104423, 0.56341517), (0.7355423, 0.5635965), (0.7519477, 0.5635965), (0.83829767, 0.5637245), (0.840025, 0.5637245), (0.84002507, 0.5637245), (0.84175235, 0.5637245), (0.5698188, 0.56426376), (0.70273155, 0.56554013), (0.71913695, 0.56554013), (0.8313881, 0.56567204), (0.8331155, 0.56567204), (0.8331156, 0.56567204), (0.8348429, 0.56567204), (0.055560943, 0.56809425), (0.719137, 0.5710253), (0.73554236, 0.5710253), (0.8348429, 0.57116836), (0.83657026, 0.57116836), (0.8365703, 0.57116836), (0.83829767, 0.57116836), (0.10907942, 0.5714745), (0.32812628, 0.58380145), (0.7519477, 0.5855367), (0.77180785, 0.5855367), (0.3816861, 0.58644706), (0.7718078, 0.59121585), (0.7916679, 0.59121585), (0.7916679, 0.592748), (0.811528, 0.592748), (0.8115281, 0.5936765), (0.8313882, 0.5936765), (0.083801426, 0.59405905), (0.030651834, 0.60118467), (0.7355423, 0.60178465), (0.7519477, 0.60178465), (0.83829767, 0.6019896), (0.840025, 0.6019896), (0.84002507, 0.6019896), (0.84175235, 0.6019896), (0.70273155, 0.60430366), (0.71913695, 0.60430366), (0.8313881, 0.60451365), (0.8331155, 0.60451365), (0.8331156, 0.60451365), (0.8348429, 0.60451365), (0.3507108, 0.6090794), (0.719137, 0.61122876), (0.73554236, 0.61122876), (0.8348429, 0.61145276), (0.83657026, 0.61145276), (0.8365703, 0.61145276), (0.83829767, 0.61145276), (0.7519477, 0.6190108), (0.77180785, 0.6190108), (0.063415155, 0.6211411), (0.40272534, 0.62212324), (0.7718078, 0.62508863), (0.7916679, 0.62508863), (0.7916679, 0.62664545), (0.811528, 0.62664545), (0.8115281, 0.6275635), (0.8313882, 0.6275635), (0.36792988, 0.63827777), (0.012676967, 0.6384988), (0.49600205, 0.63886887), (0.7355423, 0.64232504), (0.7519477, 0.64232504), (0.840025, 0.6426116), (0.84175235, 0.6426116), (0.83829767, 0.6426117), (0.84002507, 0.6426117), (0.45406786, 0.64299905), (0.5379363, 0.64299905), (0.70273155, 0.64512205), (0.71913695, 0.64512205), (0.8313881, 0.6454142), (0.8331155, 0.6454142), (0.8331156, 0.6454142), (0.8348429, 0.6454142), (0.048704065, 0.65167993), (0.719137, 0.6525333), (0.73554236, 0.6525333), (0.42218533, 0.6526705), (0.5698188, 0.6526705), (0.4385907, 0.65267056), (0.45499605, 0.65267056), (0.49471632, 0.65267056), (0.49556142, 0.65267056), (0.49640653, 0.65267056), (0.49725163, 0.65267056), (0.5023966, 0.65267056), (0.45499605, 0.6526706), (0.4714014, 0.6526706), (0.4714014, 0.6526706), (0.48780677, 0.6526706), (0.49126154, 0.6526706), (0.4929889, 0.6526706), (0.4929889, 0.6526706), (0.4947163, 0.6526706), (0.49556142, 0.6526706), (0.49640653, 0.6526706), (0.49725163, 0.6526706), (0.49809673, 0.6526706), (0.49809673, 0.6526706), (0.49982405, 0.6526706), (0.4998241, 0.6526706), (0.5015514, 0.6526706), (0.50155145, 0.6526706), (0.50239664, 0.6526706), (0.5032417, 0.6526706), (0.5032417, 0.6526706), (0.50496906, 0.6526706), (0.50496906, 0.6526706), (0.5066964, 0.6526706), (0.42218536, 0.6526707), (0.4385907, 0.6526707), (0.48780674, 0.6526707), (0.4895341, 0.6526707), (0.4895342, 0.6526707), (0.49126157, 0.6526707), (0.8348429, 0.6528405), (0.83657026, 0.6528405), (0.8365703, 0.6528405), (0.83829767, 0.6528405), (0.7519477, 0.65288365), (0.77180785, 0.65288365), (0.7718078, 0.6585627), (0.7916679, 0.6585627), (0.7916679, 0.6598916), (0.811528, 0.6598916), (0.8115281, 0.66063446), (0.8313882, 0.66063446), (0.41640025, 0.66121846), (0.70273155, 0.66957957), (0.37912178, 0.6702743), (0.0023271083, 0.67860264), (0.4714014, 0.68116117), (0.48780677, 0.68116117), (0.5032417, 0.6812185), (0.50496906, 0.6812185), (0.5049691, 0.6812185), (0.5066964, 0.6812185), (0.50155145, 0.68312436), (0.5023966, 0.68312436), (0.50239664, 0.6831244), (0.5032417, 0.6831244), (0.73554236, 0.6836597), (0.7519477, 0.6836597), (0.83829767, 0.6840295), (0.840025, 0.6840295), (0.84002507, 0.6840295), (0.84175235, 0.6840295), (0.04023347, 0.68450195), (0.7519477, 0.6858535), (0.77180785, 0.6858535), (0.70273155, 0.6864266), (0.71913695, 0.6864266), (0.8313881, 0.6868019), (0.8331155, 0.6868019), (0.8331156, 0.6868019), (0.8348429, 0.6868019), (0.7718078, 0.6903517), (0.7916679, 0.6903517), (0.79166794, 0.6912087), (0.811528, 0.6912087), (0.49809673, 0.6913188), (0.49982405, 0.6913188), (0.4998241, 0.6913188), (0.5015514, 0.6913188), (0.45499605, 0.69140595), (0.4714014, 0.69140595), (0.8115281, 0.6916186), (0.8313882, 0.6916186), (0.719137, 0.6933517), (0.73554236, 0.6933517), (0.8348429, 0.6937411), (0.83657026, 0.6937411), (0.8365703, 0.6937411), (0.83829767, 0.6937411), (0.4221853, 0.7022303), (0.38385642, 0.7038395), (0.5032417, 0.7150721), (0.50496906, 0.7150721), (0.5049691, 0.7150721), (0.5066964, 0.7150721), (0.4714014, 0.7150911), (0.48780677, 0.7150911), (0.7519477, 0.7166533), (0.77180785, 0.7166533), (0.038328893, 0.7183459), (0.7718078, 0.71923393), (0.7916679, 0.71923393), (0.8115281, 0.7193253), (0.8313882, 0.7193253), (0.79166794, 0.71939343), (0.811528, 0.71939343), (-1.4183175e-8, 0.719955), (0.73554236, 0.72420007), (0.7519477, 0.72420007), (0.50155145, 0.7242341), (0.5023966, 0.7242341), (0.50239664, 0.72423416), (0.5032417, 0.72423416), (0.83829767, 0.7246515), (0.840025, 0.7246515), (0.84002507, 0.7246515), (0.84175235, 0.7246515), (0.49809673, 0.7263192), (0.49982405, 0.7263192), (0.4998241, 0.7263192), (0.5015514, 0.7263192), (0.45499605, 0.726336), (0.4714014, 0.726336), (0.70273155, 0.72663003), (0.71913695, 0.72663003), (0.8313881, 0.72708637), (0.8331155, 0.72708637), (0.8331156, 0.72708637), (0.8348429, 0.72708637), (0.719137, 0.7321152), (0.73554236, 0.7321152), (0.8348429, 0.7325826), (0.83657026, 0.7325826), (0.8365703, 0.7325826), (0.83829767, 0.7325826), (0.3819518, 0.73768336), (0.8115281, 0.74268967), (0.8313882, 0.74268967), (0.79166794, 0.74336255), (0.811528, 0.74336255), (0.4198582, 0.7435827), (0.7519477, 0.74409944), (0.7718078, 0.74409944), (0.77180785, 0.74409944), (0.7916679, 0.74409944), (0.04306352, 0.75191104), (0.0057850387, 0.7609669), (0.73554236, 0.7623882), (0.7519477, 0.7623882), (0.83829767, 0.7629166), (0.840025, 0.7629166), (0.84002507, 0.7629166), (0.84175235, 0.7629166), (0.70273155, 0.7641874), (0.71913695, 0.7641874), (0.8313881, 0.76471937), (0.8331155, 0.76471937), (0.8331156, 0.76471937), (0.8348429, 0.76471937), (0.50155145, 0.76635814), (0.5023966, 0.76635814), (0.50239664, 0.76635814), (0.5032417, 0.76635814), (0.719137, 0.7673342), (0.73554236, 0.7673342), (0.8348429, 0.7678726), (0.83657026, 0.7678726), (0.8365703, 0.7678726), (0.83829767, 0.7678726), (0.3734812, 0.77050537), (0.40950832, 0.7836865), (0.05425543, 0.7839076), (0.73554236, 0.79675674), (0.7519477, 0.79675674), (0.840025, 0.7973543), (0.84175235, 0.7973543), (0.83829767, 0.79735434), (0.84002507, 0.79735434), (0.719137, 0.7976553), (0.73554236, 0.7976553), (0.70273155, 0.7976554), (0.71913695, 0.7976554), (0.8313881, 0.7982547), (0.8331155, 0.7982547), (0.8331156, 0.7982547), (0.8348429, 0.7982547), (0.8348429, 0.7982547), (0.83657026, 0.7982547), (0.8365703, 0.7982547), (0.83829767, 0.7982547), (0.50155145, 0.79918694), (0.5023966, 0.79918694), (0.50239664, 0.79918694), (0.5032417, 0.79918694), (0.01945995, 0.8000621), (0.35877013, 0.8010442), (0.49471632, 0.8094954), (0.49556142, 0.8094954), (0.49556142, 0.8094954), (0.49640653, 0.8094954), (0.49640653, 0.8094954), (0.49725163, 0.8094954), (0.49725163, 0.8094954), (0.49809673, 0.8094954), (0.4385907, 0.80951965), (0.45499605, 0.80951965), (0.42218533, 0.80951977), (0.4385907, 0.80951977), (0.4929889, 0.81013954), (0.4947163, 0.81013954), (0.4895342, 0.8101396), (0.49126154, 0.8101396), (0.49126157, 0.8101396), (0.4929889, 0.8101396), (0.48780674, 0.81013966), (0.4895341, 0.81013966), (0.07147449, 0.8131059), (0.39153346, 0.82100064), (0.38773274, 0.82772535), (0.33838385, 0.8281263), (0.04049919, 0.83573824), (0.09405901, 0.83838385), (0.31310588, 0.8507108), (0.36769548, 0.8543438), (0.121141076, 0.85877013), (0.06809425, 0.86662436), (0.28390756, 0.8679299), (0.15167992, 0.8734813), (0.251911, 0.8791218), (0.18450195, 0.8819518), (0.33627304, 0.88241804), (0.21834585, 0.8838564), (0.10118466, 0.8915335), (0.29997733, 0.90382266), (0.13849877, 0.90950835), (0.26852855, 0.91482294), (0.26096687, 0.91640025), (0.1786026, 0.9198582), (0.21995503, 0.9221853), (0.41819996, 0.9945455), (0.4221853, 0.99999994)] (
                interpolation = "faceVarying"
            )
            int[] primvars:st:indices = [450, 449, 239, 240, 444, 243, 244, 446, 441, 241, 242, 442, 264, 300, 299, 263, 300, 357, 356, 299, 357, 407, 406, 356, 407, 438, 437, 406, 353, 393, 392, 352, 310, 311, 369, 368, 448, 447, 256, 257, 445, 443, 254, 255, 262, 245, 298, 297, 297, 298, 355, 354, 354, 355, 405, 404, 404, 405, 436, 435, 88, 125, 124, 87, 452, 451, 269, 270, 170, 202, 201, 169, 302, 353, 352, 301, 77, 132, 131, 76, 291, 247, 249, 292, 30, 31, 5, 11, 13, 7, 393, 418, 417, 392, 409, 424, 423, 408, 366, 324, 325, 367, 237, 75, 238, 227, 219, 226, 310, 228, 229, 311, 132, 170, 169, 131, 375, 374, 328, 329, 324, 246, 248, 325, 375, 409, 408, 374, 368, 369, 399, 398, 221, 302, 301, 220, 195, 229, 228, 194, 89, 90, 119, 118, 398, 399, 426, 425, 220, 188, 189, 221, 155, 156, 189, 188, 236, 329, 328, 235, 118, 119, 156, 155, 125, 163, 162, 124, 163, 195, 194, 162, 230, 196, 197, 231, 196, 164, 165, 197, 164, 126, 127, 165, 126, 80, 81, 127, 268, 296, 294, 266, 296, 339, 337, 294, 260, 322, 320, 258, 322, 364, 362, 320, 430, 410, 412, 433, 410, 376, 378, 412, 376, 330, 332, 378, 330, 275, 277, 332, 275, 203, 205, 277, 203, 171, 173, 205, 171, 133, 135, 173, 133, 101, 103, 135, 421, 394, 396, 422, 394, 358, 360, 396, 358, 303, 305, 360, 303, 224, 225, 305, 224, 190, 192, 225, 190, 157, 159, 192, 157, 120, 122, 159, 120, 95, 97, 122, 427, 400, 401, 428, 400, 370, 371, 401, 370, 312, 313, 371, 312, 230, 231, 313, 459, 271, 272, 460, 456, 250, 251, 458, 199, 233, 232, 198, 167, 199, 198, 166, 129, 167, 166, 128, 83, 129, 128, 82, 293, 265, 267, 295, 336, 293, 295, 338, 321, 259, 261, 323, 363, 321, 323, 365, 413, 434, 432, 411, 379, 413, 411, 377, 333, 379, 377, 331, 278, 333, 331, 276, 206, 278, 276, 204, 174, 206, 204, 172, 136, 174, 172, 134, 104, 136, 134, 102, 397, 420, 419, 395, 361, 397, 395, 359, 306, 361, 359, 304, 223, 306, 304, 222, 193, 223, 222, 191, 160, 193, 191, 158, 123, 160, 158, 121, 98, 123, 121, 96, 403, 431, 429, 402, 373, 403, 402, 372, 315, 373, 372, 314, 233, 315, 314, 232, 274, 457, 455, 273, 253, 454, 453, 252, 240, 250, 456, 6, 161, 149, 141, 109, 86, 288, 202, 236, 235, 201, 12, 6, 4, 10, 340, 291, 292, 341, 285, 286, 327, 326, 215, 216, 286, 285, 184, 185, 216, 215, 152, 153, 185, 184, 116, 117, 153, 152, 93, 94, 117, 116, 111, 110, 99, 100, 144, 143, 110, 111, 178, 177, 143, 144, 208, 207, 177, 178, 280, 279, 207, 208, 309, 308, 279, 280, 343, 342, 308, 309, 388, 386, 342, 343, 115, 114, 91, 92, 151, 150, 114, 115, 183, 182, 150, 151, 214, 213, 182, 183, 284, 283, 213, 214, 319, 318, 283, 284, 350, 349, 318, 319, 384, 383, 349, 350, 113, 112, 78, 79, 148, 147, 112, 113, 181, 180, 147, 148, 212, 211, 180, 181, 282, 281, 211, 212, 317, 316, 281, 282, 346, 345, 316, 317, 389, 387, 345, 346, 347, 348, 382, 381, 326, 327, 348, 347, 130, 146, 176, 154, 176, 146, 179, 200, 200, 179, 210, 217, 217, 210, 287, 289, 289, 287, 334, 335, 335, 334, 385, 380, 380, 385, 415, 414, 414, 415, 462, 440, 440, 462, 463, 464, 463, 468, 464, 464, 468, 475, 467, 463, 462, 485, 484, 484, 485, 481, 480, 467, 475, 478, 471, 471, 478, 480, 473, 480, 481, 473, 473, 481, 483, 476, 476, 483, 482, 474, 474, 482, 479, 472, 472, 479, 477, 469, 469, 477, 470, 466, 466, 470, 465, 461, 461, 465, 439, 416, 416, 439, 391, 390, 390, 391, 351, 344, 344, 351, 290, 307, 307, 290, 218, 234, 234, 218, 187, 209, 209, 187, 168, 186, 186, 168, 139, 175, 108, 145, 175, 139, 140, 145, 108, 106, 137, 140, 106, 84, 138, 137, 84, 105, 142, 138, 105, 107, 154, 142, 107, 130, 33, 31, 30, 29, 33, 30, 25, 26, 29, 25, 18, 22, 26, 18, 15, 20, 22, 15, 13, 13, 11, 20, 17, 20, 11, 8, 19, 17, 8, 9, 21, 19, 9, 14, 24, 21, 14, 16, 27, 24, 16, 23, 32, 27, 23, 28, 28, 34, 35, 32, 34, 38, 39, 35, 38, 42, 43, 39, 42, 47, 46, 43, 47, 51, 50, 46, 51, 56, 54, 50, 56, 61, 57, 54, 61, 67, 60, 57, 67, 71, 64, 60, 71, 73, 66, 64, 73, 85, 69, 66, 69, 85, 74, 68, 74, 72, 65, 68, 72, 70, 62, 65, 70, 63, 59, 62, 63, 58, 55, 59, 58, 53, 52, 55, 48, 52, 53, 49, 44, 48, 49, 45, 41, 44, 45, 40, 37, 41, 40, 36, 33, 37, 36, 31, 131, 136, 104, 76, 76, 104, 397, 392, 392, 397, 361, 352, 352, 361, 306, 301, 301, 306, 223, 220, 220, 223, 193, 188, 188, 193, 160, 155, 155, 160, 123, 118, 118, 123, 98, 89, 89, 98, 403, 398, 398, 403, 373, 368, 368, 373, 315, 310, 310, 315, 233, 228, 228, 233, 199, 194, 194, 199, 167, 162, 162, 167, 129, 124, 124, 129, 83, 87, 87, 83, 293, 292, 293, 336, 341, 292, 341, 336, 274, 269, 269, 274, 253, 239, 239, 253, 321, 325, 325, 321, 363, 367, 367, 363, 413, 408, 408, 413, 379, 374, 374, 379, 333, 328, 328, 333, 278, 235, 206, 201, 235, 278, 201, 206, 174, 169, 169, 174, 136, 131, 324, 322, 260, 240, 366, 364, 322, 324, 409, 410, 430, 366, 375, 376, 410, 409, 329, 330, 376, 375, 236, 275, 330, 329, 330, 275, 236, 0, 2, 329, 170, 171, 203, 2, 132, 133, 171, 170, 77, 101, 133, 132, 393, 394, 421, 77, 393, 1, 3, 77, 101, 394, 302, 303, 358, 3, 221, 224, 303, 302, 189, 190, 224, 221, 156, 157, 190, 189, 119, 120, 157, 156, 90, 95, 120, 119, 399, 400, 427, 90, 369, 370, 400, 399, 311, 312, 370, 369, 229, 230, 312, 311, 195, 196, 230, 229, 163, 164, 196, 195, 125, 126, 164, 163, 88, 80, 126, 125, 291, 296, 268, 88, 10, 296, 291, 12]
            uniform token subdivisionScheme = "none"

            def GeomSubset "Yellow" (
                prepend apiSchemas = ["MaterialBindingAPI"]
            )
            {
                token elementType = "face"
                token familyName = "materialBind"
                int[] indices = [0, 1, 2, 3, 4, 5, 6, 7, 8, 9, 10, 11, 12, 13, 14, 15, 16, 17, 18, 19, 20, 21, 22, 23, 24, 25, 26, 27, 28, 29, 30, 31, 32, 33, 34, 35, 36, 37, 38, 39, 40, 41, 42, 43, 44, 45, 46, 47, 48, 49, 50, 51, 52, 53, 54, 55, 56, 57, 58, 59, 60, 61, 62, 63, 64, 65, 66, 67, 68, 69, 70, 71, 72, 73, 74, 75, 76, 77, 78, 79, 80, 81, 82, 83, 84, 85, 86, 87, 88, 89, 90, 91, 92, 93, 94, 95, 96, 97, 98, 99, 100, 101, 102, 103, 104, 105, 106, 139, 140, 141, 142, 143, 144, 145, 146, 147, 148, 149, 150, 151, 152, 153, 154, 155, 156, 157, 158, 159, 160, 161, 162, 163, 164, 165, 166, 167, 168, 169, 170, 171, 172, 173, 174, 175, 176, 177, 178, 179, 180, 181, 182, 183, 184, 185, 186, 187, 188, 189, 190, 191, 192, 193, 194, 195, 196, 197, 198, 199, 200, 201, 202, 203, 204, 205, 206, 207, 208, 209, 210, 211, 212, 213, 214, 215, 216, 217, 218, 219, 220, 221, 222, 223, 224, 225, 226, 227, 228, 229, 230, 231, 232, 233, 234, 235, 236, 237, 238, 239, 240, 241, 242, 243, 244, 245, 246, 247, 248, 249, 250, 251, 252, 253, 254, 255, 256, 257, 258, 259, 260, 261, 262, 263, 264, 265, 266]
                rel material:binding = </World/Looks/Yellow>
            }

            def GeomSubset "Purpel" (
                prepend apiSchemas = ["MaterialBindingAPI"]
            )
            {
                token elementType = "face"
                token familyName = "materialBind"
                int[] indices = [107, 108, 109, 110, 111, 112, 113, 114, 115, 116, 117, 118, 119, 120, 121, 122, 123, 124, 125, 126, 127, 128, 129, 130, 131, 132, 133, 134, 135, 136, 137, 138]
                rel material:binding = </World/Looks/Purpel>
            }
        }
    }

    def Xform "Unisex_toilets_icon"
    {
        float3 xformOp:rotateXYZ = (-90.000015, -0, 0)
        float3 xformOp:scale = (100, 100, 100)
        double3 xformOp:translate = (0, 0, 0)
        uniform token[] xformOpOrder = ["xformOp:translate", "xformOp:rotateXYZ", "xformOp:scale"]

        def Mesh "Unisex_toilets_svg_001" (
            prepend apiSchemas = ["MaterialBindingAPI"]
        )
        {
            float3[] extent = [(-0.4838317, -0.045154754, -0.3871161), (0.4838316, 0.04480805, 0.38711613)]
            int[] faceVertexCounts = [3, 3, 3, 3, 3, 3, 3, 3, 3, 3, 3, 3, 3, 3, 3, 3, 3, 3, 3, 3, 3, 3, 3, 3, 3, 3, 3, 3, 3, 3, 3, 3, 3, 3, 3, 3, 3, 3, 3, 3, 3, 3, 3, 3, 3, 3, 3, 3, 3, 3, 3, 3, 3, 3, 3, 3, 3, 3, 3, 3, 3, 3, 3, 3, 3, 3, 3, 3, 3, 3, 3, 3, 3, 3, 3, 3, 3, 3, 3, 3, 3, 3, 3, 3, 3, 3, 3, 3, 3, 3, 3, 3, 3, 3, 3, 3, 3, 3, 3, 3, 3, 3, 3, 3, 3, 3, 3, 3, 3, 3, 3, 3, 3, 3, 3, 3, 3, 3, 3, 3, 3, 3, 3, 3, 3, 3, 3, 3, 3, 3, 3, 3, 3, 3, 3, 3, 3, 3, 3, 3, 3, 3, 3, 3, 3, 3, 3, 3, 3, 3, 3, 3, 3, 3, 3, 3, 3, 3, 3, 3, 3, 3, 3, 3, 3, 3, 3, 3, 3, 3, 3, 3, 3, 3, 3, 3, 3, 3, 3, 3, 3, 3, 3, 3, 3, 3, 3, 3, 3, 3, 3, 3, 3, 3, 3, 3, 3, 3, 3, 3, 3, 3, 3, 3, 3, 3, 3, 3, 3, 3, 3, 3, 3, 3, 3, 3, 3, 3, 3, 3, 3, 3, 3, 3, 3, 3, 3, 3, 3, 3, 3, 3, 3, 3, 3, 3, 3, 3, 3, 3, 3, 3, 3, 3, 3, 3, 3, 3, 3, 3, 3, 3, 3, 3, 3, 3, 3, 3, 3, 3, 3, 3, 3, 3, 3, 3, 3, 3, 3, 3, 3, 3, 3, 3, 3, 3, 3, 3, 3, 3, 3, 3, 3, 3, 3, 3, 3, 3, 3, 3, 3, 3, 3, 3, 3, 3, 3, 3, 3, 3, 3, 3, 3, 3, 3, 3, 3, 3, 3, 3, 3, 3, 3, 3, 3, 3, 3, 3, 3, 3, 3, 3, 3, 3, 3, 3, 3, 3, 3, 3, 3, 3, 3, 3, 3, 3, 3, 3, 3, 3, 3, 3, 3, 3, 3, 3, 3, 3, 3, 3, 3, 3, 3, 3, 3, 3, 3, 3, 3, 3, 3, 3, 3, 3, 3, 3, 3, 3, 3, 3, 3, 3, 3, 3, 3, 3, 3, 3, 3, 3, 3, 3, 3, 3, 3, 3, 3, 3, 3, 3, 3, 3, 3, 3, 3, 3, 3, 3, 3, 3, 3, 3, 3, 3, 3, 3, 3, 3, 3, 3, 3, 3, 3, 3, 3, 3, 3, 3, 3, 3, 3, 3, 3, 3, 3, 3, 3, 3, 3, 3, 3, 3, 3, 3, 3, 3, 3, 3, 3, 3, 3, 3, 3, 3, 3, 3, 3, 3, 3, 3, 3, 3, 3, 3, 3, 3, 3, 3, 3, 3, 3, 3, 3, 3, 3, 3, 3, 3, 3, 3, 3, 3, 3, 3, 3, 3, 3, 3, 3, 3, 3, 3, 3, 3, 3, 3, 3, 3, 3, 3, 3, 3, 3, 3, 3, 3, 3, 3, 3, 3, 3, 3, 3, 3, 3, 3, 3, 3, 3, 3, 3, 3, 3, 3, 3, 3, 3, 3, 3, 3, 3, 3, 3, 3, 3, 3, 3, 3, 3, 3, 3, 3, 3, 3, 3, 3, 3, 3, 3, 3, 3, 3, 3, 3, 3, 3, 3, 3, 3, 3, 3, 3, 3, 3, 3, 3, 3, 3, 3, 3, 3, 3, 3, 3, 3, 3, 3, 3, 3, 3, 3, 3, 3, 3, 3, 3, 3, 3, 3, 3, 3, 3, 3, 3, 3, 3, 3, 3, 3, 3, 3, 3, 3, 3, 3, 3, 3, 3, 3, 3, 3, 3, 3, 3, 3, 3, 3, 3, 3, 3, 3, 3, 3, 3, 3, 3, 3, 3, 3, 3, 3, 3, 3, 3, 3, 3, 3, 3, 3, 3, 3, 3, 3, 3, 3, 3, 3, 3, 3, 3, 3, 3, 3, 3, 3, 3, 3, 3, 3, 3, 3, 3, 3, 3, 3, 3, 3, 3, 3, 3, 3, 3, 3, 3, 3, 3, 3, 3, 3, 3, 3, 3, 3, 3, 3, 3, 3, 3, 3, 3, 3, 3, 3, 3, 3, 3, 3, 3, 3, 3, 3, 3, 3, 3, 3, 3, 3, 3, 3, 3, 3, 3, 3, 3, 3, 3, 3, 3, 3, 3, 3, 3, 3, 3, 3, 3, 3, 3, 3, 3, 3, 3, 3, 3, 3, 3, 3, 3, 3, 3, 3, 3, 3, 3, 3, 3, 3, 3, 3, 3, 3, 3, 3, 3, 3, 3, 3, 3, 3, 3, 3, 3, 3, 3, 3, 3, 3, 3, 3, 3, 3, 3, 3, 3, 3, 3, 3, 3, 3, 3, 3, 3, 3, 3, 3, 3, 3, 3, 3, 3, 3, 3, 3, 3, 3, 3, 3, 3, 3, 3, 3, 3, 3, 3, 3, 3, 3, 3, 3, 3, 3, 3, 3, 3, 3, 3, 3, 3, 3, 3, 3, 3, 3, 3, 3, 3, 3, 3, 3, 3, 3, 3, 3, 3, 3, 3, 3, 3, 3, 3, 3, 3, 3, 3, 3, 3, 3, 3, 3, 3, 3, 3, 3, 3, 3, 3, 3, 3, 3, 3, 3, 3, 3, 3, 3, 3, 3, 3, 3, 3, 3, 3, 3, 3, 3, 3, 3, 3, 3, 3, 3, 3, 3, 3, 3, 3, 3, 3, 3, 3, 3, 3, 3, 3, 3, 3, 3, 3, 3, 3, 3, 3, 3, 3, 3, 3, 3, 3, 3, 3, 3, 3, 3, 3, 3, 3, 3, 3, 3, 3, 3, 3, 3, 3, 3, 3, 3, 3, 3, 3, 3, 3, 3, 3, 3, 3, 3, 3, 3, 3, 3, 3, 3, 3, 3, 3, 3, 3, 3, 3, 3, 3, 3, 3, 3, 3, 3, 3, 3, 3, 3, 3, 3, 3, 3, 3, 3, 3, 3, 3, 3, 3, 3, 3, 3, 3, 3, 3, 3, 3, 3, 3, 3, 3, 3, 3, 3, 3, 3, 3, 3, 3, 3, 3, 3, 3, 3, 3, 3, 3, 3, 3, 3, 3, 3, 3, 3, 3, 3, 3, 3, 3, 3, 3, 3, 3, 3, 3, 3, 3, 3, 3, 3, 3, 3, 3, 3, 3, 3, 3, 3, 3, 3, 3, 3, 3, 3, 3, 3, 3, 3, 3, 3, 3, 3, 3, 3, 3, 3, 3, 3, 3, 3, 3, 3, 3, 3, 3, 3, 3, 3, 3, 3, 3, 3, 3, 3, 3, 3, 3, 3, 3, 3, 3, 3, 3, 3, 3, 3, 3, 3, 3, 3, 3, 3, 3, 3, 3, 3, 3, 3, 3, 3, 3, 3, 3, 3, 3, 3, 3, 3, 3, 3, 3, 3, 3, 3, 3, 3, 3, 3, 3, 3, 3, 3, 3, 3, 3, 3, 3, 3, 3, 3, 3, 3, 3, 3, 3, 3, 3, 3, 3, 3, 3, 3, 3, 3, 3, 3, 3, 3, 3, 3, 3, 3, 3, 3, 3, 3, 3, 3, 3, 3, 3, 3, 3, 3, 3, 3, 3, 3, 3, 3, 3, 3, 3, 3, 3, 3, 3, 3, 3, 3, 3, 3, 3, 3, 3, 3, 3, 3, 3, 3, 3, 3, 3, 3, 3, 3, 3, 3, 3, 3, 3, 3, 3, 3, 3, 3, 3, 3, 3, 3, 3, 3, 3, 3, 3, 3, 3, 3, 3, 3, 3, 3, 3, 3, 3, 3, 3, 3, 3, 3, 3, 3, 3, 3, 3, 3, 3, 3, 3, 3, 3, 3, 3, 3, 3, 3, 3, 3, 3, 3, 3, 3, 3, 3, 3, 3, 3, 3, 3, 3, 3, 3, 3, 3, 3, 3, 3, 3, 3, 3, 3, 3, 3, 3, 3, 3, 3, 3, 3, 3, 3, 3, 3, 3, 3, 3, 3, 3, 3, 3, 3, 3, 3, 3, 3, 3, 3, 3, 3, 3, 3, 3, 3, 3, 3, 3, 3, 3, 3, 3, 3, 3, 3, 3, 3, 3, 3, 3, 3, 3, 3, 3, 3, 3, 3, 3, 3, 3, 3, 3, 3, 3, 3, 3, 3, 3, 3, 3, 3, 3, 3, 3, 3, 3, 3, 3, 3, 3, 3, 3, 3, 3, 3, 3, 3, 3, 3, 3, 3, 3, 3, 3, 3, 3, 3, 3, 3, 3, 3, 3, 3, 3, 3, 3, 3, 3, 3, 3, 3, 3, 3, 3, 3, 3, 3, 3, 3, 3, 3, 3, 3, 3, 3, 3, 3, 3, 3, 3, 3, 3, 3, 3, 3, 3, 3, 3, 3, 3, 3, 3, 3, 3, 3, 3, 3, 3, 3, 3, 3, 3, 3, 3, 3, 3, 3, 3, 3, 3, 3, 3, 3, 3, 3, 3, 3, 3, 3, 3, 3, 3, 3, 3, 3, 3, 3, 3, 3, 3, 3, 3, 3, 3, 3, 3, 3, 3, 3, 3, 3, 3, 3, 3, 3, 3, 3, 3, 3, 3, 3, 3, 3, 3, 3, 3, 3, 3, 3, 3, 3, 3, 3, 3, 3, 3, 3, 3, 3, 3, 3, 3, 3, 3, 3, 3, 3, 3, 3, 3, 3, 3, 3, 3, 3, 3, 3, 3, 3, 3, 3, 3, 3, 3, 3, 3, 3, 3, 3, 3, 3, 3, 3, 3, 3, 3, 3, 3, 3, 3, 3, 3, 3, 3, 3, 3, 3, 3, 3, 3, 3, 3, 3, 3, 3, 3, 3]
            int[] faceVertexIndices = [267, 252, 260, 376, 378, 380, 209, 215, 219, 50, 65, 13, 163, 165, 167, 654, 649, 641, 737, 735, 733, 572, 566, 562, 436, 432, 420, 524, 522, 520, 649, 263, 262, 106, 494, 107, 15, 403, 16, 650, 264, 263, 107, 495, 108, 651, 265, 264, 108, 496, 109, 64, 452, 65, 652, 266, 265, 109, 497, 110, 653, 267, 266, 110, 498, 111, 414, 28, 27, 111, 499, 112, 112, 500, 113, 113, 501, 114, 115, 501, 502, 115, 503, 116, 116, 504, 117, 17, 403, 404, 117, 505, 118, 17, 405, 18, 118, 506, 119, 18, 406, 19, 119, 507, 120, 19, 407, 20, 120, 508, 121, 20, 408, 21, 121, 509, 122, 21, 409, 22, 122, 510, 123, 22, 410, 23, 123, 511, 124, 23, 411, 24, 124, 512, 125, 25, 411, 412, 268, 656, 269, 100, 488, 101, 25, 413, 26, 656, 270, 269, 126, 514, 127, 26, 414, 27, 657, 271, 270, 127, 515, 128, 677, 291, 290, 271, 659, 272, 128, 516, 129, 659, 273, 272, 129, 517, 130, 660, 274, 273, 130, 518, 131, 661, 275, 274, 131, 519, 132, 662, 276, 275, 132, 520, 133, 663, 277, 276, 133, 521, 134, 664, 278, 277, 134, 522, 135, 665, 279, 278, 135, 523, 136, 666, 280, 279, 136, 524, 137, 667, 281, 280, 137, 525, 138, 668, 282, 281, 138, 526, 139, 669, 283, 282, 139, 527, 140, 670, 284, 283, 140, 528, 141, 671, 285, 284, 141, 529, 142, 29, 415, 416, 672, 286, 285, 142, 530, 143, 29, 417, 30, 673, 287, 286, 143, 531, 144, 30, 418, 31, 674, 288, 287, 144, 532, 145, 31, 419, 32, 675, 289, 288, 145, 533, 146, 32, 420, 33, 289, 677, 290, 146, 534, 147, 33, 421, 34, 147, 535, 148, 34, 422, 35, 148, 536, 149, 35, 423, 36, 149, 537, 150, 37, 423, 424, 150, 538, 151, 37, 425, 38, 151, 539, 152, 38, 426, 39, 152, 540, 153, 39, 427, 40, 153, 541, 154, 40, 428, 41, 154, 542, 155, 41, 429, 42, 155, 543, 156, 42, 430, 43, 156, 544, 157, 43, 431, 44, 157, 545, 158, 44, 432, 45, 158, 546, 159, 45, 433, 46, 159, 547, 160, 47, 433, 434, 437, 51, 50, 161, 547, 548, 47, 435, 48, 678, 292, 291, 161, 549, 162, 48, 436, 49, 292, 680, 293, 162, 550, 163, 49, 437, 50, 680, 294, 293, 163, 551, 164, 681, 295, 294, 164, 552, 165, 682, 296, 295, 166, 552, 553, 683, 297, 296, 166, 554, 167, 684, 298, 297, 167, 555, 168, 685, 299, 298, 168, 556, 169, 686, 300, 299, 169, 557, 170, 687, 301, 300, 170, 558, 171, 301, 689, 302, 171, 559, 172, 302, 690, 303, 172, 560, 173, 690, 304, 303, 173, 513, 126, 691, 305, 304, 174, 562, 175, 692, 306, 305, 175, 563, 176, 693, 307, 306, 176, 564, 177, 452, 66, 65, 307, 695, 308, 177, 565, 178, 51, 439, 52, 308, 696, 309, 178, 566, 179, 52, 440, 53, 696, 310, 309, 179, 567, 180, 53, 441, 54, 697, 311, 310, 180, 568, 181, 54, 442, 55, 698, 312, 311, 181, 569, 182, 55, 443, 56, 699, 313, 312, 182, 570, 183, 56, 444, 57, 700, 314, 313, 183, 571, 184, 57, 445, 58, 184, 572, 185, 58, 446, 59, 595, 209, 208, 59, 447, 60, 60, 448, 61, 61, 449, 62, 13, 401, 14, 14, 402, 15, 607, 221, 220, 702, 316, 315, 703, 317, 316, 62, 450, 63, 704, 318, 317, 186, 574, 187, 705, 319, 318, 187, 575, 188, 706, 320, 319, 189, 575, 576, 707, 321, 320, 189, 577, 190, 708, 322, 321, 190, 578, 191, 709, 323, 322, 191, 579, 192, 710, 324, 323, 192, 580, 193, 711, 325, 324, 193, 581, 194, 712, 326, 325, 194, 582, 195, 713, 327, 326, 195, 583, 196, 714, 328, 327, 196, 584, 197, 715, 329, 328, 197, 585, 198, 63, 451, 64, 716, 330, 329, 198, 586, 199, 717, 331, 330, 199, 587, 200, 76, 464, 77, 718, 332, 331, 200, 588, 201, 66, 454, 67, 719, 333, 332, 201, 589, 202, 67, 455, 68, 720, 334, 333, 202, 590, 203, 68, 456, 69, 721, 335, 334, 203, 591, 204, 69, 457, 70, 722, 336, 335, 204, 592, 205, 70, 458, 71, 723, 337, 336, 205, 593, 206, 71, 459, 72, 464, 78, 77, 206, 594, 207, 72, 460, 73, 207, 595, 208, 73, 461, 74, 489, 103, 102, 74, 462, 75, 75, 463, 76, 387, 1, 0, 654, 268, 267, 209, 597, 210, 210, 598, 211, 211, 599, 212, 212, 600, 213, 213, 601, 214, 214, 602, 215, 215, 603, 216, 216, 604, 217, 217, 605, 218, 339, 727, 340, 218, 606, 219, 340, 728, 341, 219, 561, 174, 341, 729, 342, 342, 730, 343, 343, 731, 344, 243, 631, 244, 344, 732, 345, 78, 466, 79, 345, 733, 346, 79, 467, 80, 346, 734, 347, 80, 468, 81, 347, 735, 348, 81, 469, 82, 349, 735, 736, 82, 470, 83, 349, 737, 350, 83, 471, 84, 350, 738, 351, 84, 472, 85, 351, 739, 352, 85, 473, 86, 352, 740, 353, 86, 474, 87, 353, 741, 354, 512, 0, 125, 87, 475, 88, 354, 742, 355, 608, 222, 221, 88, 476, 89, 355, 743, 356, 609, 223, 222, 89, 477, 90, 356, 744, 357, 610, 224, 223, 90, 478, 91, 357, 745, 358, 611, 225, 224, 91, 479, 92, 358, 746, 359, 612, 226, 225, 92, 480, 93, 359, 747, 360, 613, 227, 226, 94, 480, 481, 360, 748, 361, 614, 228, 227, 94, 482, 95, 362, 748, 749, 615, 229, 228, 95, 483, 96, 363, 749, 750, 616, 230, 229, 96, 484, 97, 363, 751, 364, 617, 231, 230, 97, 485, 98, 364, 752, 365, 618, 232, 231, 98, 486, 99, 365, 753, 366, 619, 233, 232, 99, 487, 100, 366, 754, 367, 620, 234, 233, 572, 186, 185, 367, 755, 368, 621, 235, 234, 368, 756, 369, 622, 236, 235, 369, 757, 370, 623, 237, 236, 370, 758, 371, 624, 238, 237, 371, 759, 372, 625, 239, 238, 372, 760, 373, 239, 627, 240, 373, 761, 374, 627, 241, 240, 374, 762, 375, 628, 242, 241, 375, 763, 376, 629, 243, 242, 376, 764, 377, 701, 315, 314, 377, 765, 378, 378, 766, 379, 379, 767, 380, 380, 768, 381, 381, 769, 382, 382, 770, 383, 1, 389, 2, 383, 771, 384, 2, 390, 3, 384, 772, 385, 3, 391, 4, 385, 773, 386, 4, 392, 5, 386, 726, 339, 5, 393, 6, 6, 394, 7, 7, 395, 8, 631, 245, 244, 488, 102, 101, 8, 396, 9, 632, 246, 245, 9, 397, 10, 633, 247, 246, 10, 398, 11, 634, 248, 247, 11, 399, 12, 635, 249, 248, 636, 250, 249, 637, 251, 250, 638, 252, 251, 639, 253, 252, 640, 254, 253, 641, 255, 254, 642, 256, 255, 399, 13, 12, 256, 644, 257, 644, 258, 257, 645, 259, 258, 724, 338, 337, 646, 260, 259, 103, 491, 104, 647, 261, 260, 104, 492, 105, 648, 262, 261, 105, 493, 106, 725, 220, 338, 220, 221, 243, 221, 222, 226, 243, 232, 238, 222, 223, 224, 224, 225, 226, 226, 227, 228, 228, 229, 230, 230, 231, 226, 231, 232, 226, 232, 233, 236, 233, 234, 236, 234, 235, 236, 236, 237, 238, 238, 239, 240, 240, 241, 242, 242, 243, 238, 243, 244, 220, 244, 245, 246, 246, 247, 244, 247, 248, 244, 248, 249, 250, 250, 251, 252, 252, 253, 254, 254, 255, 257, 255, 256, 257, 257, 258, 254, 258, 259, 260, 260, 261, 262, 262, 263, 264, 264, 265, 266, 266, 267, 264, 267, 268, 244, 268, 269, 270, 270, 271, 268, 271, 272, 268, 272, 273, 284, 273, 274, 284, 274, 275, 276, 276, 277, 278, 278, 279, 274, 279, 280, 284, 274, 279, 284, 280, 281, 282, 282, 283, 280, 283, 284, 280, 284, 285, 268, 285, 286, 268, 286, 287, 288, 288, 289, 290, 290, 291, 314, 291, 292, 296, 314, 291, 301, 292, 293, 294, 294, 295, 292, 295, 296, 292, 296, 297, 300, 297, 298, 300, 298, 299, 300, 300, 301, 291, 301, 302, 314, 302, 303, 304, 304, 305, 306, 306, 307, 304, 307, 308, 304, 308, 309, 310, 310, 311, 312, 312, 313, 314, 314, 315, 338, 315, 316, 320, 338, 315, 337, 316, 317, 318, 318, 319, 320, 320, 321, 322, 322, 323, 324, 324, 325, 322, 325, 326, 322, 326, 327, 332, 327, 328, 332, 328, 329, 330, 330, 331, 332, 332, 333, 334, 334, 335, 336, 336, 337, 332, 326, 315, 320, 232, 243, 221, 222, 224, 226, 334, 336, 332, 315, 326, 337, 230, 226, 228, 332, 328, 330, 226, 232, 221, 326, 332, 337, 232, 236, 238, 322, 326, 320, 242, 238, 240, 320, 316, 318, 338, 220, 268, 220, 244, 268, 248, 250, 267, 250, 252, 267, 252, 254, 260, 260, 254, 258, 260, 262, 267, 262, 264, 267, 267, 244, 248, 274, 276, 278, 286, 288, 290, 268, 286, 290, 302, 304, 308, 308, 310, 302, 310, 312, 302, 314, 338, 290, 312, 314, 302, 296, 300, 291, 268, 290, 338, 268, 272, 284, 386, 339, 344, 339, 340, 344, 340, 341, 342, 342, 343, 344, 344, 345, 386, 345, 346, 382, 386, 345, 382, 346, 347, 350, 347, 348, 350, 348, 349, 350, 350, 351, 346, 351, 352, 356, 352, 353, 354, 354, 355, 356, 356, 357, 346, 357, 358, 370, 346, 357, 381, 358, 359, 362, 359, 360, 362, 360, 361, 362, 362, 363, 368, 363, 364, 368, 364, 365, 366, 366, 367, 368, 368, 369, 362, 369, 370, 358, 362, 369, 358, 370, 371, 374, 371, 372, 374, 372, 373, 374, 374, 375, 370, 375, 376, 380, 376, 377, 378, 378, 379, 380, 380, 381, 370, 381, 382, 346, 370, 381, 357, 382, 383, 386, 383, 384, 386, 384, 385, 386, 340, 342, 344, 351, 356, 346, 352, 354, 356, 364, 366, 368, 375, 380, 370, 219, 174, 209, 174, 175, 185, 175, 176, 177, 177, 178, 179, 179, 180, 181, 181, 182, 183, 183, 184, 181, 184, 185, 181, 185, 186, 209, 186, 187, 197, 207, 197, 198, 187, 188, 189, 189, 190, 191, 191, 192, 193, 193, 194, 195, 195, 196, 193, 196, 197, 189, 193, 196, 189, 198, 199, 201, 199, 200, 201, 201, 202, 203, 203, 204, 205, 205, 206, 207, 207, 208, 197, 208, 209, 186, 209, 210, 213, 210, 211, 213, 211, 212, 213, 213, 214, 215, 215, 216, 217, 217, 218, 219, 174, 185, 209, 175, 177, 179, 185, 175, 179, 179, 181, 185, 187, 189, 197, 186, 197, 208, 189, 191, 193, 198, 201, 207, 201, 203, 205, 205, 207, 201, 213, 215, 209, 215, 217, 219, 124, 125, 122, 125, 0, 102, 0, 1, 12, 1, 2, 4, 12, 1, 6, 2, 3, 4, 4, 5, 1, 5, 6, 1, 6, 7, 11, 7, 8, 11, 8, 9, 10, 10, 11, 8, 11, 12, 6, 13, 14, 15, 12, 13, 0, 123, 124, 122, 125, 102, 103, 13, 15, 16, 16, 17, 27, 17, 18, 22, 18, 19, 20, 20, 21, 18, 21, 22, 18, 22, 23, 26, 23, 24, 26, 24, 25, 26, 26, 27, 22, 27, 28, 13, 28, 29, 30, 30, 31, 32, 32, 33, 50, 33, 34, 50, 34, 35, 38, 35, 36, 38, 36, 37, 38, 38, 39, 34, 39, 40, 44, 40, 41, 42, 42, 43, 44, 44, 45, 34, 45, 46, 34, 46, 47, 50, 47, 48, 50, 48, 49, 50, 50, 51, 65, 51, 52, 54, 65, 51, 62, 52, 53, 54, 54, 55, 56, 56, 57, 58, 58, 59, 60, 60, 61, 58, 61, 62, 51, 58, 61, 51, 62, 63, 65, 63, 64, 65, 65, 66, 77, 66, 67, 68, 77, 66, 76, 54, 56, 51, 56, 58, 51, 42, 44, 40, 39, 44, 34, 30, 32, 28, 27, 13, 16, 13, 28, 50, 17, 22, 27, 125, 103, 114, 120, 121, 122, 118, 119, 120, 116, 117, 118, 114, 115, 118, 115, 116, 118, 112, 113, 108, 113, 114, 108, 110, 111, 112, 108, 109, 110, 106, 107, 108, 104, 105, 106, 103, 104, 108, 99, 100, 97, 100, 101, 78, 122, 125, 120, 104, 106, 108, 98, 99, 97, 100, 78, 89, 97, 100, 96, 112, 108, 110, 96, 100, 95, 108, 114, 103, 95, 100, 89, 94, 95, 89, 114, 118, 120, 93, 94, 90, 114, 120, 125, 92, 93, 90, 90, 94, 89, 91, 92, 90, 101, 102, 13, 102, 0, 13, 88, 89, 78, 86, 87, 88, 84, 85, 88, 85, 86, 88, 82, 83, 84, 80, 81, 82, 78, 79, 80, 75, 76, 72, 72, 66, 71, 77, 78, 101, 78, 80, 82, 82, 84, 78, 101, 13, 65, 84, 88, 78, 74, 75, 72, 66, 72, 76, 72, 73, 74, 70, 71, 66, 68, 69, 70, 46, 50, 34, 32, 50, 28, 68, 70, 66, 77, 101, 65, 173, 126, 131, 126, 127, 131, 127, 128, 129, 129, 130, 131, 131, 132, 173, 132, 133, 169, 173, 132, 169, 133, 134, 137, 134, 135, 137, 135, 136, 137, 137, 138, 133, 138, 139, 143, 139, 140, 141, 141, 142, 143, 143, 144, 133, 144, 145, 157, 133, 144, 168, 145, 146, 149, 146, 147, 149, 147, 148, 149, 149, 150, 155, 150, 151, 155, 151, 152, 153, 153, 154, 155, 155, 156, 149, 156, 157, 145, 149, 156, 145, 157, 158, 161, 158, 159, 161, 159, 160, 161, 161, 162, 157, 162, 163, 167, 163, 164, 165, 165, 166, 167, 167, 168, 157, 168, 169, 133, 157, 168, 144, 169, 170, 173, 170, 171, 173, 171, 172, 173, 127, 129, 131, 138, 143, 133, 139, 141, 143, 151, 153, 155, 162, 167, 157, 725, 724, 702, 724, 723, 719, 702, 713, 707, 723, 722, 721, 721, 720, 719, 719, 718, 717, 717, 716, 715, 715, 714, 719, 714, 713, 719, 713, 712, 709, 712, 711, 709, 711, 710, 709, 709, 708, 707, 707, 706, 705, 705, 704, 703, 703, 702, 707, 702, 701, 725, 701, 700, 699, 699, 698, 697, 697, 696, 695, 695, 694, 693, 693, 692, 691, 691, 690, 693, 690, 689, 693, 689, 688, 701, 688, 687, 685, 687, 686, 685, 685, 684, 683, 683, 682, 681, 681, 680, 679, 679, 678, 681, 678, 677, 701, 677, 676, 675, 675, 674, 677, 674, 673, 677, 673, 672, 661, 672, 671, 661, 671, 670, 669, 669, 668, 667, 667, 666, 669, 666, 665, 661, 669, 666, 671, 665, 664, 663, 663, 662, 665, 662, 661, 665, 661, 660, 673, 660, 659, 673, 659, 658, 657, 657, 656, 655, 655, 654, 631, 654, 653, 649, 631, 654, 637, 653, 652, 651, 651, 650, 653, 650, 649, 653, 649, 648, 645, 648, 647, 645, 647, 646, 645, 645, 644, 641, 644, 643, 642, 641, 644, 642, 641, 640, 637, 640, 639, 637, 639, 638, 637, 637, 636, 635, 635, 634, 633, 633, 632, 631, 631, 630, 607, 630, 629, 625, 607, 630, 608, 629, 628, 627, 627, 626, 625, 625, 624, 623, 623, 622, 621, 621, 620, 623, 620, 619, 623, 619, 618, 613, 618, 617, 613, 617, 616, 615, 615, 614, 613, 613, 612, 611, 611, 610, 609, 609, 608, 613, 619, 630, 625, 713, 702, 724, 723, 721, 719, 611, 609, 613, 630, 619, 608, 715, 719, 717, 613, 617, 615, 719, 713, 724, 619, 613, 608, 713, 709, 707, 623, 619, 625, 703, 707, 705, 625, 629, 627, 607, 725, 655, 725, 701, 677, 701, 699, 689, 699, 697, 689, 697, 695, 689, 695, 693, 689, 688, 685, 678, 701, 688, 678, 685, 683, 678, 683, 681, 678, 661, 671, 666, 659, 657, 655, 673, 655, 677, 637, 635, 631, 635, 633, 631, 631, 607, 655, 725, 677, 655, 645, 641, 649, 641, 637, 654, 655, 673, 659, 727, 726, 769, 726, 773, 769, 773, 772, 771, 771, 770, 769, 769, 768, 727, 768, 767, 731, 727, 768, 731, 767, 766, 763, 766, 765, 763, 765, 764, 763, 763, 762, 767, 762, 761, 757, 761, 760, 759, 759, 758, 757, 757, 756, 767, 756, 755, 743, 767, 756, 732, 755, 754, 751, 754, 753, 751, 753, 752, 751, 751, 750, 745, 750, 749, 745, 749, 748, 747, 747, 746, 745, 745, 744, 751, 744, 743, 755, 751, 744, 755, 743, 742, 739, 742, 741, 739, 741, 740, 739, 739, 738, 743, 738, 737, 733, 737, 736, 735, 735, 734, 733, 733, 732, 743, 732, 731, 767, 743, 732, 756, 731, 730, 727, 730, 729, 727, 729, 728, 727, 773, 771, 769, 762, 757, 767, 761, 759, 757, 749, 747, 745, 738, 733, 743, 562, 561, 572, 561, 606, 596, 606, 605, 604, 604, 603, 602, 602, 601, 600, 600, 599, 598, 598, 597, 600, 597, 596, 600, 596, 595, 572, 595, 594, 584, 574, 584, 583, 594, 593, 592, 592, 591, 590, 590, 589, 588, 588, 587, 586, 586, 585, 588, 585, 584, 592, 588, 585, 592, 583, 582, 580, 582, 581, 580, 580, 579, 578, 578, 577, 576, 576, 575, 574, 574, 573, 584, 573, 572, 595, 572, 571, 568, 571, 570, 568, 570, 569, 568, 568, 567, 566, 566, 565, 564, 564, 563, 562, 561, 596, 572, 606, 604, 602, 596, 606, 602, 602, 600, 596, 594, 592, 584, 595, 584, 573, 592, 590, 588, 583, 580, 574, 580, 578, 576, 576, 574, 580, 568, 566, 572, 566, 564, 562, 387, 512, 489, 512, 511, 507, 489, 512, 490, 511, 510, 509, 509, 508, 507, 507, 506, 505, 505, 504, 503, 503, 502, 505, 502, 501, 505, 501, 500, 495, 500, 499, 495, 499, 498, 497, 497, 496, 495, 495, 494, 493, 493, 492, 491, 491, 490, 495, 501, 512, 507, 488, 487, 465, 487, 486, 484, 465, 487, 476, 493, 491, 495, 512, 501, 490, 486, 485, 484, 487, 484, 483, 495, 499, 497, 487, 483, 482, 501, 495, 490, 487, 482, 476, 482, 481, 476, 505, 501, 507, 481, 480, 477, 480, 479, 477, 481, 477, 476, 507, 511, 509, 479, 478, 477, 476, 475, 465, 388, 387, 399, 387, 489, 400, 475, 474, 470, 465, 475, 470, 387, 400, 399, 489, 488, 400, 390, 389, 388, 392, 391, 390, 394, 393, 388, 393, 392, 388, 396, 395, 394, 398, 397, 396, 399, 398, 388, 402, 401, 400, 404, 403, 414, 403, 402, 400, 406, 405, 404, 408, 407, 404, 407, 406, 404, 410, 409, 408, 412, 411, 410, 414, 413, 412, 416, 415, 437, 415, 414, 400, 418, 417, 416, 420, 419, 416, 419, 418, 416, 422, 421, 426, 421, 420, 426, 424, 423, 422, 426, 425, 424, 428, 427, 426, 430, 429, 428, 432, 431, 426, 431, 430, 426, 434, 433, 436, 433, 432, 436, 436, 435, 434, 438, 437, 452, 437, 436, 416, 452, 437, 415, 440, 439, 438, 442, 441, 440, 444, 443, 442, 446, 445, 448, 445, 444, 448, 448, 447, 446, 450, 449, 438, 449, 448, 438, 452, 451, 450, 454, 453, 456, 453, 452, 464, 456, 455, 454, 458, 457, 453, 457, 456, 453, 460, 459, 463, 459, 458, 463, 462, 461, 460, 464, 463, 453, 463, 462, 460, 466, 465, 470, 465, 464, 488, 468, 467, 466, 470, 469, 468, 472, 471, 470, 474, 473, 472, 390, 388, 392, 474, 472, 470, 470, 468, 466, 458, 453, 463, 452, 450, 438, 444, 442, 438, 442, 440, 438, 430, 428, 426, 426, 424, 422, 432, 426, 420, 415, 400, 452, 414, 412, 410, 400, 414, 403, 410, 408, 414, 398, 396, 394, 398, 394, 388, 408, 404, 414, 488, 464, 452, 448, 444, 438, 400, 488, 452, 420, 416, 436, 514, 513, 556, 513, 560, 556, 560, 559, 558, 558, 557, 556, 556, 555, 514, 555, 554, 518, 514, 555, 518, 554, 553, 550, 553, 552, 550, 552, 551, 550, 550, 549, 554, 549, 548, 544, 548, 547, 546, 546, 545, 544, 544, 543, 554, 543, 542, 530, 554, 543, 519, 542, 541, 538, 541, 540, 538, 540, 539, 538, 538, 537, 532, 537, 536, 532, 536, 535, 534, 534, 533, 532, 532, 531, 538, 531, 530, 542, 538, 531, 542, 530, 529, 526, 529, 528, 526, 528, 527, 526, 526, 525, 530, 525, 524, 520, 524, 523, 522, 522, 521, 520, 520, 519, 530, 519, 518, 554, 530, 519, 543, 518, 517, 514, 517, 516, 514, 516, 515, 514, 560, 558, 556, 549, 544, 554, 548, 546, 544, 536, 534, 532, 525, 520, 530, 649, 650, 263, 106, 493, 494, 15, 402, 403, 650, 651, 264, 107, 494, 495, 651, 652, 265, 108, 495, 496, 64, 451, 452, 652, 653, 266, 109, 496, 497, 653, 654, 267, 110, 497, 498, 414, 415, 28, 111, 498, 499, 112, 499, 500, 113, 500, 501, 115, 114, 501, 115, 502, 503, 116, 503, 504, 17, 16, 403, 117, 504, 505, 17, 404, 405, 118, 505, 506, 18, 405, 406, 119, 506, 507, 19, 406, 407, 120, 507, 508, 20, 407, 408, 121, 508, 509, 21, 408, 409, 122, 509, 510, 22, 409, 410, 123, 510, 511, 23, 410, 411, 124, 511, 512, 25, 24, 411, 268, 655, 656, 100, 487, 488, 25, 412, 413, 656, 657, 270, 126, 513, 514, 26, 413, 414, 657, 658, 271, 127, 514, 515, 677, 678, 291, 271, 658, 659, 128, 515, 516, 659, 660, 273, 129, 516, 517, 660, 661, 274, 130, 517, 518, 661, 662, 275, 131, 518, 519, 662, 663, 276, 132, 519, 520, 663, 664, 277, 133, 520, 521, 664, 665, 278, 134, 521, 522, 665, 666, 279, 135, 522, 523, 666, 667, 280, 136, 523, 524, 667, 668, 281, 137, 524, 525, 668, 669, 282, 138, 525, 526, 669, 670, 283, 139, 526, 527, 670, 671, 284, 140, 527, 528, 671, 672, 285, 141, 528, 529, 29, 28, 415, 672, 673, 286, 142, 529, 530, 29, 416, 417, 673, 674, 287, 143, 530, 531, 30, 417, 418, 674, 675, 288, 144, 531, 532, 31, 418, 419, 675, 676, 289, 145, 532, 533, 32, 419, 420, 289, 676, 677, 146, 533, 534, 33, 420, 421, 147, 534, 535, 34, 421, 422, 148, 535, 536, 35, 422, 423, 149, 536, 537, 37, 36, 423, 150, 537, 538, 37, 424, 425, 151, 538, 539, 38, 425, 426, 152, 539, 540, 39, 426, 427, 153, 540, 541, 40, 427, 428, 154, 541, 542, 41, 428, 429, 155, 542, 543, 42, 429, 430, 156, 543, 544, 43, 430, 431, 157, 544, 545, 44, 431, 432, 158, 545, 546, 45, 432, 433, 159, 546, 547, 47, 46, 433, 437, 438, 51, 161, 160, 547, 47, 434, 435, 678, 679, 292, 161, 548, 549, 48, 435, 436, 292, 679, 680, 162, 549, 550, 49, 436, 437, 680, 681, 294, 163, 550, 551, 681, 682, 295, 164, 551, 552, 682, 683, 296, 166, 165, 552, 683, 684, 297, 166, 553, 554, 684, 685, 298, 167, 554, 555, 685, 686, 299, 168, 555, 556, 686, 687, 300, 169, 556, 557, 687, 688, 301, 170, 557, 558, 301, 688, 689, 171, 558, 559, 302, 689, 690, 172, 559, 560, 690, 691, 304, 173, 560, 513, 691, 692, 305, 174, 561, 562, 692, 693, 306, 175, 562, 563, 693, 694, 307, 176, 563, 564, 452, 453, 66, 307, 694, 695, 177, 564, 565, 51, 438, 439, 308, 695, 696, 178, 565, 566, 52, 439, 440, 696, 697, 310, 179, 566, 567, 53, 440, 441, 697, 698, 311, 180, 567, 568, 54, 441, 442, 698, 699, 312, 181, 568, 569, 55, 442, 443, 699, 700, 313, 182, 569, 570, 56, 443, 444, 700, 701, 314, 183, 570, 571, 57, 444, 445, 184, 571, 572, 58, 445, 446, 595, 596, 209, 59, 446, 447, 60, 447, 448, 61, 448, 449, 13, 400, 401, 14, 401, 402, 607, 608, 221, 702, 703, 316, 703, 704, 317, 62, 449, 450, 704, 705, 318, 186, 573, 574, 705, 706, 319, 187, 574, 575, 706, 707, 320, 189, 188, 575, 707, 708, 321, 189, 576, 577, 708, 709, 322, 190, 577, 578, 709, 710, 323, 191, 578, 579, 710, 711, 324, 192, 579, 580, 711, 712, 325, 193, 580, 581, 712, 713, 326, 194, 581, 582, 713, 714, 327, 195, 582, 583, 714, 715, 328, 196, 583, 584, 715, 716, 329, 197, 584, 585, 63, 450, 451, 716, 717, 330, 198, 585, 586, 717, 718, 331, 199, 586, 587, 76, 463, 464, 718, 719, 332, 200, 587, 588, 66, 453, 454, 719, 720, 333, 201, 588, 589, 67, 454, 455, 720, 721, 334, 202, 589, 590, 68, 455, 456, 721, 722, 335, 203, 590, 591, 69, 456, 457, 722, 723, 336, 204, 591, 592, 70, 457, 458, 723, 724, 337, 205, 592, 593, 71, 458, 459, 464, 465, 78, 206, 593, 594, 72, 459, 460, 207, 594, 595, 73, 460, 461, 489, 490, 103, 74, 461, 462, 75, 462, 463, 387, 388, 1, 654, 655, 268, 209, 596, 597, 210, 597, 598, 211, 598, 599, 212, 599, 600, 213, 600, 601, 214, 601, 602, 215, 602, 603, 216, 603, 604, 217, 604, 605, 339, 726, 727, 218, 605, 606, 340, 727, 728, 219, 606, 561, 341, 728, 729, 342, 729, 730, 343, 730, 731, 243, 630, 631, 344, 731, 732, 78, 465, 466, 345, 732, 733, 79, 466, 467, 346, 733, 734, 80, 467, 468, 347, 734, 735, 81, 468, 469, 349, 348, 735, 82, 469, 470, 349, 736, 737, 83, 470, 471, 350, 737, 738, 84, 471, 472, 351, 738, 739, 85, 472, 473, 352, 739, 740, 86, 473, 474, 353, 740, 741, 512, 387, 0, 87, 474, 475, 354, 741, 742, 608, 609, 222, 88, 475, 476, 355, 742, 743, 609, 610, 223, 89, 476, 477, 356, 743, 744, 610, 611, 224, 90, 477, 478, 357, 744, 745, 611, 612, 225, 91, 478, 479, 358, 745, 746, 612, 613, 226, 92, 479, 480, 359, 746, 747, 613, 614, 227, 94, 93, 480, 360, 747, 748, 614, 615, 228, 94, 481, 482, 362, 361, 748, 615, 616, 229, 95, 482, 483, 363, 362, 749, 616, 617, 230, 96, 483, 484, 363, 750, 751, 617, 618, 231, 97, 484, 485, 364, 751, 752, 618, 619, 232, 98, 485, 486, 365, 752, 753, 619, 620, 233, 99, 486, 487, 366, 753, 754, 620, 621, 234, 572, 573, 186, 367, 754, 755, 621, 622, 235, 368, 755, 756, 622, 623, 236, 369, 756, 757, 623, 624, 237, 370, 757, 758, 624, 625, 238, 371, 758, 759, 625, 626, 239, 372, 759, 760, 239, 626, 627, 373, 760, 761, 627, 628, 241, 374, 761, 762, 628, 629, 242, 375, 762, 763, 629, 630, 243, 376, 763, 764, 701, 702, 315, 377, 764, 765, 378, 765, 766, 379, 766, 767, 380, 767, 768, 381, 768, 769, 382, 769, 770, 1, 388, 389, 383, 770, 771, 2, 389, 390, 384, 771, 772, 3, 390, 391, 385, 772, 773, 4, 391, 392, 386, 773, 726, 5, 392, 393, 6, 393, 394, 7, 394, 395, 631, 632, 245, 488, 489, 102, 8, 395, 396, 632, 633, 246, 9, 396, 397, 633, 634, 247, 10, 397, 398, 634, 635, 248, 11, 398, 399, 635, 636, 249, 636, 637, 250, 637, 638, 251, 638, 639, 252, 639, 640, 253, 640, 641, 254, 641, 642, 255, 642, 643, 256, 399, 400, 13, 256, 643, 644, 644, 645, 258, 645, 646, 259, 724, 725, 338, 646, 647, 260, 103, 490, 491, 647, 648, 261, 104, 491, 492, 648, 649, 262, 105, 492, 493, 725, 607, 220]
            rel material:binding = </World/Looks/Yellow>
            normal3f[] normals = [(-2.1839638e-10, -1, -2.9167214e-8), (-2.287265e-8, -1, -2.1860724e-7), (-1.2445403e-7, -1, -1.3380173e-7), (0, -1, 0.0000019262582), (0, -1, 1.0691943e-7), (0, -1, 0.0000013422047), (0, -1, 5.5414795e-8), (0, -1, 4.4787728e-7), (0, -1, 0.0000015217241), (-1.3362864e-8, -1, -6.2474264e-8), (9.119115e-10, -1, 5.2390842e-8), (-9.100071e-10, -1, -2.5850935e-7), (0, -1, 0), (0, -1, 0), (0, -1, -7.5702836e-8), (-2.1655458e-8, 1, 5.7251793e-8), (0, 1, 0), (0, 1, 4.7177288e-8), (0, 1, -5.4374148e-8), (0, 1, -0.0000012079487), (0, 1, -5.5494798e-8), (6.9520716e-15, 1, 2.0207199e-7), (0, 1, -4.2246904e-7), (0, 1, 6.017775e-8), (0, 1, -5.1713798e-8), (0, 1, -9.3556885e-8), (0, 1, 8.294016e-8), (0, 1, 0), (0, 1, 0), (0, 1, 0.0000013737991), (0.9135147, 3.0986916e-7, -0.40680578), (0.9135152, 1.4161721e-8, -0.40680462), (0.91351515, 0, -0.40680456), (-0.82889396, 0, -0.5594057), (-0.82890165, 0, -0.5593943), (-0.8288936, 0, -0.5594062), (0.25727767, 6.561805e-8, -0.9663375), (0.2572813, 2.3519189e-9, -0.9663366), (0.2572775, 6.7969964e-8, -0.9663375), (0.95800304, 3.542625e-7, -0.28675795), (0.9580028, 1.624426e-8, -0.28675878), (0.95800287, 0, -0.28675884), (-0.7507357, 0, -0.66060275), (-0.7507357, 0, -0.66060275), (-0.75073576, 0, -0.6606027), (0.9869901, -3.778639e-7, -0.16078123), (0.98699015, 7.7244044e-7, -0.16078101), (0.98699015, 8.281411e-7, -0.160781), (-0.6606051, 0, -0.7507336), (-0.6606051, 0, -0.7507336), (-0.6606051, 0, -0.75073355), (-0.053051338, 1.026656e-7, -0.9985918), (-0.05305541, 6.943455e-8, -0.99859154), (-0.053051192, 1.0385904e-7, -0.9985918), (0.9995379, -3.6806782e-7, -0.03039587), (0.9995379, 7.631406e-7, -0.030395864), (0.9995379, 8.186143e-7, -0.030395865), (-0.5593966, 0, -0.82890016), (-0.5593966, 0, -0.82890016), (-0.55939656, 0, -0.82890016), (0.99474895, -3.7697424e-7, 0.102345355), (0.99474895, 7.483041e-7, 0.10234519), (0.99474895, 8.0454487e-7, 0.10234519), (-0.4479907, 0, -0.89403826), (-0.44798097, 0, -0.8940431), (-0.44799116, 0, -0.8940381), (0.95382833, -1.3671125e-7, 0.3003523), (0.95382833, -5.876467e-9, 0.3003523), (0.95382833, -2.3804562e-7, 0.3003523), (-0.32753912, 0, -0.94483757), (-0.3275285, 0, -0.9448413), (-0.32753965, 0, -0.94483745), (-0.19968574, -2.786015e-7, -0.97986), (-0.19968574, -1.32605456e-8, -0.97986), (-0.19968571, -2.9186202e-7, -0.9798599), (-0.06690956, -3.3171648e-7, -0.99775904), (-0.06690956, -3.197135e-7, -0.99775904), (-0.06690956, -3.323324e-7, -0.99775904), (0.06690665, -3.1507452e-7, -0.9977592), (0.066929355, -1.5376234e-8, -0.9977577), (0.066930525, 0, -0.9977577), (0.19970252, 0, -0.9798566), (0.19970252, 0, -0.9798566), (0.19970249, 0, -0.9798565), (0.32754257, 0, -0.9448364), (0.32754257, 0, -0.9448364), (0.32754257, 0, -0.94483644), (0.36227235, 5.4568922e-8, -0.9320723), (0.36227232, 1.8930245e-7, -0.9320723), (0.36227232, 1.9622169e-7, -0.9320723), (0.44799593, 0, -0.89403564), (0.44799584, 0, -0.89403564), (0.44799587, 0, -0.8940355), (0.4832811, 1.1098065e-7, -0.8754652), (0.4832833, 1.9670773e-7, -0.8754641), (0.48328102, 1.0669282e-7, -0.87546533), (0.5593906, 0, -0.8289042), (0.55938226, 0, -0.8289099), (0.55939096, 0, -0.82890385), (0.5945542, 8.5971095e-8, -0.8040555), (0.5945542, 1.01484474e-7, -0.8040555), (0.59455425, 8.520967e-8, -0.8040556), (0.6605875, 0, -0.75074905), (0.6605944, 0, -0.75074303), (0.66058713, 0, -0.7507493), (0.6941944, 9.748177e-8, -0.71978766), (0.6941944, 4.505627e-9, -0.71978766), (0.6941944, 1.019874e-7, -0.71978766), (0.75071156, 0, -0.66063017), (0.7507062, 0, -0.6606361), (0.75071186, 0, -0.66062987), (0.78102, 9.75002e-8, -0.624506), (0.78102124, 4.4729247e-9, -0.6245045), (0.7810199, 1.01973114e-7, -0.62450606), (0.8288696, 0, -0.5594419), (0.8288771, 0, -0.55943066), (0.82886916, 0, -0.55944246), (0.85431427, 1.6040278e-7, -0.51975673), (0.8543135, 7.3321242e-9, -0.5197581), (0.8543143, 1.677349e-7, -0.5197567), (0.8940166, 0, -0.4480338), (0.8940166, 0, -0.4480338), (0.89401656, 0, -0.4480338), (0.9135184, 8.930737e-8, -0.40679735), (0.9135179, 4.081549e-9, -0.4067985), (0.9135185, 9.338893e-8, -0.40679732), (0.9448285, 0, -0.32756534), (0.94482726, 0, -0.32756904), (0.9448286, 0, -0.32756516), (0.958009, 1.798371e-7, -0.28673798), (0.958009, 8.2462055e-9, -0.28673798), (0.958009, 1.880833e-7, -0.28673798), (0.9798526, 0, -0.19972186), (0.97985286, 0, -0.19972073), (0.9798526, 0, -0.19972193), (0.9869952, 1.9356918e-8, -0.16074957), (0.98699516, 8.940322e-10, -0.16074981), (0.9869952, 0, -0.16074982), (0.8946553, 2.3818079e-7, 0.4467572), (0.89465505, -5.191416e-7, 0.4467575), (0.8946553, 3.508622e-7, 0.4467571), (0.99999577, 3.8998003e-8, -0.0029066952), (0.99999577, 7.546877e-8, -0.002906695), (0.99999577, 1.14466765e-7, -0.0029066945), (0.9995395, 4.0766835e-8, -0.030343607), (0.9995395, 1.905865e-9, -0.030343613), (0.99953955, 4.2672703e-8, -0.030343609), (0.8421026, -7.246581e-8, 0.5393174), (0.8421026, -5.6635895e-7, 0.5393174), (0.8421025, -6.388247e-7, 0.5393173), (0.9977411, 0, 0.06717592), (0.9977411, 0, 0.06717568), (0.9977411, 0, 0.06717594), (0.99474424, 7.654065e-9, 0.102390364), (0.99474424, 3.643718e-10, 0.102390364), (0.9947443, 8.0184375e-9, 0.10239037), (0.78063506, 0, 0.6249872), (0.7806355, 0, 0.6249867), (0.7806354, 0, 0.6249866), (0.97973156, 0, 0.20031482), (0.9797317, 0, 0.20031409), (0.97973156, 0, 0.2003149), (-0.9538256, -4.412094e-8, 0.30036095), (-0.9538256, -1.0108664e-7, 0.30036092), (-0.95382553, 0, 0.30036095), (0.7110821, 0, 0.7031089), (0.71108216, 0, 0.70310897), (0.71108216, 0, 0.7031089), (0.9445877, 0, 0.32825932), (0.9445872, 0, 0.32826048), (0.9445877, 0, 0.32825923), (0.63417244, -1.14604326e-7, 0.77319163), (0.6341719, -1.4423611e-8, 0.7731921), (0.63417184, 0, 0.77319217), (0.8937191, 0, 0.4486271), (0.8937206, 0, 0.44862404), (0.8937189, 0, 0.44862732), (0.5505363, 0, 0.8348113), (0.55053556, 0, 0.83481175), (0.55053544, 0, 0.8348118), (0.8286255, 1.6022396e-7, 0.55980337), (0.82862306, 1.12623955e-8, 0.55980706), (0.8286256, 1.7148635e-7, 0.5598031), (0.46075174, 0, 0.887529), (0.46075174, 0, 0.8875291), (0.46075174, 0, 0.8875291), (0.7506106, 6.7284915e-8, 0.6607449), (0.7506139, 2.6384674e-7, 0.66074103), (0.7506103, 5.2475805e-8, 0.6607452), (0.36540753, 9.187121e-8, 0.93084764), (0.3654092, 1.165201e-8, 0.930847), (0.36540946, 0, 0.93084687), (0.6607297, 1.8245121e-8, 0.7506239), (0.6607297, 2.6041025e-7, 0.7506239), (0.6607297, 0, 0.7506239), (0.26519653, 1.811659e-8, 0.96419436), (0.26519474, 1.4163909e-7, 0.9641949), (0.26519445, 1.5975569e-7, 0.9641949), (0.55979186, 0, 0.8286332), (0.55979186, 0, 0.8286332), (0.5597919, 0, 0.8286332), (0.1609914, 0, 0.9869558), (0.1609914, 0, 0.9869558), (0.1609914, 0, 0.9869558), (0.4486203, 0, 0.8937225), (0.4486142, 0, 0.8937256), (0.44862083, 0, 0.8937223), (0.053947575, 1.1511513e-7, 0.9985438), (0.053945668, 1.5153708e-8, 0.9985439), (0.053945377, 0, 0.9985439), (0.328254, 0, 0.94458944), (0.32824728, 0, 0.9445918), (0.32825455, 0, 0.94458926), (-0.053938214, 2.2633108e-8, 0.9985442), (-0.053940125, 1.7193241e-7, 0.99854416), (-0.05394041, 1.9456552e-7, 0.99854416), (0.20030263, 0, 0.9797341), (0.20030971, 0, 0.97973263), (0.20030208, 0, 0.97973424), (-0.16095473, 0, 0.9869618), (-0.16095665, 0, 0.9869615), (-0.16095692, 0, 0.9869614), (0.06717425, 0, 0.9977412), (0.067174256, 0, 0.9977413), (0.067174256, 0, 0.9977413), (-0.26509705, 1.4600302e-7, 0.9642218), (-0.2650989, 1.8674212e-8, 0.96422124), (-0.26509917, 0, 0.9642212), (-0.06716119, 0, 0.9977421), (-0.067175575, 0, 0.9977412), (-0.06716003, 0, 0.99774224), (-0.3652337, 1.811946e-8, 0.9309159), (-0.36523545, 1.4287605e-7, 0.93091524), (-0.36523572, 1.6099551e-7, 0.9309152), (-0.2002994, 0, 0.9797348), (-0.2002994, 0, 0.9797348), (-0.2002994, 0, 0.9797347), (-0.46048847, 0, 0.8876657), (-0.46049073, 0, 0.8876645), (-0.46049115, 0, 0.8876643), (-0.3282443, 0, 0.94459283), (-0.3282375, 0, 0.9445952), (-0.32824484, 0, 0.94459265), (-0.5501878, 6.766599e-8, 0.8350409), (-0.55018854, 8.513003e-9, 0.83504045), (-0.5501886, 0, 0.8350404), (-0.44860864, 1.8116283e-7, 0.8937283), (-0.44860864, 1.282371e-8, 0.8937283), (-0.44860864, 1.9398655e-7, 0.8937283), (0.8943017, -5.8293907e-8, 0.44746444), (0.8943017, -7.536893e-9, 0.4474644), (0.8943017, 0, 0.4474644), (-0.63375425, 3.624433e-8, 0.7735345), (-0.6337543, 2.8812312e-7, 0.7735345), (-0.6337543, 3.2436745e-7, 0.7735345), (-0.55979633, 1.824476e-8, 0.82863015), (-0.55979633, 2.595599e-7, 0.82863015), (-0.5597964, 0, 0.8286302), (0.8416747, -1.1010488e-7, 0.5399849), (0.841675, -1.40688154e-8, 0.5399844), (0.84167475, -1.241737e-7, 0.539985), (-0.7106239, 0, 0.70357215), (-0.7106251, 0, 0.7035709), (-0.71062523, 0, 0.7035706), (-0.66074246, 0, 0.7506127), (-0.6607424, 0, 0.7506128), (-0.6607425, 0, 0.75061274), (0.7801738, 0, 0.6255629), (0.78017414, 0, 0.62556237), (0.7801737, 0, 0.62556297), (-0.7801738, 0, 0.6255629), (-0.78017414, 0, 0.6255624), (-0.78017414, 0, 0.6255623), (-0.7506298, 0, 0.660723), (-0.75062644, 0, 0.6607268), (-0.7506301, 0, 0.66072273), (0.7106244, 0, 0.7035717), (0.7106244, 0, 0.7035716), (0.7106244, 0, 0.7035716), (-0.8416748, 1.4870735e-8, 0.53998476), (-0.8416754, 1.9001305e-9, 0.53998387), (-0.8416754, 0, 0.5399837), (-0.82863915, 0, 0.5597831), (-0.82863915, 0, 0.5597831), (-0.8286392, 0, 0.55978316), (0.63375586, 0, 0.7735331), (0.6337552, 0, 0.77353364), (0.6337559, 0, 0.773533), (-0.89430124, -1.16569346e-7, 0.44746542), (-0.89430124, -1.5071457e-8, 0.4474654), (-0.8943012, -1.316408e-7, 0.4474654), (-0.893733, 0, 0.44859916), (-0.89373463, 0, 0.4485961), (-0.89373296, 0, 0.44859943), (0.55018866, 3.3984353e-8, 0.8350404), (0.55018866, 4.2755444e-9, 0.8350404), (0.5501886, 3.8259895e-8, 0.8350404), (-0.94459784, 0, 0.32823005), (-0.94459707, 0, 0.32823235), (-0.94459784, 0, 0.32822984), (0.4604889, 1.8121254e-8, 0.88766545), (0.46049052, 1.4365881e-7, 0.8876646), (0.4604887, 0, 0.88766557), (-0.97973573, 0, 0.2002949), (-0.9797359, 0, 0.20029338), (-0.97973555, 0, 0.20029497), (0.36523572, 0, 0.9309151), (0.36523572, 0, 0.9309151), (0.36523572, 0, 0.9309152), (-0.99774134, 0, 0.067173176), (-0.9977414, 0, 0.0671727), (-0.99774134, 0, 0.06717321), (0.2650991, 1.8116587e-8, 0.9642212), (0.26509726, 1.4164354e-7, 0.96422166), (0.26509702, 1.5976013e-7, 0.9642217), (-0.9977418, 0, -0.06716666), (-0.99774176, 0, -0.0671669), (-0.9977417, 0, -0.067166634), (0.16095473, 1.8112322e-8, 0.9869618), (0.16095665, 1.3989182e-7, 0.9869615), (0.16095445, 0, 0.9869618), (-0.9797359, 0, -0.20029338), (-0.9797356, 0, -0.20029485), (-0.979736, 0, -0.20029327), (0.053938214, 0, 0.9985442), (0.053940125, 0, 0.99854416), (0.053937927, 0, 0.9985443), (-0.94459695, 0, -0.32823244), (-0.94459736, 0, -0.32823125), (-0.944597, 0, -0.32823256), (-0.05394041, 1.4279185e-7, 0.99854416), (-0.053940415, 1.8797058e-8, 0.99854416), (-0.05394041, 1.615889e-7, 0.99854416), (-0.8937347, 0, -0.44859597), (-0.8937339, 0, -0.44859752), (-0.89373475, 0, -0.44859585), (-0.16095635, 1.8112337e-8, 0.9869615), (-0.16095255, 1.3989194e-7, 0.98696214), (-0.16095692, 0, 0.9869614), (-0.8286379, 0, -0.559785), (-0.82863903, 0, -0.5597832), (-0.8286377, 0, -0.5597851), (-0.26509726, 0, 0.96422166), (-0.2650991, 0, 0.9642212), (-0.26509702, 0, 0.9642217), (-0.7506283, 0, -0.6607247), (-0.75062996, 0, -0.6607228), (-0.7506281, 0, -0.6607249), (-0.36523402, 1.8178217e-7, 0.93091565), (-0.36523575, 2.3053513e-8, 0.93091506), (-0.36523378, 2.0483569e-7, 0.93091583), (-0.6607401, 0, -0.7506148), (-0.66074234, 0, -0.75061285), (-0.66073984, 0, -0.7506149), (-0.4604887, 0, 0.88766557), (-0.4604887, 0, 0.8876655), (-0.4604887, 0, 0.88766557), (-0.55979645, -3.3666828e-7, -0.8286302), (-0.5597964, -2.3664798e-8, -0.8286302), (-0.5597964, -3.6033305e-7, -0.82863015), (-0.5501891, 0, 0.8350401), (-0.5501891, 0, 0.8350401), (-0.5501891, 0, 0.83504015), (-0.44861245, -1.8243732e-8, -0.89372647), (-0.44861546, -2.5773102e-7, -0.8937249), (-0.44861218, 0, -0.89372647), (-0.63375366, 3.4225968e-7, 0.77353495), (-0.6337542, 4.3054424e-8, 0.77353454), (-0.63375354, 3.853141e-7, 0.7735351), (-0.3282373, 0, -0.94459534), (-0.32824066, 0, -0.94459414), (-0.328237, 0, -0.94459534), (-0.7106249, -3.4142843e-7, 0.7035711), (-0.71062386, -4.3052516e-8, 0.70357215), (-0.7106237, 0, 0.7035723), (-0.9538231, -6.5312537e-7, 0.30036888), (-0.9538231, -2.6700894e-7, 0.30036888), (-0.95382303, -9.521776e-7, 0.30036882), (-0.20029968, -9.120036e-9, -0.9797347), (-0.20030326, -1.2511438e-7, -0.97973394), (-0.20030354, -1.3423443e-7, -0.97973394), (-0.7801728, 0, 0.6255641), (-0.7801732, 0, 0.62556356), (-0.7801727, 0, 0.6255641), (-0.9947503, 7.596791e-8, 0.10233192), (-0.9947503, 3.6164096e-9, 0.10233192), (-0.99475026, 0, 0.10233192), (-0.06716401, -1.1398034e-8, -0.99774194), (-0.06716401, -1.525049e-7, -0.99774194), (-0.067164004, 0, -0.9977419), (-0.8416751, 1.2610876e-7, 0.5399842), (-0.8416754, 1.6113736e-8, 0.5399838), (-0.8416751, 1.422225e-7, 0.5399843), (-0.99953806, 8.217119e-8, -0.030391917), (-0.99953806, 3.841487e-9, -0.030391827), (-0.999538, 8.601267e-8, -0.030391918), (0.06717425, 0, -0.9977412), (0.06717425, 0, -0.9977412), (0.067174256, 0, -0.9977413), (-0.89430135, 5.8971654e-8, 0.44746512), (-0.8943016, 7.62452e-9, 0.4474647), (-0.89430135, 6.659617e-8, 0.4474652), (-0.98699045, 0, -0.16077884), (-0.98699045, 0, -0.1607786), (-0.98699045, 0, -0.16077858), (0.20030677, 0, -0.9797333), (0.20031391, 0, -0.97973174), (0.2003062, 0, -0.97973335), (-0.9580033, -4.4496392e-8, -0.2867574), (-0.9580031, -2.0403523e-9, -0.2867578), (-0.9580031, 0, -0.28675783), (0.3282543, -2.4263497e-7, -0.94458944), (0.3282509, -1.7376866e-8, -0.9445905), (0.32825455, -2.600118e-7, -0.94458926), (-0.91351527, 1.9792997e-8, -0.4068046), (-0.91351527, 9.045848e-10, -0.4068046), (-0.91351515, 0, -0.40680456), (0.44861397, -1.4109635e-7, -0.8937256), (0.44861707, -9.987574e-9, -0.8937241), (0.44861725, 0, -0.8937239), (-0.85431767, 2.0423293e-7, -0.51975125), (-0.85431844, 9.335627e-9, -0.51975), (-0.8543185, 0, -0.51974994), (0.55979186, 0, -0.8286332), (0.55979186, 0, -0.8286332), (0.5597919, 0, -0.8286332), (-0.7810311, 2.0206026e-7, -0.62449217), (-0.7810311, 9.2696055e-9, -0.62449217), (-0.78103113, 0, -0.6244922), (0.6607294, -2.1136889e-7, -0.7506242), (0.660725, -1.4808967e-8, -0.7506281), (0.6607297, -2.2617786e-7, -0.7506238), (-0.6942116, 4.5700252e-9, -0.7197709), (-0.6942116, 9.887763e-8, -0.719771), (-0.6942116, 1.0344766e-7, -0.719771), (0.75061405, -1.1790178e-7, -0.66074085), (0.7506124, -2.6739397e-7, -0.6607428), (0.75061417, -1.0663893e-7, -0.66074073), (-0.59457886, 1.4350212e-7, -0.80403733), (-0.59457767, 6.7136248e-9, -0.80403817), (-0.5945776, 0, -0.8040382), (0.8286208, -1.8244569e-8, -0.55981034), (0.82862204, -2.5955703e-7, -0.5598085), (0.8286207, 0, -0.5598104), (-0.4833061, 6.893096e-10, -0.87545145), (-0.4833083, 1.9146438e-7, -0.8754502), (-0.4833084, 2.0100597e-7, -0.8754502), (0.8937193, 0, -0.44862667), (0.89372003, 0, -0.44862512), (0.8937192, 0, -0.4486268), (-0.3622992, 1.8436138e-7, -0.93206185), (-0.36229432, 9.004766e-9, -0.9320637), (-0.3622995, 1.9336616e-7, -0.9320618), (0.9445877, 0, -0.32825932), (0.9445872, 0, -0.32826048), (0.9445877, 0, -0.32825923), (-0.25201425, 9.318192e-8, -0.96772355), (-0.252018, 1.3174626e-7, -0.96772254), (-0.25201413, 9.175998e-8, -0.96772355), (0.97973114, 0, -0.2003171), (0.97973144, 0, -0.20031564), (0.97973114, 0, -0.20031723), (-0.15432084, 2.286552e-9, -0.98802084), (-0.1543248, 6.556553e-8, -0.9880201), (-0.15432495, 6.7852085e-8, -0.9880202), (0.9977412, 0, -0.06717472), (0.9977412, 0, -0.06717472), (0.9977412, 0, -0.06717472), (-0.055828, 0, -0.9984404), (-0.055832103, 0, -0.99844015), (-0.055832252, 0, -0.9984402), (-0.06665135, 0, 0.9977763), (-0.06666685, 0, 0.9977753), (-0.06665076, 0, 0.9977763), (0.042179447, 8.0366846e-8, -0.99911004), (0.0421836, 2.728818e-9, -0.99910986), (0.04218375, 0, -0.99910986), (-0.19912282, 0, 0.9799745), (-0.19912285, 0, 0.9799745), (-0.19912282, 0, 0.97997457), (0.13865474, 6.490551e-8, -0.9903408), (0.13865884, 1.0393153e-7, -0.99034023), (0.13865897, 1.0529142e-7, -0.9903401), (-0.32685763, 0, 0.94507354), (-0.3268576, 0, 0.94507354), (-0.32685763, 0, 0.9450736), (-0.9504946, 0, 0.31074122), (-0.95049447, 0, 0.3107413), (-0.9504945, 0, 0.3107414), (0.23276839, 1.6449876e-7, -0.97253215), (0.2327724, 7.372484e-8, -0.97253126), (0.23276825, 1.6764334e-7, -0.97253215), (-0.4474152, 0, 0.89432627), (-0.44740203, 0, 0.89433295), (-0.4474157, 0, 0.8943261), (-0.9947564, -7.046671e-7, 0.10227234), (-0.9947564, 7.326397e-7, 0.10227234), (-0.99475646, -7.765094e-7, 0.10227235), (0.32386494, 1.02838115e-7, -0.94610333), (0.32386494, 2.087854e-7, -0.94610333), (0.32386494, 9.918064e-8, -0.94610333), (-0.55904347, 0, 0.82913834), (-0.55902064, 0, 0.82915384), (-0.5590443, 0, 0.8291378), (-0.99953663, 3.682378e-8, -0.030436601), (-0.99953663, 1.7215047e-9, -0.030436601), (-0.99953663, 3.8545288e-8, -0.030436603), (0.41145152, 1.04960876e-7, -0.91143167), (0.411455, 3.4972256e-9, -0.91143006), (0.41145515, 0, -0.91143006), (-0.6604996, 0, 0.75082636), (-0.66049016, 0, 0.7508347), (-0.66049993, 0, 0.7508261), (-0.9869848, -3.5167852e-7, -0.16081342), (-0.9869848, -1.6243284e-8, -0.16081367), (-0.98698485, -3.6792184e-7, -0.16081342), (0.49510226, 0, -0.86883473), (0.49510863, 0, -0.8688311), (0.49510887, 0, -0.868831), (-0.75085384, 0, 0.6604684), (-0.7508539, 0, 0.6604684), (-0.7508539, 0, 0.6604684), (-0.95799994, 1.7967237e-7, -0.28676844), (-0.9579995, 8.238653e-9, -0.28676972), (-0.9579999, 1.87911e-7, -0.28676835), (0.57441986, 6.5112964e-8, -0.81856084), (0.57441705, 2.1745155e-9, -0.81856275), (0.57441694, 0, -0.81856275), (-0.82916164, 0, 0.55900884), (-0.8291669, 0, 0.5590011), (-0.8291615, 0, 0.5590091), (-0.9135122, -2.454148e-7, -0.40681142), (-0.9135122, -1.12162954e-8, -0.4068114), (-0.9135122, -2.5663107e-7, -0.4068114), (0.6489506, 1.7231481e-7, -0.7608305), (0.64894927, 5.7768736e-9, -0.7608317), (0.6489492, 0, -0.7608318), (-0.8943414, 0, 0.4473851), (-0.8943414, 0, 0.4473851), (-0.89434135, 0, 0.44738507), (-0.8543216, 6.0023314e-7, -0.51974475), (-0.85432, -7.7074066e-7, -0.5197475), (-0.8543217, 6.6590314e-7, -0.51974463), (0.7181818, 1.2307511e-7, -0.69585556), (0.7181818, 4.1506083e-9, -0.69585556), (0.7181818, 0, -0.69585556), (-0.94508106, 0, 0.32683593), (-0.9450793, 0, 0.32684097), (-0.9450812, 0, 0.32683578), (-0.7810386, 6.968477e-7, -0.6244827), (-0.7810398, -7.633255e-7, -0.62448126), (-0.7810386, 7.670546e-7, -0.6244828), (-0.97997826, 0, 0.19910458), (-0.97997767, 0, 0.19910765), (-0.9799783, 0, 0.19910447), (-0.69422835, 5.0860617e-8, -0.7197549), (-0.69422984, 2.3506372e-9, -0.7197534), (-0.6942283, 5.3211256e-8, -0.71975493), (1, 5.0858606e-8, -3.193737e-7), (1, -2.6148921e-8, -3.1937367e-7), (1, 5.8197788e-8, -3.193737e-7), (-0.59460133, -1.7517117e-8, -0.8040207), (-0.59459937, 3.8906043e-7, -0.8040222), (-0.5946014, -3.7471295e-8, -0.8040207), (-0.4833323, 3.1271045e-7, -0.875437), (-0.4833301, 1.489443e-8, -0.8754382), (-0.4833324, 3.2760485e-7, -0.8754369), (-0.36231625, 7.7916575e-8, -0.93205523), (-0.36231625, 3.8054577e-9, -0.93205523), (-0.36231622, 8.172203e-8, -0.9320552), (0.05196469, 9.260709e-8, -0.99864894), (0.051968664, 6.77558e-8, -0.9986487), (0.051964547, 9.351958e-8, -0.998649), (0.155425, 3.4296979e-9, -0.9878477), (0.15542114, 9.645458e-8, -0.98784834), (0.15542513, 0, -0.98784757), (-0.99999756, 0, -0.002203006), (-0.99999756, 0, -0.0022030058), (-0.9999976, 0, -0.0022030063), (-0.97985554, 0, -0.19970757), (-0.9798558, 0, -0.19970644), (-0.9798557, 0, -0.19970636), (-0.9448352, 0, -0.32754624), (-0.9448352, 0, -0.3275462), (-0.9448352, 0, -0.3275462), (-0.2521834, 2.5870395e-7, -0.96767944), (-0.2521834, 9.466319e-9, -0.96767944), (-0.2521834, 2.6817028e-7, -0.96767944), (-0.8940272, 0, -0.4480129), (-0.8940271, 0, -0.44801283), (-0.8940271, 0, -0.44801286), (-0.9799806, 0, -0.1990929), (-0.9799806, 0, -0.1990929), (-0.9799807, 0, -0.19909292), (-0.8288906, 0, -0.5594108), (-0.82888436, 0, -0.55942), (-0.8288841, 0, -0.55942047), (-0.945083, 0, -0.3268302), (-0.9450848, 0, -0.32682514), (-0.94508296, 0, -0.3268304), (-0.7507194, 0, -0.6606212), (-0.7507247, 0, -0.66061515), (-0.750725, 0, -0.66061485), (-0.8943416, 0, -0.44738477), (-0.89434487, 0, -0.4473782), (-0.89434505, 0, -0.44737798), (-0.6606016, 0, -0.75073665), (-0.6605947, 0, -0.7507428), (-0.6605944, 0, -0.7507431), (-0.8291617, 0, -0.5590087), (-0.8291617, 0, -0.5590087), (-0.8291617, 0, -0.5590087), (-0.5593856, 0, -0.8289076), (-0.55939394, 0, -0.82890195), (-0.5593943, 0, -0.82890165), (-0.7508388, 0, -0.66048545), (-0.750846, 0, -0.6604772), (-0.7508386, 0, -0.6604858), (-0.447993, 0, -0.89403707), (-0.44799307, 0, -0.89403707), (-0.44799304, 0, -0.89403707), (-0.66047984, 0, -0.7508438), (-0.66047984, 0, -0.7508438), (-0.66047984, 0, -0.75084376), (-0.32753524, -3.1074072e-7, -0.944839), (-0.32753524, -1.4527064e-8, -0.944839), (-0.32753527, 0, -0.94483906), (-0.559008, 0, -0.82916224), (-0.559008, 0, -0.82916224), (-0.559008, 0, -0.82916224), (-0.19969437, -2.7111415e-7, -0.9798583), (-0.19969435, -3.9607923e-7, -0.9798582), (-0.19969437, -4.0232408e-7, -0.9798583), (-0.44737396, 0, -0.894347), (-0.44738716, 0, -0.89434046), (-0.44737348, 0, -0.89434725), (-0.06691422, -1.4849843e-8, -0.99775875), (-0.066925555, -3.0426688e-7, -0.997758), (-0.066926144, -3.1911674e-7, -0.997758), (-0.32684168, 0, -0.9450791), (-0.32682708, 0, -0.9450841), (-0.3268422, 0, -0.9450789), (0.06691364, 0, -0.99775875), (0.06691363, 0, -0.99775875), (0.06691363, 0, -0.99775875), (-0.19908993, 0, -0.9799812), (-0.19908993, 0, -0.9799812), (-0.19908993, 0, -0.9799812), (0.19969437, 0, -0.97985816), (0.19969437, 0, -0.9798583), (0.19969437, 0, -0.9798583), (-0.06665082, 0, -0.9977763), (-0.06665082, 0, -0.9977763), (-0.066650815, 0, -0.9977763), (0.3275345, 0, -0.9448392), (0.3275345, 0, -0.9448393), (0.3275345, 0, -0.94483924), (0.06666224, 0, -0.9977756), (0.06666224, 0, -0.9977756), (0.066662244, 0, -0.9977756), (-0.1553928, 1.670315e-7, -0.9878527), (-0.15539667, 5.9403877e-9, -0.98785216), (-0.15539268, 1.7297191e-7, -0.9878529), (0.44799495, 0, -0.8940361), (0.44799498, 0, -0.89403605), (0.44799495, 0, -0.89403605), (0.19911242, 0, -0.97997665), (0.19911239, 0, -0.97997665), (0.1991124, 0, -0.9799766), (0.55939436, 0, -0.8289017), (0.55939436, 0, -0.82890165), (0.5593943, 0, -0.82890165), (0.32684675, 0, -0.94507736), (0.3268613, 0, -0.94507235), (0.32684624, 0, -0.94507754), (-0.010584609, -1.2550286e-7, -0.999944), (-0.010585382, -3.3528703e-8, -0.999944), (-0.0105843255, -1.5903156e-7, -0.999944), (0.66060007, 0, -0.750738), (0.6605863, 0, -0.7507501), (0.66058564, 0, -0.7507507), (0.44739482, 0, -0.8943365), (0.44738165, 0, -0.89434314), (0.4473953, 0, -0.8943363), (-0.9969283, 0, 0.078319825), (-0.9969282, 0, 0.07832021), (-0.9969282, 0, 0.07831981), (0.7507181, 0, -0.66062254), (0.75072354, 0, -0.66061646), (0.75072384, 0, -0.6606162), (0.559, 0, -0.82916766), (0.559, 0, -0.82916766), (0.559, 0, -0.8291676), (-0.9964617, 0, -0.08404773), (-0.9964617, 0, -0.08404773), (-0.99646175, 0, -0.084047735), (0.82888675, 0, -0.5594165), (0.8288881, 0, -0.5594143), (0.8288882, 0, -0.5594142), (0.6604579, 0, -0.7508631), (0.6604579, 0, -0.750863), (0.66045785, 0, -0.750863), (-0.97059804, 0, -0.24070606), (-0.97059774, 0, -0.24070728), (-0.9705981, 0, -0.24070604), (0.89402723, 0, -0.44801265), (0.8940297, 0, -0.44800773), (0.89402986, 0, -0.44800755), (0.750815, 0, -0.66051257), (0.7508077, 0, -0.6605208), (0.7508152, 0, -0.66051227), (-0.92172945, 0, -0.38783345), (-0.9217279, 0, -0.38783726), (-0.92172956, 0, -0.3878334), (0.9448331, 0, -0.3275522), (0.9448344, 0, -0.32754856), (0.94483435, 0, -0.32754833), (0.82912856, 0, -0.559058), (0.82912856, 0, -0.55905807), (0.82912856, 0, -0.559058), (-0.8522072, 4.1411408e-8, -0.52320445), (-0.8522072, 1.1146957e-9, -0.52320445), (-0.85220724, 4.2526104e-8, -0.5232045), (0.9798553, 0, -0.19970863), (0.97985506, 0, -0.19970977), (0.9798551, 0, -0.19970985), (0.8943129, 0, -0.447442), (0.89431626, 0, -0.44743538), (0.89431286, 0, -0.44744226), (-0.76373994, -1.668332e-7, -0.6455241), (-0.7637399, -4.4912363e-9, -0.64552414), (-0.7637399, -1.7132442e-7, -0.6455241), (-0.99999577, 0, -0.0029053208), (-0.9999958, 0, -0.0029053213), (-0.99999577, 0, -0.0029053204), (0.94506615, -4.5041144e-8, -0.32687917), (0.94506437, -1.5628422e-9, -0.32688418), (0.94506615, -4.6603983e-8, -0.32687896), (-0.65739584, -4.0927455e-7, -0.7535454), (-0.6573959, -1.1059164e-8, -0.7535454), (-0.65739584, -4.2033375e-7, -0.7535454), (0.97997266, -4.45438e-8, -0.19913203), (0.9799714, -6.619228e-8, -0.19913824), (0.97997266, -4.37507e-8, -0.19913179), (-0.53400236, -1.6104902e-8, -0.84548295), (-0.5340024, -3.3598886e-7, -0.84548295), (-0.53400236, -7.145197e-9, -0.84548295), (-0.99999577, 0, -0.002905321), (-0.9999958, 0, -0.0029053213), (-0.99999577, 0, -0.0029053204), (-0.39480415, 0, -0.91876525), (-0.39479545, 0, -0.91876906), (-0.39480442, 0, -0.9187652), (-0.24236643, 0, -0.9701848), (-0.24236643, 0, -0.9701848), (-0.24236646, 0, -0.97018486), (0.010585324, 0, -0.999944), (0.010584549, 0, -0.999944), (0.010584267, 0, -0.99994403), (0.95384425, -3.9955303e-8, 0.30030164), (0.95384425, -9.156485e-8, 0.30030167), (0.95384425, 0, 0.30030164), (0.9799697, 2.5020395e-8, 0.19914696), (0.9799703, 1.30125e-7, 0.19914383), (0.97996956, 2.1170111e-8, 0.19914705), (0.94506097, 4.573147e-9, 0.32689434), (0.94506264, 1.3180112e-7, 0.32688928), (0.94506085, 0, 0.3268945), (0.8943125, 0, 0.44744298), (0.89431244, 0, 0.447443), (0.89431244, 0, 0.4474429), (0.82913446, 0, 0.55904925), (0.8291292, 0, 0.55905694), (0.8291346, 0, 0.55904895), (0.75082344, 0, 0.66050303), (0.75082344, 0, 0.66050303), (0.75082344, 0, 0.66050303), (0.6604683, 0, 0.75085396), (0.6604776, 0, 0.7508457), (0.660468, 0, 0.75085425), (0.5590132, 0, 0.8291587), (0.559036, 0, 0.8291433), (0.5590124, 0, 0.8291593), (0.44740993, 0, 0.89432895), (0.44742313, 0, 0.8943224), (0.4474095, 0, 0.89432925), (0.32687744, 0, 0.94506675), (0.32687744, 0, 0.94506675), (0.32687744, 0, 0.94506675), (0.9977415, 0, 0.067169905), (0.9977416, 0, 0.06716967), (0.9977415, 0, 0.06716993), (0.19914538, 0, 0.9799699), (0.19914538, 0, 0.9799699), (0.19914538, 0, 0.9799699), (0.9797332, 0, 0.20030671), (0.9797335, 0, 0.20030527), (0.97973317, 0, 0.20030683), (0.06667836, 0, 0.99777454), (0.066662855, 0, 0.9977755), (0.06667894, 0, 0.99777454), (0.94459295, 0, 0.32824403), (0.9445922, 0, 0.32824638), (0.944593, 0, 0.32824388), (0.8937262, 0, 0.44861284), (0.8937262, 0, 0.44861287), (0.89372617, 0, 0.44861284), (0.82863265, 0, 0.5597927), (0.8286278, 0, 0.5597999), (0.828633, 0, 0.55979216), (0.9999983, 6.25712e-8, -0.0018326478), (0.9999983, 2.121918e-7, -0.0018326475), (0.99999833, 2.74763e-7, -0.0018326476), (0.7506185, 0, 0.66073585), (0.75062186, 0, 0.66073203), (0.7506182, 0, 0.66073614), (-0.97985923, 0, -0.19968969), (-0.9798587, 0, -0.19969194), (-0.97985923, 0, -0.19968955), (0.6607361, 0, 0.75061834), (0.6607361, 0, 0.75061834), (0.6607361, 0, 0.75061834), (-0.9448404, 0, -0.32753113), (-0.9448417, 0, -0.3275275), (-0.9448403, 0, -0.32753134), (0.5597949, 0, 0.82863116), (0.5597949, 0, 0.82863116), (0.5597949, 0, 0.8286312), (-0.8940361, 0, -0.4479948), (-0.894041, 0, -0.4479852), (-0.89403594, 0, -0.44799528), (0.44861037, 3.7181235e-7, 0.8937274), (0.44861647, 2.6318933e-8, 0.8937243), (0.44860992, 3.981313e-7, 0.8937277), (-0.82889783, 0, -0.5594), (-0.82889783, 0, -0.5594), (-0.82889783, 0, -0.5594), (0.32824972, 4.149314e-7, 0.94459105), (0.32824972, 2.831269e-7, 0.94459105), (0.32824972, 2.729591e-7, 0.94459105), (-0.7507304, 0, -0.6606087), (-0.750741, 0, -0.66059655), (-0.7507298, 0, -0.66060925), (0.20030369, 2.7360253e-8, 0.9797339), (0.20029655, 3.7535378e-7, 0.9797353), (0.20030424, 0, 0.9797337), (-0.66060275, 0, -0.7507357), (-0.66060275, 0, -0.7507357), (-0.66060275, 0, -0.75073576), (0.06717162, 0, 0.9977414), (0.06717162, 0, 0.9977414), (0.067171626, 0, 0.99774146), (-0.5593904, 0, -0.82890433), (-0.5594071, 0, -0.828893), (-0.5593896, 0, -0.8289048), (-0.067172, 0, 0.9977414), (-0.067179196, 0, 0.997741), (-0.06717142, 0, 0.99774146), (-0.44798002, 0, -0.89404356), (-0.4479897, 0, -0.8940387), (-0.44797957, 0, -0.89404386), (-0.20030369, 0, 0.9797339), (-0.20029655, 0, 0.9797353), (-0.20030424, 0, 0.9797337), (-0.3275285, 0, -0.9448413), (-0.32753912, 0, -0.94483757), (-0.32752797, 0, -0.9448415), (-0.32824817, 0, 0.94459146), (-0.32824144, 0, 0.94459385), (-0.3282487, 0, 0.94459134), (0.99999577, 0, -0.0029065975), (0.99999577, 0, -0.0029065975), (0.9999957, 0, -0.0029065977), (-0.1996871, 0, -0.9798597), (-0.1996871, 0, -0.9798597), (-0.19968708, 0, -0.97985965), (-0.44861776, 0, 0.8937237), (-0.44861165, 0, 0.8937268), (-0.4486182, 0, 0.8937234), (-0.97985506, 0, -0.19970977), (-0.9798553, 0, -0.19970863), (-0.97985536, 0, -0.1997086), (-0.06690925, 0, -0.99775904), (-0.06690925, 0, -0.99775904), (-0.06690925, 0, -0.99775904), (-0.5597949, 0, 0.82863116), (-0.5597949, 0, 0.82863116), (-0.5597949, 0, 0.8286312), (-0.94483733, 0, -0.32754013), (-0.94483596, 0, -0.3275438), (-0.9448359, 0, -0.32754397), (0.066918, 0, -0.99775845), (0.066918, 0, -0.99775845), (0.06691801, 0, -0.9977585), (-0.6607361, 0, 0.75061834), (-0.6607361, 0, 0.75061834), (-0.6607361, 0, 0.75061834), (-0.8940296, -4.432493e-8, -0.4480078), (-0.89402723, -2.0474864e-9, -0.44801262), (-0.8940271, 0, -0.44801286), (0.19970252, 0, -0.9798566), (0.19970252, 0, -0.9798566), (0.19970249, 0, -0.9798565), (-0.7506211, 0, 0.66073287), (-0.7506177, 0, 0.6607368), (-0.7506213, 0, 0.6607326), (-0.8288845, -3.990409e-7, -0.5594197), (-0.8288859, -1.8299195e-8, -0.55941767), (-0.82888603, 0, -0.5594176), (0.32755375, -2.0154901e-7, -0.9448325), (0.3275431, -9.422136e-9, -0.9448363), (0.32755426, -2.1097115e-7, -0.9448324), (-0.8286279, 1.8627367e-7, 0.5597999), (-0.82863265, 1.3093389e-8, 0.5597927), (-0.8286275, 1.9936707e-7, 0.55980045), (-0.7507237, -3.7247336e-8, -0.6606163), (-0.7507238, -4.00867e-7, -0.66061616), (-0.75072384, -4.1828088e-7, -0.6606162), (0.4479973, -1.9483439e-7, -0.894035), (0.4479877, -4.0390543e-7, -0.89403975), (0.44799775, -1.8470966e-7, -0.8940347), (-0.89372474, 2.0480913e-7, 0.4486158), (-0.8937255, 1.4497527e-8, 0.4486143), (-0.8937247, 2.1930666e-7, 0.4486159), (-0.6605979, -1.8280671e-8, -0.75073993), (-0.6605979, -4.0000572e-7, -0.75073993), (-0.66059786, -4.182863e-7, -0.7507398), (0.5593811, -2.3907577e-7, -0.8289106), (0.5593894, -4.08762e-7, -0.8289049), (0.5593899, -4.1691752e-7, -0.8289047), (-0.94459254, -6.759062e-8, 0.3282454), (-0.9445921, 5.019776e-7, 0.3282465), (-0.94459254, -1.1152912e-7, 0.32824528), (-0.5593921, 0, -0.8289032), (-0.5593921, 0, -0.8289032), (-0.5593921, 0, -0.8289032), (0.6605884, 0, -0.7507483), (0.6605883, 0, -0.7507483), (0.66058844, 0, -0.75074834), (-0.9797335, 1.0224606e-7, 0.2003053), (-0.97973365, 7.452907e-9, 0.20030458), (-0.97973377, 0, 0.20030454), (-0.4479954, 0, -0.8940359), (-0.44798577, 0, -0.89404064), (-0.44798532, 0, -0.89404094), (0.7507118, 0, -0.6606298), (0.75071186, 0, -0.66062975), (0.75071186, 0, -0.66062987), (-0.99774164, 4.30651e-7, 0.06716841), (-0.99774164, -4.5312854e-7, 0.06716816), (-0.99774164, -5.245132e-7, 0.06716814), (-0.327545, 0, -0.94483554), (-0.32753432, 0, -0.9448393), (-0.32753378, 0, -0.9448395), (0.82887334, 0, -0.5594363), (0.8288734, 0, -0.5594364), (0.82887334, 0, -0.5594363), (-0.99774134, 2.0913843e-8, -0.067173205), (-0.99774134, 1.562992e-9, -0.06717295), (-0.99774134, 2.2476833e-8, -0.06717322), (-0.19969437, 0, -0.97985816), (-0.19969437, 0, -0.9798583), (-0.19969437, 0, -0.9798583), (0.8940176, 0, -0.4480319), (0.8940176, 0, -0.44803184), (0.89401764, 0, -0.44803193), (-0.9797342, -1.0224718e-7, -0.2003022), (-0.9797342, -7.452953e-9, -0.2003022), (-0.9797342, -1.0970013e-7, -0.20030218), (-0.06691378, 0, -0.99775875), (-0.06691378, 0, -0.99775875), (-0.06691378, 0, -0.9977588), (0.9448258, 0, -0.32757324), (0.9448271, 0, -0.3275696), (0.94482577, 0, -0.32757342), (-0.9445916, -3.070235e-7, -0.32824793), (-0.9445916, -2.1988594e-8, -0.32824793), (-0.9445916, -3.290121e-7, -0.32824793), (0.06691348, 0, -0.9977588), (0.066913486, 0, -0.9977588), (0.066913486, 0, -0.9977588), (0.9798528, 0, -0.19972079), (0.9798524, 0, -0.1997231), (0.9798529, 0, -0.19972068), (-0.8937271, -9.101573e-8, -0.44861108), (-0.8937271, -2.6288285e-7, -0.44861108), (-0.893727, -7.792333e-8, -0.44861105), (0.19969437, 0, -0.97985816), (0.19969437, 0, -0.9798583), (0.19969437, 0, -0.9798583), (-1, 0, 3.2460932e-7), (-1, 0, 3.2460932e-7), (-1, 0, 3.2460932e-7), (-0.8286309, -1.824463e-8, -0.5597953), (-0.82862973, -2.5956095e-7, -0.5597971), (-0.828631, 0, -0.55979514), (0.32753578, 0, -0.94483876), (0.32754645, 0, -0.9448351), (0.32754695, 0, -0.94483495), (-0.7506195, 0, -0.6607347), (-0.75062114, 0, -0.66073275), (-0.7506194, 0, -0.6607349), (0.44798377, 0, -0.89404166), (0.4479935, 0, -0.89403677), (0.447994, 0, -0.8940366), (-0.6607337, 0, -0.7506204), (-0.66073596, 0, -0.75061846), (-0.6607335, 0, -0.7506205), (0.55939436, 0, -0.8289017), (0.55939436, 0, -0.82890165), (0.5593943, 0, -0.82890165), (-0.5597949, 0, -0.82863116), (-0.5597949, 0, -0.82863116), (-0.5597949, 0, -0.82863116), (0.6605931, 0, -0.7507441), (0.6605931, 0, -0.7507441), (0.66059315, 0, -0.7507441), (-0.44861466, 0, -0.8937253), (-0.44861475, 0, -0.89372534), (-0.44861472, 0, -0.8937253), (0.7507238, 0, -0.6606162), (0.7507238, 0, -0.6606162), (0.75072384, 0, -0.6606162), (-0.32824814, 0, -0.94459146), (-0.32824147, 0, -0.94459385), (-0.3282487, 0, -0.94459134), (0.82888675, 0, -0.55941653), (0.8288867, 0, -0.55941653), (0.82888675, 0, -0.55941653), (-0.20030043, 0, -0.97973454), (-0.20030396, 0, -0.9797338), (-0.20030013, 0, -0.97973454), (0.8940295, 0, -0.4480081), (0.89402467, 0, -0.44801766), (0.8940245, 0, -0.44801816), (-0.067171626, -1.6180601e-7, -0.9977414), (-0.067171626, -1.2092598e-8, -0.9977414), (-0.067171626, -1.7389861e-7, -0.9977414), (0.9448344, 0, -0.3275485), (0.9448331, 0, -0.32755223), (0.94483304, 0, -0.3275524), (0.0671717, -1.1398059e-8, -0.9977414), (0.067175314, -1.5251267e-7, -0.9977412), (0.06717142, 0, -0.99774146), (0.97985595, 0, -0.19970529), (0.9798565, 0, -0.19970301), (0.9798565, 0, -0.19970289), (0.20030485, 0, -0.97973365), (0.20030485, 0, -0.97973365), (0.20030487, 0, -0.97973365), (-0.99999833, -2.6564257e-7, -0.0018308315), (-0.99999833, -7.8275185e-8, -0.0018308313), (-0.9999984, -3.4391778e-7, -0.0018308315), (0.32824484, 0, -0.9445927), (0.32824486, 0, -0.9445927), (0.32824484, 0, -0.9445927), (0.44861016, 0, -0.89372754), (0.44861317, 0, -0.893726), (0.44860992, 0, -0.89372766), (0.5597949, 0, -0.82863116), (0.5597949, 0, -0.82863116), (0.5597949, 0, -0.82863116), (0.6607314, 0, -0.75062245), (0.6607357, 0, -0.7506186), (0.660731, 0, -0.75062275), (0.75062054, 0, -0.6607337), (0.7506239, 0, -0.6607298), (0.75062025, 0, -0.66073394), (0.82863146, 0, -0.5597945), (0.828629, 0, -0.55979806), (0.8286317, 0, -0.55979425), (0.24285647, 0, -0.97006226), (0.24287543, 0, -0.9700574), (0.24285592, 0, -0.9700624), (0.89372545, 0, -0.44861442), (0.89372694, 0, -0.44861132), (0.8937253, 0, -0.4486146), (0.39587632, 0, -0.91830385), (0.39586765, 0, -0.91830754), (0.39587656, 0, -0.9183037), (0.94459254, 0, -0.32824525), (0.94459206, 0, -0.32824647), (0.94459254, 0, -0.32824516), (0.5355136, 0, -0.8445266), (0.5355211, 0, -0.8445218), (0.5355134, 0, -0.84452677), (0.9797334, 0, -0.20030592), (0.9797336, 0, -0.20030518), (0.97973335, 0, -0.20030598), (0.65906113, 0, -0.7520894), (0.65906113, 0, -0.7520894), (0.6590611, 0, -0.7520894), (0.9977416, 0, -0.067169964), (0.9977415, 0, -0.06717045), (0.9977415, 0, -0.06716993), (0.7651606, 0, -0.6438394), (0.7651606, 0, -0.6438394), (0.7651607, 0, -0.6438394), (0.8530994, 0, -0.5217485), (0.8530994, 0, -0.5217485), (0.8530994, 0, -0.5217485), (0.9219814, 0, -0.3872342), (0.9219814, 0, -0.38723427), (0.92198133, 0, -0.3872342), (-0.7178814, 2.5866603e-7, -0.6961655), (-0.7178834, -5.333569e-7, -0.6961634), (-0.71788335, -5.609866e-7, -0.6961633), (-2.8622182e-7, -2.7700294e-8, -1), (-0.0000014252755, -1.379369e-7, -1), (-0.0000017114974, -1.6563719e-7, -1), (0.9703607, 0, -0.24166106), (0.970361, 0, -0.24165985), (0.97036076, 0, -0.2416611), (-0.6480026, -2.3347233e-8, -0.76163805), (-0.6480013, -7.818454e-10, -0.76163924), (-0.6480012, 0, -0.7616393), (0.9961993, 0, -0.08710333), (0.9961993, 0, -0.08710333), (0.9961993, 0, -0.08710333), (-0.57285887, 2.393229e-7, -0.819654), (-0.57286173, 7.981354e-9, -0.819652), (-0.57286185, 0, -0.81965196), (0.99733865, 0, 0.072908014), (0.9973387, 0, 0.072907284), (0.9973387, 0, 0.072908044), (-0.493087, 2.5935967e-7, -0.86998), (-0.4930902, 8.632558e-9, -0.86997825), (-0.4930903, 0, -0.86997813), (0.9724429, 0, 0.233141), (0.97244346, 0, 0.23313884), (0.972443, 0, 0.23314111), (-0.40923095, 1.3081242e-7, -0.9124308), (-0.40923095, 4.3536645e-9, -0.9124308), (-0.40923095, 0, -0.9124308), (-0.32178557, 0, -0.9468126), (-0.32178554, 0, -0.9468126), (-0.32178554, 0, -0.94681257), (-0.23121591, 2.727661e-8, -0.9729024), (-0.23121993, 9.129528e-10, -0.9729015), (-0.23122005, 0, -0.97290146), (-0.13805, 1.8582139e-7, -0.9904253), (-0.13805, 6.256676e-9, -0.9904253), (-0.13804999, 0, -0.9904252), (-0.04290437, 3.4299725e-9, -0.99907917), (-0.042908527, 1.0101203e-7, -0.999079), (-0.04290867, 1.04441995e-7, -0.999079), (0.053467732, 0, -0.99856955), (0.053463615, 0, -0.9985698), (0.053463478, 0, -0.99856985), (0.1501227, 0, -0.98866737), (0.1501227, 0, -0.98866737), (0.15012269, 0, -0.9886673), (0.24595772, 4.300402e-8, -0.96928054), (0.24595399, 1.5266887e-9, -0.9692815), (0.24595387, 0, -0.9692816), (0.94833475, 1.1716324e-7, 0.31727153), (0.94833475, 4.6300883e-8, 0.31727156), (0.94833463, 0, 0.3172715), (0.36218193, 1.3853213e-7, -0.9321074), (0.3621844, 6.765934e-9, -0.93210644), (0.36218184, 1.4529807e-7, -0.9321075), (0.4832379, 2.2773017e-7, -0.87548906), (0.483238, 3.9372634e-7, -0.87548906), (0.48323795, 4.0202823e-7, -0.87548906), (0.59454507, -5.0239866e-8, -0.8040623), (0.594544, -2.3503417e-9, -0.8040631), (0.59454393, 0, -0.8040631), (0.99999756, 0, -0.0022034524), (0.99999756, 0, -0.0022034526), (0.9999976, 0, -0.0022034524), (0.6941938, 1.2620353e-7, -0.7197882), (0.6941938, 5.8327796e-9, -0.71978813), (0.69419384, 0, -0.7197882), (-0.9798587, 0, -0.19969195), (-0.97985923, 0, -0.19968966), (-0.97985864, 0, -0.19969206), (0.7810277, -4.354565e-7, -0.6244964), (0.78102887, 7.7531746e-7, -0.6244949), (0.7810289, 8.335314e-7, -0.62449485), (-0.9448417, 0, -0.32752746), (-0.9448404, 0, -0.32753116), (-0.94484174, 0, -0.32752728), (0.8543178, 4.9078164e-7, -0.519751), (0.8543186, 2.2433676e-8, -0.5197497), (0.8543186, 0, -0.51974964), (-0.8940386, 0, -0.44798994), (-0.89403856, 0, -0.44798997), (-0.8940386, 0, -0.44798997), (-1.4311091e-7, 0, -1), (-7.1263776e-7, 0, -1), (-8.557487e-7, 0, -1), (-9.821497e-9, -1, -8.183164e-8), (3.1263475e-8, -1, -2.8395573e-7), (-3.4185724e-8, -1, -2.8268647e-7), (3.1263475e-8, -1, -2.8395573e-7), (4.7771016e-7, -1, -0.0000019542642), (-7.4292224e-8, -1, 1.3892371e-7), (-3.4185724e-8, -1, -2.8268647e-7), (-1.29944095e-14, -1, 1.889049e-8), (7.429174e-8, -1, -1.5786917e-7), (4.7771016e-7, -1, -0.0000019542642), (0, -1, 0.0000056430863), (9.629242e-7, -1, 0.0000016513673), (9.629242e-7, -1, 0.0000016513673), (-0.000003530466, -1, 0.0000059379604), (-7.4292224e-8, -1, 1.3892371e-7), (-7.4292224e-8, -1, 1.3892371e-7), (0, -1, 0), (0, -1, 0), (0, -1, 0), (0, -1, 0), (0, -1, 0), (0, -1, 0), (0, -1, 0), (-7.4292224e-8, -1, 1.3892371e-7), (0, -1, 0), (-1.29944095e-14, -1, 1.889049e-8), (-7.4292224e-8, -1, 1.3892371e-7), (-1.29944095e-14, -1, 1.889049e-8), (0, -1, 0.000003735316), (0, -1, -0.0000015232075), (0, -1, 0.000003735316), (0, -1, 0.0000071848694), (0, -1, -0.0000015232075), (0, -1, 0.0000071848694), (0, -1, 0), (0, -1, -0.0000015232075), (0, -1, -0.0000015232075), (0, -1, 0), (7.429174e-8, -1, -1.5786917e-7), (7.429174e-8, -1, -1.5786917e-7), (0.0000035303435, -1, 0), (-9.629161e-7, -1, 0.0000014638729), (-9.629161e-7, -1, 0.0000014638729), (0, -0.99999994, 0.0000028219251), (-4.7769765e-7, -1, -0.000002015201), (-4.7769765e-7, -1, -0.000002015201), (-3.4185724e-8, -1, -2.8268647e-7), (7.429174e-8, -1, -1.5786917e-7), (-3.4185724e-8, -1, -2.8268647e-7), (4.2087688e-8, -1, -8.7824084e-8), (-9.821497e-9, -1, -8.183164e-8), (4.2087688e-8, -1, -8.7824084e-8), (0.0000060999973, -1, 0), (-0.0000015078215, -1, -0.000009581697), (-0.0000015078215, -1, -0.000009581697), (-7.379445e-7, -1, -3.0525814e-7), (4.2087688e-8, -1, -8.7824084e-8), (-7.379445e-7, -1, -3.0525814e-7), (2.0435929e-8, -1, 2.3000614e-7), (4.2087688e-8, -1, -8.7824084e-8), (2.0435929e-8, -1, 2.3000614e-7), (0, -1, 0.000014905795), (-1.5664284e-8, -1, 2.2962423e-7), (-1.5664284e-8, -1, 2.2962423e-7), (0, -1, 0), (-2.287265e-8, -1, -2.1860724e-7), (-2.287265e-8, -1, -2.1860724e-7), (0, -1, 0), (1.2929194e-8, -1, -0.0000014318799), (1.2929194e-8, -1, -0.0000014318799), (0, -1, 0), (0, -1, 0), (0, -1, 0), (0, -1, 0), (0, -1, 0), (0, -1, 0), (1.8507392e-7, -1, 0), (1.2929194e-8, -1, -0.0000014318799), (1.8507392e-7, -1, 0), (-0.0000031379861, -1, 0), (-1.2445403e-7, -1, -1.3380173e-7), (-1.2445403e-7, -1, -1.3380173e-7), (0, -1, 0), (0, -1, 3.0719332e-7), (0, -1, 3.0719332e-7), (0, -1, 0), (0, -1, -4.5383768e-8), (0, -1, -4.5383768e-8), (0, -1, 0), (0, -1, 0), (0, -1, 0), (-2.1839638e-10, -1, -2.9167214e-8), (0, -1, -4.5383768e-8), (-2.1839638e-10, -1, -2.9167214e-8), (1.5185519e-8, -1, -3.9835385e-8), (4.2087688e-8, -1, -8.7824084e-8), (1.5185519e-8, -1, -3.9835385e-8), (0, -1, 0.000002062434), (0, -1, 3.635966e-8), (0, -1, 3.635966e-8), (9.0321674e-7, -1, 0), (1.5185519e-8, -1, -3.9835385e-8), (9.0321674e-7, -1, 0), (4.2853202e-8, -1, -4.92668e-8), (1.5185519e-8, -1, -3.9835385e-8), (4.2853202e-8, -1, -4.92668e-8), (0, -1, 4.813555e-7), (7.876767e-9, -1, 2.4914748e-8), (0, -1, 4.813555e-7), (0, -1, -3.733364e-8), (7.876767e-9, -1, 2.4914748e-8), (0, -1, -3.733364e-8), (0, -1, 0), (0, -1, -9.540058e-7), (0, -1, -9.540058e-7), (0, -0.99999994, 0.00000411904), (0, -1, 3.5224016e-8), (0, -1, 3.5224016e-8), (0, -1, 1.15711934e-7), (0, -1, -3.733364e-8), (0, -1, 1.15711934e-7), (0, -1, 0.0000015754241), (7.876767e-9, -1, 2.4914748e-8), (0, -1, -3.733364e-8), (0, -1, 1.15711934e-7), (7.876767e-9, -1, 2.4914748e-8), (0, -1, 0.0000015754241), (0, -0.99999994, 0), (0, -1, 0), (0, -1, 0), (0, -1, 0), (0, -1, 0.0000015754241), (0, -1, 0), (7.876767e-9, -1, 2.4914748e-8), (0, -1, 0.0000015754241), (7.876767e-9, -1, 2.4914748e-8), (1.19188215e-8, -1, -4.320241e-7), (1.5185519e-8, -1, -3.9835385e-8), (1.19188215e-8, -1, -4.320241e-7), (-4.3368278e-8, -1, -8.570671e-8), (1.5185519e-8, -1, -3.9835385e-8), (-4.3368278e-8, -1, -8.570671e-8), (-0.000001741301, -1, 0.0000021706664), (-4.958409e-7, -1, -5.145418e-7), (-4.958409e-7, -1, -5.145418e-7), (0, -1, -0.0000020683722), (-1.7091013e-8, -1, -4.9102642e-8), (-1.7091013e-8, -1, -4.9102642e-8), (1.6699221e-9, -1, -1.420973e-7), (-3.6872603e-8, -1, -1.9517205e-7), (1.6699221e-9, -1, -1.420973e-7), (0, -1, -0.0000010253217), (2.7224604e-7, -1, -1.3321944e-7), (-3.6872603e-8, -1, -1.9517205e-7), (1.6699221e-9, -1, -1.420973e-7), (-4.7055547e-8, -1, 0), (0, -1, -0.0000010253217), (0, -1, 0), (0, -1, 0), (0, -1, 0), (0, -1, 0.0000018825564), (0, -1, -0.0000010253217), (0, -1, 0.0000018825564), (2.7224604e-7, -1, -1.3321944e-7), (0, -1, -0.0000010253217), (2.7224604e-7, -1, -1.3321944e-7), (6.8980734e-7, -1, 0), (9.043114e-8, -1, 9.1890136e-8), (6.8980734e-7, -1, 0), (0.0000012402974, -1, 1.2307477e-7), (9.043114e-8, -1, 9.1890136e-8), (0.0000012402974, -1, 1.2307477e-7), (0.0000031386824, -0.99999994, 0.00000564742), (9.043114e-8, -1, 9.1890136e-8), (9.043114e-8, -1, 9.1890136e-8), (-4.7055547e-8, -1, 0), (1.6699221e-9, -1, -1.420973e-7), (-4.7055547e-8, -1, 0), (-3.1096125e-8, -1, -1.4186611e-7), (-3.6872603e-8, -1, -1.9517205e-7), (-3.1096125e-8, -1, -1.4186611e-7), (0, -1, 0), (0, -1, 2.181805e-7), (0, -1, 2.181805e-7), (0, -1, 0.0000136200115), (0, -1, 2.2048164e-7), (0, -1, 2.2048164e-7), (0, -1, 0), (0, -1, 2.181805e-7), (0, -1, 0), (0, -1, -0.0000021934782), (0, -1, 2.181805e-7), (0, -1, -0.0000021934782), (0, -1, 0), (0, -1, -4.225018e-9), (0, -1, -4.225018e-9), (0, -1, 0.0000148721), (1.5132088e-8, -1, -0.0000015255549), (1.5132088e-8, -1, -0.0000015255549), (-0.0000061473443, -1, 0), (-3.6872603e-8, -1, -1.9517205e-7), (-3.6872603e-8, -1, -1.9517205e-7), (3.4177738e-8, -1, -3.226508e-8), (9.789447e-9, -1, -6.59537e-8), (3.4177738e-8, -1, -3.226508e-8), (4.7771323e-7, -1, 6.254968e-8), (-7.428587e-8, -1, 1.7167457e-8), (9.789447e-9, -1, -6.59537e-8), (3.4177738e-8, -1, -3.226508e-8), (-3.1264364e-8, -1, -2.556565e-7), (4.7771323e-7, -1, 6.254968e-8), (0, -1, 0), (9.629192e-7, -1, 0.0000014022561), (9.629192e-7, -1, 0.0000014022561), (-0.000003530176, -1, 0), (-7.428587e-8, -1, 1.7167457e-8), (-7.428587e-8, -1, 1.7167457e-8), (0, -1, 0), (0, -1, -0.000001683694), (0, -1, -0.000001683694), (0, -0.99999994, 0.000011288975), (0, -1, -0.0000069411526), (0, -1, -0.0000069411526), (0, -1, -3.1925455e-7), (0, -1, -0.000001683694), (0, -1, -3.1925455e-7), (8.8598435e-15, -1, -1.3196848e-7), (0, -1, -0.000001683694), (8.8598435e-15, -1, -1.3196848e-7), (0, -1, -1.9708382e-7), (7.428738e-8, -1, 2.5379373e-8), (0, -1, -1.9708382e-7), (0, -1, -0.000002138953), (7.428738e-8, -1, 2.5379373e-8), (0, -1, -0.000002138953), (0, -1, 0), (0, -1, 0), (0, -1, 0), (0, -1, 0), (7.428738e-8, -1, 2.5379373e-8), (7.428738e-8, -1, 2.5379373e-8), (0.0000035301305, -1, 0), (-9.629206e-7, -1, 0.0000028661266), (-9.629206e-7, -1, 0.0000028661266), (0, -1, 0.0000028217978), (-4.7771755e-7, -1, -0.0000019527329), (-4.7771755e-7, -1, -0.0000019527329), (-3.1264364e-8, -1, -2.556565e-7), (7.428738e-8, -1, 2.5379373e-8), (8.8598435e-15, -1, -1.3196848e-7), (3.4177738e-8, -1, -3.226508e-8), (-7.428587e-8, -1, 1.7167457e-8), (-1.29944095e-14, -1, 1.889049e-8), (-3.4185724e-8, -1, -2.8268647e-7), (3.1263475e-8, -1, -2.8395573e-7), (4.7771016e-7, -1, -0.0000019542642), (9.629242e-7, -1, 0.0000016513673), (-7.4292224e-8, -1, 1.3892371e-7), (-9.629206e-7, -1, 0.0000028661266), (-4.7771755e-7, -1, -0.0000019527329), (7.428738e-8, -1, 2.5379373e-8), (3.4177738e-8, -1, -3.226508e-8), (8.8598435e-15, -1, -1.3196848e-7), (-3.1264364e-8, -1, -2.556565e-7), (0, -1, 0), (-7.4292224e-8, -1, 1.3892371e-7), (0, -1, 0), (7.428738e-8, -1, 2.5379373e-8), (0, -1, -0.000002138953), (0, -1, 0), (-7.4292224e-8, -1, 1.3892371e-7), (-1.29944095e-14, -1, 1.889049e-8), (3.1263475e-8, -1, -2.8395573e-7), (8.8598435e-15, -1, -1.3196848e-7), (7.428738e-8, -1, 2.5379373e-8), (-3.1264364e-8, -1, -2.556565e-7), (-1.29944095e-14, -1, 1.889049e-8), (0, -1, -0.0000015232075), (7.429174e-8, -1, -1.5786917e-7), (0, -1, -0.000001683694), (8.8598435e-15, -1, -1.3196848e-7), (-7.428587e-8, -1, 1.7167457e-8), (-4.7769765e-7, -1, -0.000002015201), (7.429174e-8, -1, -1.5786917e-7), (-9.629161e-7, -1, 0.0000014638729), (-7.428587e-8, -1, 1.7167457e-8), (4.7771323e-7, -1, 6.254968e-8), (9.629192e-7, -1, 0.0000014022561), (9.789447e-9, -1, -6.59537e-8), (-9.821497e-9, -1, -8.183164e-8), (1.5185519e-8, -1, -3.9835385e-8), (-9.821497e-9, -1, -8.183164e-8), (4.2087688e-8, -1, -8.7824084e-8), (1.5185519e-8, -1, -3.9835385e-8), (2.0435929e-8, -1, 2.3000614e-7), (-1.5664284e-8, -1, 2.2962423e-7), (-2.1839638e-10, -1, -2.9167214e-8), (-1.5664284e-8, -1, 2.2962423e-7), (-2.287265e-8, -1, -2.1860724e-7), (-2.1839638e-10, -1, -2.9167214e-8), (-2.287265e-8, -1, -2.1860724e-7), (1.2929194e-8, -1, -0.0000014318799), (-1.2445403e-7, -1, -1.3380173e-7), (-1.2445403e-7, -1, -1.3380173e-7), (1.2929194e-8, -1, -0.0000014318799), (1.8507392e-7, -1, 0), (-1.2445403e-7, -1, -1.3380173e-7), (0, -1, 3.0719332e-7), (-2.1839638e-10, -1, -2.9167214e-8), (0, -1, 3.0719332e-7), (0, -1, -4.5383768e-8), (-2.1839638e-10, -1, -2.9167214e-8), (-2.1839638e-10, -1, -2.9167214e-8), (4.2087688e-8, -1, -8.7824084e-8), (2.0435929e-8, -1, 2.3000614e-7), (0, -1, -3.733364e-8), (0, -1, -9.540058e-7), (0, -1, 3.5224016e-8), (-4.3368278e-8, -1, -8.570671e-8), (-4.958409e-7, -1, -5.145418e-7), (-1.7091013e-8, -1, -4.9102642e-8), (1.5185519e-8, -1, -3.9835385e-8), (-4.3368278e-8, -1, -8.570671e-8), (-1.7091013e-8, -1, -4.9102642e-8), (-3.1096125e-8, -1, -1.4186611e-7), (0, -1, 2.181805e-7), (0, -1, -0.0000021934782), (0, -1, -0.0000021934782), (0, -1, -4.225018e-9), (-3.1096125e-8, -1, -1.4186611e-7), (0, -1, -4.225018e-9), (1.5132088e-8, -1, -0.0000015255549), (-3.1096125e-8, -1, -1.4186611e-7), (-3.6872603e-8, -1, -1.9517205e-7), (9.789447e-9, -1, -6.59537e-8), (-1.7091013e-8, -1, -4.9102642e-8), (1.5132088e-8, -1, -0.0000015255549), (-3.6872603e-8, -1, -1.9517205e-7), (-3.1096125e-8, -1, -1.4186611e-7), (2.7224604e-7, -1, -1.3321944e-7), (9.043114e-8, -1, 9.1890136e-8), (1.6699221e-9, -1, -1.420973e-7), (1.5185519e-8, -1, -3.9835385e-8), (-1.7091013e-8, -1, -4.9102642e-8), (9.789447e-9, -1, -6.59537e-8), (1.5185519e-8, -1, -3.9835385e-8), (4.2853202e-8, -1, -4.92668e-8), (7.876767e-9, -1, 2.4914748e-8), (8.486661e-8, -1, -8.411437e-9), (9.4304184e-8, -1, -8.466635e-8), (-1.1939325e-7, -1, -4.9887326e-8), (9.4304184e-8, -1, -8.466635e-8), (-0.0000010051908, -1, -8.83267e-7), (-1.1939325e-7, -1, -4.9887326e-8), (-0.0000010051908, -1, -8.83267e-7), (0, -1, 0), (0, -1, 5.487114e-7), (0, -1, 5.487114e-7), (0, -1, -0.0000025909958), (-1.1939325e-7, -1, -4.9887326e-8), (-1.1939325e-7, -1, -4.9887326e-8), (-3.6189714e-8, -1, -1.4463356e-7), (8.486661e-8, -1, -8.411437e-9), (-3.6189714e-8, -1, -1.4463356e-7), (-6.7798824e-9, -1, -8.7254406e-8), (3.9128288e-8, -1, 1.196873e-7), (8.486661e-8, -1, -8.411437e-9), (-3.6189714e-8, -1, -1.4463356e-7), (3.9128288e-8, -1, 1.196873e-7), (-6.7798824e-9, -1, -8.7254406e-8), (0, -1, 1.45818e-7), (0, -1, 7.1643726e-8), (0, -1, 1.45818e-7), (0, -1, 0.0000032388589), (0, -1, 7.1643726e-8), (0, -1, 0.0000032388589), (0, -1, 0), (0, -1, 7.1643726e-8), (0, -1, 7.1643726e-8), (0, -1, 0), (-6.7798824e-9, -1, -8.7254406e-8), (0, -1, 0), (0, -1, -1.052898e-7), (0, -1, 0), (0, -1, -1.052898e-7), (0, -0.99999994, -0.0000048101897), (0, -1, -1.06919984e-7), (0, -1, -1.06919984e-7), (0, -1, 0), (0, -1, 0), (0, -1, 0), (1.0594112e-8, -1, -6.7494696e-8), (-6.7798824e-9, -1, -8.7254406e-8), (1.0594112e-8, -1, -6.7494696e-8), (3.9128153e-8, -1, -1.8661079e-7), (-6.7798753e-9, -1, 1.460728e-9), (-6.7798824e-9, -1, -8.7254406e-8), (1.0594112e-8, -1, -6.7494696e-8), (1.0594141e-8, -1, 3.9440192e-7), (3.9128153e-8, -1, -1.8661079e-7), (0, -1, -7.786951e-7), (-3.8612576e-8, -1, 1.2133871e-8), (0, -1, -7.786951e-7), (0, -1, 8.096937e-7), (-3.8612576e-8, -1, 1.2133871e-8), (0, -1, 8.096937e-7), (0, -1, 0), (-3.8612576e-8, -1, 1.2133871e-8), (-3.8612576e-8, -1, 1.2133871e-8), (-8.457529e-7, -1, 5.959648e-7), (-1.2055264e-7, -1, -1.30427855e-8), (-8.457529e-7, -1, 5.959648e-7), (0, -1, -7.9833825e-8), (-1.2055264e-7, -1, -1.30427855e-8), (0, -1, -7.9833825e-8), (0, -1, -0.0000024052338), (0, -1, -6.574389e-7), (0, -1, -6.574389e-7), (0, -1, 0), (-1.2055264e-7, -1, -1.30427855e-8), (-1.2055264e-7, -1, -1.30427855e-8), (-3.6189604e-8, -1, 1.3832113e-7), (-3.8612576e-8, -1, 1.2133871e-8), (-3.6189604e-8, -1, 1.3832113e-7), (-6.7798753e-9, -1, 1.460728e-9), (3.9128153e-8, -1, -1.8661079e-7), (-3.8612576e-8, -1, 1.2133871e-8), (-3.6189604e-8, -1, 1.3832113e-7), (3.9128153e-8, -1, -1.8661079e-7), (-6.7798753e-9, -1, 1.460728e-9), (0, -1, 0), (0, -1, 1.0528776e-7), (0, -1, 0), (0, -1, 1.0691879e-7), (0, -1, 1.0528776e-7), (0, -1, 1.0691879e-7), (0, -1, 0.0000048102825), (0, -1, 1.0528776e-7), (0, -1, 1.0528776e-7), (0, -1, -4.0402503e-7), (-6.7798753e-9, -1, 1.460728e-9), (0, -1, -4.0402503e-7), (0, -1, 0.0000019262582), (0, -1, 0.0000013422047), (0, -1, 0.0000019262582), (0, -1, 0.000004810421), (0, -1, 1.0691943e-7), (0, -1, 1.0691943e-7), (0, -1, 0), (0, -1, 0.0000013422047), (0, -1, 0.0000013422047), (1.0594141e-8, -1, 3.9440192e-7), (-6.7798753e-9, -1, 1.460728e-9), (1.0594141e-8, -1, 3.9440192e-7), (3.9128288e-8, -1, 1.196873e-7), (-6.7798824e-9, -1, -8.7254406e-8), (-6.7798753e-9, -1, 1.460728e-9), (1.0594141e-8, -1, 3.9440192e-7), (1.0594112e-8, -1, -6.7494696e-8), (3.9128288e-8, -1, 1.196873e-7), (0, -1, 3.64549e-8), (8.486661e-8, -1, -8.411437e-9), (0, -1, 3.64549e-8), (0, -1, 7.830085e-7), (8.486661e-8, -1, -8.411437e-9), (0, -1, 7.830085e-7), (0, -1, -0.0000012025706), (8.486661e-8, -1, -8.411437e-9), (-0.0000010051908, -1, -8.83267e-7), (0, -1, 5.487114e-7), (-1.1939325e-7, -1, -4.9887326e-8), (0, -1, 0), (0, -1, 0), (-6.7798824e-9, -1, -8.7254406e-8), (0, -1, -1.052898e-7), (0, -1, -1.06919984e-7), (0, -1, 0), (0, -1, -7.9833825e-8), (0, -1, -6.574389e-7), (-1.2055264e-7, -1, -1.30427855e-8), (0, -1, -4.0402503e-7), (0, -1, 0.0000013422047), (-6.7798753e-9, -1, 1.460728e-9), (0, -1, 0.0000015217241), (0, -1, 4.6928136e-7), (0, -1, 5.5414795e-8), (0, -1, 4.6928136e-7), (0, -1, 1.5689044e-7), (0, -1, 4.9508476e-8), (0, -1, 1.5689044e-7), (0, -0.99999994, 0), (0, -1, 0.0000021906742), (0, -1, 0.0000021906742), (0, -1, -0.00001034308), (0, -1, 4.21789e-7), (0, -1, 4.21789e-7), (0, -1, 0.000010612782), (0, -1, 1.13738736e-7), (0, -1, 1.13738736e-7), (0, -1, -0.000005172289), (0, -1, -1.1066198e-7), (0, -1, -1.1066198e-7), (0, -1, 0), (0, -1, 1.13738736e-7), (0, -1, 0), (0, -1, 4.9508476e-8), (0, -1, 1.13738736e-7), (0, -1, 4.9508476e-8), (2.7963926e-8, -1, 2.5276648e-7), (0, -1, 5.5414795e-8), (2.7963926e-8, -1, 2.5276648e-7), (1.6947382e-7, -1, 0.0000013377428), (-1.20372565e-8, -1, -7.9115686e-8), (-1.5693594e-7, -1, 1.0543195e-7), (-1.20372565e-8, -1, -7.9115686e-8), (1.8822156e-8, -1, -0.0000013362151), (1.6947382e-7, -1, 0.0000013377428), (0.0000057545176, -1, 0), (-1.415979e-7, -1, 1.7787961e-7), (-1.415979e-7, -1, 1.7787961e-7), (0, -1, 0.000010543963), (0, -1, -0.000002331874), (0, -1, -0.000002331874), (0, -1, 0), (0, -1, -3.3271448e-7), (0, -1, -3.3271448e-7), (0, -1, -0.000010026068), (0, -1, -2.1669051e-7), (0, -1, -2.1669051e-7), (0, -1, 0.0000025908462), (0, -1, -3.3271448e-7), (0, -1, 0.0000025908462), (-1.20372565e-8, -1, -7.9115686e-8), (-1.415979e-7, -1, 1.7787961e-7), (0, -1, -3.3271448e-7), (0, -1, 0.0000025908462), (-1.415979e-7, -1, 1.7787961e-7), (1.8822156e-8, -1, -0.0000013362151), (0, -1, 2.1671202e-7), (1.0020358e-7, -1, 9.050729e-7), (0, -1, 2.1671202e-7), (0, -0.99999994, 0.000010027777), (1.0020358e-7, -1, 9.050729e-7), (1.0020358e-7, -1, 9.050729e-7), (0, -1, 0.0000105449635), (0, -1, 1.123559e-7), (0, -1, 1.123559e-7), (0, -0.99999994, -0.0000052720925), (5.5164946e-7, -1, -2.4744211e-9), (5.5164946e-7, -1, -2.4744211e-9), (-0.000005753941, -1, 0.000005012632), (-1.5693594e-7, -1, 1.0543195e-7), (-1.5693594e-7, -1, 1.0543195e-7), (-2.7963994e-8, -1, -1.1526936e-7), (-1.20372565e-8, -1, -7.9115686e-8), (-2.7963994e-8, -1, -1.1526936e-7), (0, -1, 5.5414795e-8), (2.7963926e-8, -1, 2.5276648e-7), (0, -1, 5.5414795e-8), (0, -1, 0), (0, -1, 2.2511092e-7), (0, -1, 0), (0, -1, 0), (0, -1, 2.2511092e-7), (0, -1, 0), (0, -1, 0), (0, -1, 2.2511092e-7), (0, -1, 2.2511092e-7), (0, -0.99999994, 0.000010613401), (0, -1, 4.4787728e-7), (0, -1, 4.4787728e-7), (0, -1, 0.000010344551), (0, -1, 4.3473145e-7), (0, -1, 4.3473145e-7), (0, -1, 0.000009614564), (0, -1, 0.0000015217241), (0, -1, 4.6928136e-7), (0, -1, 4.9508476e-8), (0, -1, 5.5414795e-8), (0, -1, 1.5689044e-7), (0, -1, 0.0000021906742), (0, -1, 4.21789e-7), (0, -1, 4.9508476e-8), (0, -1, 1.5689044e-7), (0, -1, 4.21789e-7), (0, -1, 4.21789e-7), (0, -1, 1.13738736e-7), (0, -1, 4.9508476e-8), (1.6947382e-7, -1, 0.0000013377428), (-1.415979e-7, -1, 1.7787961e-7), (-1.20372565e-8, -1, -7.9115686e-8), (2.7963926e-8, -1, 2.5276648e-7), (-1.20372565e-8, -1, -7.9115686e-8), (-2.7963994e-8, -1, -1.1526936e-7), (-1.415979e-7, -1, 1.7787961e-7), (0, -1, -0.000002331874), (0, -1, -3.3271448e-7), (1.8822156e-8, -1, -0.0000013362151), (1.0020358e-7, -1, 9.050729e-7), (-1.5693594e-7, -1, 1.0543195e-7), (1.0020358e-7, -1, 9.050729e-7), (0, -1, 1.123559e-7), (5.5164946e-7, -1, -2.4744211e-9), (5.5164946e-7, -1, -2.4744211e-9), (-1.5693594e-7, -1, 1.0543195e-7), (1.0020358e-7, -1, 9.050729e-7), (0, -1, 2.2511092e-7), (0, -1, 4.4787728e-7), (0, -1, 5.5414795e-8), (0, -1, 4.4787728e-7), (0, -1, 4.3473145e-7), (0, -1, 0.0000015217241), (0, -1, 0), (-2.9495725e-8, -1, 2.3790093e-8), (-7.5690747e-7, -1, 0.000001454763), (-2.9495725e-8, -1, 2.3790093e-8), (-1.0090075e-14, -1, -3.962331e-8), (-6.453934e-15, -1, -2.3329335e-8), (-1.0090075e-14, -1, -3.962331e-8), (0, -1, 2.5957276e-9), (0, -1, 9.880681e-9), (0, -1, 2.5957276e-9), (0, -1, 0), (0, -1, 0), (0, -1, 9.880681e-9), (0, -1, 2.5957276e-9), (0, -1, -2.9307523e-7), (0, -1, 0), (0, -1, 0), (0, -1, 0), (0, -1, 0), (0, -1, -0.0000051105767), (0, -1, 2.5957276e-9), (0, -1, -0.0000051105767), (0, -1, -2.9307523e-7), (0, -1, 2.5957276e-9), (0, -1, -2.9307523e-7), (0, -1, 0), (0, -1, 0), (0, -1, 0), (0, -1, -4.3064045e-8), (0, -1, 0), (0, -1, -4.3064045e-8), (0, -1, -0.000001628622), (0, -1, -4.2505143e-8), (0, -1, -4.2505143e-8), (0, -1, 0), (0, -1, -4.3064045e-8), (0, -1, 0), (0, -1, 9.880681e-9), (0, -1, -2.9307523e-7), (-9.100071e-10, -1, -2.5850935e-7), (0, -1, -0.000011915045), (0, -1, -0.000004084526), (0, -1, 9.880681e-9), (-9.100071e-10, -1, -2.5850935e-7), (-1.0090075e-14, -1, -3.962331e-8), (0, -1, 0), (0, -1, 0), (-7.5690747e-7, -1, 0.000001454763), (-2.9495725e-8, -1, 2.3790093e-8), (-6.453934e-15, -1, -2.3329335e-8), (3.1256057e-8, -1, -8.5504674e-8), (-9.100071e-10, -1, -2.5850935e-7), (0, -1, -0.000004084526), (1.653263e-8, -1, -3.8380898e-7), (1.653263e-8, -1, -3.8380898e-7), (2.6596554e-8, -1, -1.9132823e-7), (-3.3536946e-8, -1, -4.8320334e-8), (2.6596554e-8, -1, -1.9132823e-7), (1.05641945e-7, -1, -0.000002262015), (-2.0056335e-7, -1, -7.2490174e-8), (1.05641945e-7, -1, -0.000002262015), (-0.0000031383743, -1, -0.000005646846), (-0.0000012401634, -1, -1.2307093e-7), (-0.0000012401634, -1, -1.2307093e-7), (-6.8974754e-7, -1, 0), (1.05641945e-7, -1, -0.000002262015), (-6.8974754e-7, -1, 0), (-2.0056335e-7, -1, -7.2490174e-8), (1.05641945e-7, -1, -0.000002262015), (-2.0056335e-7, -1, -7.2490174e-8), (0, -1, -8.785274e-7), (0, -1, -5.2450577e-9), (0, -1, -8.785274e-7), (0, -1, 0.000001397231), (0, -1, -5.2450577e-9), (0, -1, 0.000001397231), (0, -1, -7.0408254e-7), (0, -1, -5.2450577e-9), (0, -1, -5.2450577e-9), (-3.3536946e-8, -1, -4.8320334e-8), (-2.0056335e-7, -1, -7.2490174e-8), (-3.3536946e-8, -1, -4.8320334e-8), (1.522086e-8, -1, -3.3715576e-8), (-9.100071e-10, -1, -2.5850935e-7), (1.522086e-8, -1, -3.3715576e-8), (0, -1, 0), (4.9583923e-7, -1, -0.0000010307285), (4.9583923e-7, -1, -0.0000010307285), (0.0000017413313, -1, 0), (4.334974e-8, -1, 4.549104e-8), (4.334974e-8, -1, 4.549104e-8), (-1.1924711e-8, -1, -1.8110488e-7), (-1.3362864e-8, -1, -6.2474264e-8), (-1.1924711e-8, -1, -1.8110488e-7), (-7.8840205e-9, -1, -4.759769e-7), (-1.3362864e-8, -1, -6.2474264e-8), (-7.8840205e-9, -1, -4.759769e-7), (0, -1, -9.8549854e-8), (0, -1, 0.0000015987575), (0, -1, -9.8549854e-8), (0, -1, -0.000002685965), (0, -1, 0.0000015987575), (0, -1, -0.000002685965), (0, -1, 0.000004121519), (0, -1, 0.0000015987575), (0, -1, 0.0000015987575), (0, -1, -1.3912838e-8), (-7.8840205e-9, -1, -4.759769e-7), (0, -1, -1.3912838e-8), (0, -1, 0.0000016474313), (0, -1, -6.9979194e-8), (0, -1, 0.0000016474313), (0, -1, 0.000004121604), (0, -1, -1.7116645e-9), (0, -1, -1.7116645e-9), (0, -1, -0.000004333206), (0, -1, -6.9979194e-8), (0, -1, -6.9979194e-8), (0, -1, 0), (-7.8840205e-9, -1, -4.759769e-7), (0, -1, 0), (-4.2849308e-8, -1, 0), (-7.8840205e-9, -1, -4.759769e-7), (-4.2849308e-8, -1, 0), (-9.0399186e-7, -1, -4.9344482e-8), (-1.3362864e-8, -1, -6.2474264e-8), (-9.0399186e-7, -1, -4.9344482e-8), (0, -1, -0.0000013836567), (-1.3362864e-8, -1, -6.2474264e-8), (0, -1, -0.0000013836567), (0, -1, 0), (-1.3362864e-8, -1, -6.2474264e-8), (-1.3362864e-8, -1, -6.2474264e-8), (3.267884e-8, -1, -3.2023372e-8), (9.119115e-10, -1, 5.2390842e-8), (3.267884e-8, -1, -3.2023372e-8), (0, -1, 4.1766415e-7), (0, -1, 4.2321613e-8), (9.119115e-10, -1, 5.2390842e-8), (3.267884e-8, -1, -3.2023372e-8), (-1.6559575e-8, -1, 6.82228e-8), (0, -1, 4.1766415e-7), (0, -1, -0.0000014085459), (0, -1, 4.2321613e-8), (0, -1, 4.2321613e-8), (0, -1, 0.0000029654584), (0, -1, -6.30545e-8), (0, -1, -6.30545e-8), (0, -1, -0.00000593655), (3.1042475e-7, -1, -1.2578705e-7), (3.1042475e-7, -1, -1.2578705e-7), (0.0000031392606, -1, 0), (-6.484077e-7, -1, 0), (-6.484077e-7, -1, 0), (-1.294623e-8, -1, -7.395021e-7), (3.1042475e-7, -1, -1.2578705e-7), (-1.294623e-8, -1, -7.395021e-7), (-1.6559575e-8, -1, 6.82228e-8), (3.267884e-8, -1, -3.2023372e-8), (3.1042475e-7, -1, -1.2578705e-7), (-1.294623e-8, -1, -7.395021e-7), (3.267884e-8, -1, -3.2023372e-8), (-1.6559575e-8, -1, 6.82228e-8), (0, -1, 0.000008011482), (9.119115e-10, -1, 5.2390842e-8), (0, -1, 0.000008011482), (0, -1, 0), (9.119115e-10, -1, 5.2390842e-8), (9.119115e-10, -1, 5.2390842e-8), (0, -1, 5.3255818e-8), (0, -1, -6.419588e-8), (0, -1, 5.3255818e-8), (0, -1, 0), (0, -1, 5.9320706e-7), (0, -1, -6.419588e-8), (0, -1, 5.3255818e-8), (0, -1, 1.04102575e-7), (0, -1, 4.2321613e-8), (0, -1, -6.30545e-8), (3.267884e-8, -1, -3.2023372e-8), (0, -1, -6.30545e-8), (3.1042475e-7, -1, -1.2578705e-7), (3.267884e-8, -1, -3.2023372e-8), (0, -1, -1.7116645e-9), (0, -1, -6.9979194e-8), (0, -1, 0.0000016474313), (0, -1, -1.3912838e-8), (0, -1, -6.9979194e-8), (-7.8840205e-9, -1, -4.759769e-7), (4.9583923e-7, -1, -0.0000010307285), (4.334974e-8, -1, 4.549104e-8), (1.522086e-8, -1, -3.3715576e-8), (-3.3536946e-8, -1, -4.8320334e-8), (-9.100071e-10, -1, -2.5850935e-7), (1.653263e-8, -1, -3.8380898e-7), (-9.100071e-10, -1, -2.5850935e-7), (1.522086e-8, -1, -3.3715576e-8), (-1.3362864e-8, -1, -6.2474264e-8), (2.6596554e-8, -1, -1.9132823e-7), (-2.0056335e-7, -1, -7.2490174e-8), (-3.3536946e-8, -1, -4.8320334e-8), (-2.9495725e-8, -1, 2.3790093e-8), (3.1256057e-8, -1, -8.5504674e-8), (1.9668788e-13, -1, -2.8515204e-8), (7.3203566e-8, -1, 2.688057e-7), (0.0000035305113, -1, 0), (-7.5690747e-7, -1, 0.000001454763), (0, -1, 4.4180257e-7), (0, -1, 0), (7.3203566e-8, -1, 2.688057e-7), (0, -1, 0), (0, -1, 0), (0, -1, 4.4180257e-7), (1.9668788e-13, -1, -2.8515204e-8), (0, -1, 0), (0, -1, 4.4180257e-7), (0, -1, 0), (0, -1, 0), (0, -1, 4.4180257e-7), (0, -1, 6.255326e-8), (0, -1, 0), (-7.428206e-8, -1, 1.2671146e-7), (0, -1, 0), (1.9668788e-13, -1, -2.8515204e-8), (-7.428206e-8, -1, 1.2671146e-7), (0, -1, 0.0000014023047), (0, -0.99999994, 0), (0, -1, 6.255326e-8), (-7.428206e-8, -1, 1.2671146e-7), (0, -1, 0), (0, -1, 0.0000014023047), (9.629518e-7, -1, 0.0000014023047), (-0.0000035301305, -1, 0), (-7.428206e-8, -1, 1.2671146e-7), (4.7772005e-7, -1, 6.2553354e-8), (0, -0.99999994, 0), (9.629518e-7, -1, 0.0000014023047), (3.1256057e-8, -1, -8.5504674e-8), (4.7772005e-7, -1, 6.2553354e-8), (-7.428206e-8, -1, 1.2671146e-7), (0, -1, -1.2196834e-7), (-3.098945e-8, -1, -5.659416e-8), (-0.0000020952057, -1, -1.2324082e-7), (-3.098945e-8, -1, -5.659416e-8), (0, -1, 1.38812455e-8), (3.1062534e-8, -1, -6.4028245e-9), (-7.5690747e-7, -1, 0.000001454763), (-2.9495725e-8, -1, 2.3790093e-8), (7.3203566e-8, -1, 2.688057e-7), (4.7772005e-7, -1, 6.2553354e-8), (9.629518e-7, -1, 0.0000014023047), (-7.428206e-8, -1, 1.2671146e-7), (0, -1, -0.00000564436), (0, -1, -1.2196834e-7), (-0.0000020952057, -1, -1.2324082e-7), (-3.098945e-8, -1, -5.659416e-8), (3.1062534e-8, -1, -6.4028245e-9), (6.173197e-9, -1, -6.4940856e-8), (-0.0000020952057, -1, -1.2324082e-7), (-3.098945e-8, -1, -5.659416e-8), (1.8425018e-7, -1, 0), (0, -1, 6.255326e-8), (-7.428206e-8, -1, 1.2671146e-7), (0, -1, 0.0000014023047), (1.8425018e-7, -1, 0), (-3.098945e-8, -1, -5.659416e-8), (8.6742794e-8, -1, 3.431808e-7), (-7.428206e-8, -1, 1.2671146e-7), (1.9668788e-13, -1, -2.8515204e-8), (3.1256057e-8, -1, -8.5504674e-8), (8.6742794e-8, -1, 3.431808e-7), (-3.098945e-8, -1, -5.659416e-8), (6.173197e-9, -1, -6.4940856e-8), (0, -1, 0.000002863253), (8.6742794e-8, -1, 3.431808e-7), (6.173197e-9, -1, -6.4940856e-8), (1.9668788e-13, -1, -2.8515204e-8), (0, -1, 4.4180257e-7), (7.3203566e-8, -1, 2.688057e-7), (0, -1, 0), (0, -1, 0.000002863253), (0, -1, 0), (1.9668788e-13, -1, -2.8515204e-8), (7.3203566e-8, -1, 2.688057e-7), (-2.9495725e-8, -1, 2.3790093e-8), (0, -1, 0), (0, -1, 0), (0, -1, 0), (0, -1, 0), (0, -1, 0.000002863253), (6.173197e-9, -1, -6.4940856e-8), (0, -0.99999994, 0), (0, -1, 0), (0, -1, 0), (0, -1, 1.38812455e-8), (-6.453934e-15, -1, -2.3329335e-8), (-9.100071e-10, -1, -2.5850935e-7), (-6.453934e-15, -1, -2.3329335e-8), (-1.0090075e-14, -1, -3.962331e-8), (-9.100071e-10, -1, -2.5850935e-7), (-1.3595162e-8, -1, -8.2149356e-8), (6.173197e-9, -1, -6.4940856e-8), (3.1062534e-8, -1, -6.4028245e-9), (0, -1, 0), (0, -1, 0), (-1.3595162e-8, -1, -8.2149356e-8), (-7.7660424e-8, -1, -1.2460598e-7), (0, -1, -0.0000036648219), (-1.3595162e-8, -1, -8.2149356e-8), (0, -1, -0.0000036648219), (0, -1, 0), (-1.3595162e-8, -1, -8.2149356e-8), (-1.15602404e-7, -1, 1.888848e-7), (0, -1, 0.000005976286), (-7.7660424e-8, -1, -1.2460598e-7), (0.0000011560406, -1, 0.0000013578748), (0.0000041659714, -1, 0), (-1.15602404e-7, -1, 1.888848e-7), (3.1062534e-8, -1, -6.4028245e-9), (0, -1, 0), (0.0000011560406, -1, 0.0000013578748), (0, -1, 0), (0, -1, 1.04102575e-7), (0, -1, 4.748918e-7), (0, -1, 4.748918e-7), (0, -1, 5.3255818e-8), (0, -1, 7.030011e-7), (0, -1, -6.419588e-8), (3.1062534e-8, -1, -6.4028245e-9), (0, -1, 1.38812455e-8), (3.1062534e-8, -1, -6.4028245e-9), (0.0000011560406, -1, 0.0000013578748), (-1.15602404e-7, -1, 1.888848e-7), (-1.15602404e-7, -1, 1.888848e-7), (-7.7660424e-8, -1, -1.2460598e-7), (3.1062534e-8, -1, -6.4028245e-9), (0, -1, 1.38812455e-8), (-9.100071e-10, -1, -2.5850935e-7), (9.119115e-10, -1, 5.2390842e-8), (-7.7660424e-8, -1, -1.2460598e-7), (-1.3595162e-8, -1, -8.2149356e-8), (3.1062534e-8, -1, -6.4028245e-9), (0, -1, 3.4921217e-7), (0, -1, 0), (0, -1, 4.748918e-7), (0, -1, 5.3255818e-8), (0, -1, 4.748918e-7), (0, -1, 1.04102575e-7), (0, -1, 4.748918e-7), (0, -1, 0.000013588434), (0, -1, 3.4921217e-7), (0, -1, -0.000001396404), (0, -1, 7.030011e-7), (0, -1, 5.3255818e-8), (0, -1, 5.9320706e-7), (0, -1, -0.0000067458177), (0, -1, -0.000001396404), (-4.2849308e-8, -1, 0), (-1.3362864e-8, -1, -6.2474264e-8), (-7.8840205e-9, -1, -4.759769e-7), (4.334974e-8, -1, 4.549104e-8), (-1.3362864e-8, -1, -6.2474264e-8), (1.522086e-8, -1, -3.3715576e-8), (0, -1, 5.9320706e-7), (0, -1, -0.000001396404), (0, -1, 5.3255818e-8), (0, -1, -6.419588e-8), (0, -1, 1.38812455e-8), (9.119115e-10, -1, 5.2390842e-8), (8.486326e-8, -1, 9.827026e-8), (9.429016e-8, -1, 5.1127614e-7), (-1.193902e-7, -1, -3.9859012e-7), (9.429016e-8, -1, 5.1127614e-7), (-0.0000010051835, -1, -8.578013e-7), (-1.193902e-7, -1, -3.9859012e-7), (-0.0000010051835, -1, -8.578013e-7), (0, -1, 0.0000024051412), (0, -1, 1.08735314e-7), (0, -1, 1.08735314e-7), (0, -1, 0.0000025909958), (-1.193902e-7, -1, -3.9859012e-7), (-1.193902e-7, -1, -3.9859012e-7), (-3.6188695e-8, -1, -6.2989926e-8), (8.486326e-8, -1, 9.827026e-8), (-3.6188695e-8, -1, -6.2989926e-8), (-6.7797594e-9, -1, -1.4495608e-7), (3.9127528e-8, -1, 5.580629e-9), (8.486326e-8, -1, 9.827026e-8), (-3.6188695e-8, -1, -6.2989926e-8), (3.9127528e-8, -1, 5.580629e-9), (-6.7797594e-9, -1, -1.4495608e-7), (0, -1, -0.0000031149552), (0, -1, 0.0000035353453), (0, -1, -0.0000031149552), (0, -1, 0.0000031320217), (0, -1, 0.0000035353453), (0, -1, 0.0000031320217), (0, -1, -0.000004810514), (0, -1, 0.0000035353453), (0, -1, 0.0000035353453), (0, -1, 3.3870512e-7), (-6.7797594e-9, -1, -1.4495608e-7), (0, -1, 3.3870512e-7), (0, -1, 5.437374e-8), (0, -1, 0.0000014292964), (0, -1, 5.437374e-8), (0, -1, 0), (0, -1, 0.000001207916), (0, -1, 0.000001207916), (0, -1, 0), (0, -1, 0.0000014292964), (0, -1, 0.0000014292964), (1.0594293e-8, -1, 3.0586276e-7), (-6.7797594e-9, -1, -1.4495608e-7), (1.0594293e-8, -1, 3.0586276e-7), (3.91295e-8, -1, -1.2527286e-7), (-6.7799424e-9, -1, 1.8815123e-7), (-6.7797594e-9, -1, -1.4495608e-7), (1.0594293e-8, -1, 3.0586276e-7), (1.0594117e-8, -1, -2.1330553e-8), (3.91295e-8, -1, -1.2527286e-7), (0, -1, 0), (-3.8611688e-8, -1, -6.6377424e-8), (0, -1, 0), (0, -1, -2.6727893e-8), (-3.8611688e-8, -1, -6.6377424e-8), (0, -1, -2.6727893e-8), (0, -1, -0.0000012025706), (-3.8611688e-8, -1, -6.6377424e-8), (-3.8611688e-8, -1, -6.6377424e-8), (-8.457981e-7, -1, 0), (-1.205539e-7, -1, -3.6351125e-7), (-8.457981e-7, -1, 0), (0, -1, 2.7187669e-8), (-1.205539e-7, -1, -3.6351125e-7), (0, -1, 2.7187669e-8), (0, -1, 0), (0, -1, 6.592763e-7), (0, -1, 6.592763e-7), (0, -1, 0.000002591103), (-1.205539e-7, -1, -3.6351125e-7), (-1.205539e-7, -1, -3.6351125e-7), (-3.619013e-8, -1, 7.5331556e-8), (-3.8611688e-8, -1, -6.6377424e-8), (-3.619013e-8, -1, 7.5331556e-8), (-6.7799424e-9, -1, 1.8815123e-7), (3.91295e-8, -1, -1.2527286e-7), (-3.8611688e-8, -1, -6.6377424e-8), (-3.619013e-8, -1, 7.5331556e-8), (3.91295e-8, -1, -1.2527286e-7), (-6.7799424e-9, -1, 1.8815123e-7), (0, -1, 0.0000032604764), (0, -1, 7.307046e-8), (0, -1, 0.0000032604764), (0, -1, 0), (0, -1, 7.307046e-8), (0, -1, 0), (0, -1, 0), (0, -1, 7.307046e-8), (0, -1, 7.307046e-8), (0, -1, -5.73367e-7), (-6.7799424e-9, -1, 1.8815123e-7), (0, -1, -5.73367e-7), (0, -1, 0), (0, -1, -7.5702836e-8), (0, -1, 0), (0, -0.99999994, 0), (0, -1, 0), (0, -1, 0), (0, -1, 0), (0, -1, -7.5702836e-8), (0, -1, -7.5702836e-8), (1.0594117e-8, -1, -2.1330553e-8), (-6.7799424e-9, -1, 1.8815123e-7), (1.0594117e-8, -1, -2.1330553e-8), (3.9127528e-8, -1, 5.580629e-9), (-6.7797594e-9, -1, -1.4495608e-7), (-6.7799424e-9, -1, 1.8815123e-7), (1.0594117e-8, -1, -2.1330553e-8), (1.0594293e-8, -1, 3.0586276e-7), (3.9127528e-8, -1, 5.580629e-9), (0, -1, -3.6453354e-8), (8.486326e-8, -1, 9.827026e-8), (0, -1, -3.6453354e-8), (0, -1, -7.829644e-7), (8.486326e-8, -1, 9.827026e-8), (0, -1, -7.829644e-7), (0, -1, 0.0000012025706), (8.486326e-8, -1, 9.827026e-8), (-0.0000010051835, -1, -8.578013e-7), (0, -1, 1.08735314e-7), (-1.193902e-7, -1, -3.9859012e-7), (0, -1, 3.3870512e-7), (0, -1, 0.0000014292964), (-6.7797594e-9, -1, -1.4495608e-7), (0, -1, 5.437374e-8), (0, -1, 0.000001207916), (0, -1, 0.0000014292964), (0, -1, 2.7187669e-8), (0, -1, 6.592763e-7), (-1.205539e-7, -1, -3.6351125e-7), (0, -1, -5.73367e-7), (0, -1, -7.5702836e-8), (-6.7799424e-9, -1, 1.8815123e-7), (8.986728e-9, 1, 4.7335252e-8), (0, 1, 2.5939263e-8), (1.9923367e-9, 1, 7.2096284e-8), (0, 1, 2.5939263e-8), (0, 1, 0), (0, 1, 1.2622313e-7), (1.9923367e-9, 1, 7.2096284e-8), (0, 1, 3.34313e-8), (0, 1, 1.22529e-7), (0, 1, 0), (0, 1, 0), (0, 1, 0), (0, 1, 0), (0, 1, 0), (0, 1, 1.2622313e-7), (0, 1, 1.2622313e-7), (0, 0.99999994, 0.000005937819), (0, 1, 1.2586982e-7), (0, 1, 1.2586982e-7), (0, 1, 0), (0, 1, 0), (0, 1, 0), (0, 1, 0), (0, 1, 1.2622313e-7), (0, 1, 0), (0, 1, 3.34313e-8), (0, 1, 1.2622313e-7), (0, 1, 3.34313e-8), (0, 1, 0), (0, 1, 1.2059634e-7), (0, 1, 0), (0, 1, 2.4392884e-7), (0, 1, 1.2059634e-7), (0, 1, 2.4392884e-7), (0, 1, 0.000011289485), (0, 1, 1.2059634e-7), (0, 1, 1.2059634e-7), (0, 1, -0.0000059379604), (0, 1, 1.22529e-7), (0, 1, 1.22529e-7), (0, 1, 0), (0, 1, 6.1614536e-8), (0, 1, 6.1614536e-8), (0, 1, 0.0000028217978), (0, 1, 6.0978095e-8), (0, 1, 6.0978095e-8), (1.9923367e-9, 1, 7.2096284e-8), (0, 1, 1.22529e-7), (1.9923367e-9, 1, 7.2096284e-8), (2.1852081e-8, 1, 1.6639667e-7), (8.986728e-9, 1, 4.7335252e-8), (2.1852081e-8, 1, 1.6639667e-7), (0, 1, 0.000014488554), (0, 1, 3.4172743e-8), (0, 1, 3.4172743e-8), (0, 1, 0), (0, 1, -0.000001322352), (0, 1, -0.000001322352), (0, 1, 0), (0, 1, -2.2700534e-7), (0, 1, -2.2700534e-7), (0, 1, -0.0000144003), (0, 1, -2.259066e-7), (0, 1, -2.259066e-7), (0, 1, 0), (0, 1, 0), (0, 1, 0), (0, 1, 0), (0, 1, -2.259066e-7), (0, 1, 0), (0, 1, -0.0000018918449), (0, 1, -2.259066e-7), (0, 1, -0.0000018918449), (0, 1, -5.0726834e-7), (2.1852081e-8, 1, 1.6639667e-7), (0, 1, -5.0726834e-7), (0, 1, -0.0000035958412), (0, 1, 7.965472e-8), (0, 1, -0.0000035958412), (0, 1, 0), (0, 1, 7.965472e-8), (0, 1, 7.965472e-8), (0, 1, 0), (0, 1, -3.7664864e-7), (0, 1, -3.7664864e-7), (0, 1, -0.0000029655287), (0, 1, -9.2922875e-8), (0, 1, -9.2922875e-8), (0, 1, 7.0417775e-7), (0, 1, 1.5246707e-8), (0, 1, 1.5246707e-8), (2.1661025e-8, 1, 6.512513e-8), (0, 1, -9.2922875e-8), (2.1661025e-8, 1, 6.512513e-8), (9.292329e-9, 1, 7.186051e-8), (2.1852081e-8, 1, 1.6639667e-7), (9.292329e-9, 1, 7.186051e-8), (0, 1, 0), (0, 1, 0), (0, 1, 0), (0, 1, 0), (9.292329e-9, 1, 7.186051e-8), (0, 1, 0), (0, 1, 8.2830205e-8), (9.292329e-9, 1, 7.186051e-8), (0, 1, 8.2830205e-8), (0, 1, 0), (0, 1, -1.244226e-8), (0, 1, 0), (0, 1, -8.7255614e-8), (0, 1, -1.244226e-8), (0, 1, -8.7255614e-8), (0, 1, -0.000004333094), (0, 1, -1.7146957e-9), (0, 1, -1.7146957e-9), (0, 1, 0.0000041215867), (0, 1, 7.202115e-8), (0, 1, 7.202115e-8), (0, 1, -1.2262983e-7), (0, 1, -1.7146957e-9), (0, 1, -1.2262983e-7), (0, 1, 7.2022075e-8), (0, 1, -1.244226e-8), (0, 1, -1.7146957e-9), (0, 1, -1.2262983e-7), (0, 1, -8.7255614e-8), (0, 1, 7.2022075e-8), (0, 1, 0.0000041189555), (0, 1, 7.276878e-8), (0, 1, 7.276878e-8), (0, 1, 0), (0, 1, 7.2022075e-8), (0, 1, 0), (0, 1, -1.244226e-8), (0, 1, 7.2022075e-8), (0, 1, -1.244226e-8), (0, 1, 0), (0, 1, 8.2830205e-8), (0, 1, 0), (0, 1, -5.6037752e-8), (0, 1, 8.2830205e-8), (0, 1, -5.6037752e-8), (0, 1, -0.000002165402), (0, 1, -5.148496e-7), (0, 1, -5.148496e-7), (0, 1, 0.000002062502), (-9.257595e-9, 1, 6.0372045e-8), (-9.257595e-9, 1, 6.0372045e-8), (-2.1655458e-8, 1, 5.7251793e-8), (-2.1788253e-8, 1, -3.9104354e-8), (-2.1655458e-8, 1, 5.7251793e-8), (0, 1, -4.1308727e-8), (0, 1, 0), (-2.1788253e-8, 1, -3.9104354e-8), (-2.1655458e-8, 1, 5.7251793e-8), (0, 1, -2.486096e-7), (0, 1, -4.1308727e-8), (0, 1, 0), (0, 1, -0.0000018840179), (0, 1, -0.0000018840179), (0, 1, -8.354537e-8), (0, 1, -4.1308727e-8), (0, 1, -8.354537e-8), (0, 1, 0), (0, 1, -4.1308727e-8), (0, 1, 0), (0, 1, 0), (0, 1, 0), (0, 1, 0), (0, 1, 0), (0, 1, 0), (0, 1, 0), (0, 0.99999994, 0), (0, 1, 0), (0, 1, 0), (0, 1, 2.3517543e-8), (0, 1, 4.7177288e-8), (0, 1, 2.3517543e-8), (0, 1, 0.000007470715), (0, 1, -0.000006068186), (0, 1, 4.7177288e-8), (0, 1, 2.3517543e-8), (0, 1, -0.000006068186), (0, 1, 4.7177288e-8), (0, 1, 0), (0, 1, -2.486096e-7), (0, 1, 0), (0, 1, 0), (0, 1, -2.486096e-7), (0, 1, 0), (0, 1, 0), (0, 1, -2.486096e-7), (0, 1, -2.486096e-7), (0, 1, -0.0000149049065), (0, 1, -1.1479758e-7), (0, 1, -1.1479758e-7), (0, 1, 0), (0, 1, 0.0000033366316), (0, 1, 0.0000033366316), (0, 1, -0.000014389318), (-2.1788253e-8, 1, -3.9104354e-8), (-2.1788253e-8, 1, -3.9104354e-8), (-1.9862514e-9, 1, 5.510608e-8), (-8.952788e-9, 1, 2.7614238e-8), (-1.9862514e-9, 1, 5.510608e-8), (0, 1, 0), (0, 1, 8.0054875e-8), (-8.952788e-9, 1, 2.7614238e-8), (-1.9862514e-9, 1, 5.510608e-8), (6.1844052e-15, 1, 7.634413e-9), (0, 1, 0), (0, 0.99999994, 0), (0, 1, 0), (0, 1, 0), (0, 1, 0), (0, 1, 8.0054875e-8), (0, 1, 8.0054875e-8), (0, 1, 0.0000059385243), (0, 1, -0.0000014795529), (0, 1, -0.0000014795529), (0, 1, 0), (0, 1, 0), (0, 1, 0), (0, 1, 0.000006832239), (0, 1, -0.0000014795529), (0, 1, 0.000006832239), (0, 1, 4.501619e-7), (0, 1, -0.0000014795529), (0, 1, 4.501619e-7), (0, 1, -1.9708233e-7), (0, 1, -3.0078462e-7), (0, 1, -1.9708233e-7), (0, 1, -0.000002013824), (0, 1, -3.0078462e-7), (0, 1, -0.000002013824), (0, 1, 0), (0, 1, 0.0000026789082), (0, 1, 0.0000026789082), (0, 1, -0.000005937396), (0, 1, -3.0078462e-7), (0, 1, -3.0078462e-7), (0, 1, -0.0000059379604), (0, 1, -6.426137e-8), (0, 1, -6.426137e-8), (0, 1, 0.0000028216705), (0, 1, 6.09769e-8), (0, 1, 6.09769e-8), (6.1844052e-15, 1, 7.634413e-9), (0, 1, -3.0078462e-7), (0, 1, 4.501619e-7), (-1.9862514e-9, 1, 5.510608e-8), (0, 1, 8.0054875e-8), (0, 1, 3.34313e-8), (1.9923367e-9, 1, 7.2096284e-8), (0, 1, 2.5939263e-8), (0, 1, 0), (0, 1, 0), (0, 1, 1.2622313e-7), (0, 1, -6.426137e-8), (0, 1, 6.09769e-8), (0, 1, -3.0078462e-7), (-1.9862514e-9, 1, 5.510608e-8), (0, 1, 4.501619e-7), (6.1844052e-15, 1, 7.634413e-9), (0, 1, 0), (0, 1, 1.2622313e-7), (0, 1, 1.2586982e-7), (0, 1, -3.0078462e-7), (0, 1, -0.000002013824), (0, 1, 0.0000026789082), (0, 1, 1.2622313e-7), (0, 1, 3.34313e-8), (0, 1, 2.5939263e-8), (0, 1, 4.501619e-7), (0, 1, -3.0078462e-7), (6.1844052e-15, 1, 7.634413e-9), (0, 1, 3.34313e-8), (0, 1, 1.2059634e-7), (0, 1, 1.22529e-7), (0, 1, -0.0000014795529), (0, 1, 4.501619e-7), (0, 1, 8.0054875e-8), (0, 1, 6.0978095e-8), (0, 1, 1.22529e-7), (0, 1, 6.1614536e-8), (0, 1, 8.0054875e-8), (0, 1, 0), (0, 1, 0), (-8.952788e-9, 1, 2.7614238e-8), (8.986728e-9, 1, 4.7335252e-8), (-9.257595e-9, 1, 6.0372045e-8), (8.986728e-9, 1, 4.7335252e-8), (2.1852081e-8, 1, 1.6639667e-7), (9.292329e-9, 1, 7.186051e-8), (2.1852081e-8, 1, 1.6639667e-7), (0, 1, 3.4172743e-8), (0, 1, -0.0000018918449), (0, 1, 3.4172743e-8), (0, 1, -0.000001322352), (0, 1, -0.0000018918449), (0, 1, -0.000001322352), (0, 1, -2.2700534e-7), (0, 1, -0.0000018918449), (0, 1, -2.2700534e-7), (0, 1, -2.259066e-7), (0, 1, -0.0000018918449), (0, 1, -5.0726834e-7), (0, 1, 7.965472e-8), (2.1661025e-8, 1, 6.512513e-8), (2.1852081e-8, 1, 1.6639667e-7), (0, 1, -5.0726834e-7), (2.1661025e-8, 1, 6.512513e-8), (0, 1, 7.965472e-8), (0, 1, -3.7664864e-7), (2.1661025e-8, 1, 6.512513e-8), (0, 1, -3.7664864e-7), (0, 1, -9.2922875e-8), (2.1661025e-8, 1, 6.512513e-8), (0, 1, -1.244226e-8), (0, 1, -8.7255614e-8), (0, 1, -1.2262983e-7), (0, 1, -5.6037752e-8), (0, 1, -5.148496e-7), (-9.257595e-9, 1, 6.0372045e-8), (0, 1, 8.2830205e-8), (-9.257595e-9, 1, 6.0372045e-8), (9.292329e-9, 1, 7.186051e-8), (0, 1, -2.486096e-7), (0, 1, -1.1479758e-7), (-2.1788253e-8, 1, -3.9104354e-8), (0, 1, -1.1479758e-7), (0, 1, 0.0000033366316), (-2.1788253e-8, 1, -3.9104354e-8), (-2.1788253e-8, 1, -3.9104354e-8), (-8.952788e-9, 1, 2.7614238e-8), (-9.257595e-9, 1, 6.0372045e-8), (8.986728e-9, 1, 4.7335252e-8), (9.292329e-9, 1, 7.186051e-8), (-9.257595e-9, 1, 6.0372045e-8), (0, 1, 0), (0, 1, 4.7177288e-8), (0, 1, 0), (0, 1, 4.7177288e-8), (0, 1, -2.486096e-7), (-2.1655458e-8, 1, 5.7251793e-8), (-9.257595e-9, 1, 6.0372045e-8), (0, 1, 8.2830205e-8), (0, 1, -5.6037752e-8), (0, 1, -4.762444e-8), (0, 1, 0), (0, 1, 5.5588977e-8), (0, 1, 0), (0, 1, 0), (0, 1, 5.5588977e-8), (0, 1, 0), (0, 1, 0), (0, 1, 5.527809e-8), (0, 1, 5.527809e-8), (0, 1, 0.0000025909958), (0, 1, 5.5588977e-8), (0, 1, 5.5588977e-8), (0, 1, -3.1561849e-9), (0, 1, -4.762444e-8), (0, 1, -3.1561849e-9), (0, 1, 2.230469e-7), (0, 1, -6.134499e-8), (0, 1, -4.762444e-8), (0, 1, -3.1561849e-9), (0, 1, -6.134499e-8), (0, 1, 2.230469e-7), (0, 1, 0.0000032605715), (0, 1, 7.307246e-8), (0, 1, 0.0000032605715), (0, 1, 0), (0, 1, 7.307246e-8), (0, 1, 0), (0, 1, 0), (0, 1, 7.307246e-8), (0, 1, 7.307246e-8), (0, 1, 0), (0, 1, 2.230469e-7), (0, 1, 0), (0, 1, 5.4375423e-8), (0, 1, 5.549611e-8), (0, 1, 5.4375423e-8), (0, 1, 0), (0, 1, 0.0000012079605), (0, 1, 0.0000012079605), (0, 1, 0), (0, 1, 5.549611e-8), (0, 1, 5.549611e-8), (0, 1, 0), (0, 1, 2.230469e-7), (0, 1, 0), (0, 1, 0), (0, 1, -2.2305144e-7), (0, 1, 2.230469e-7), (0, 1, 0), (0, 1, 0), (0, 1, 0), (0, 1, 0), (0, 1, -4.487854e-8), (0, 1, 0), (0, 1, 2.6730703e-8), (0, 1, -4.487854e-8), (0, 1, 2.6730703e-8), (0, 1, 0.0000012026169), (0, 1, -4.487854e-8), (0, 1, -4.487854e-8), (0, 1, -5.113023e-7), (0, 1, -7.599286e-8), (0, 1, -5.113023e-7), (0, 1, 8.3062866e-7), (0, 1, -7.599286e-8), (0, 1, 8.3062866e-7), (0, 1, -0.0000024051412), (0, 1, -7.127151e-7), (0, 1, -7.127151e-7), (0, 1, -0.0000025909421), (0, 1, -7.599286e-8), (0, 1, -7.599286e-8), (0, 1, 0), (0, 1, -4.487854e-8), (0, 1, 0), (0, 1, -2.2305144e-7), (0, 1, 0), (0, 1, -4.487854e-8), (0, 1, 0), (0, 1, 0), (0, 1, -2.2305144e-7), (0, 1, -0.0000032606358), (0, 1, -7.3073856e-8), (0, 1, -0.0000032606358), (0, 1, 0), (0, 1, -7.3073856e-8), (0, 1, 0), (0, 0.99999994, 0), (0, 1, -7.3073856e-8), (0, 1, -7.3073856e-8), (0, 1, 0), (0, 1, -2.2305144e-7), (0, 1, 0), (0, 1, -5.4374148e-8), (0, 1, -5.5494798e-8), (0, 1, -5.4374148e-8), (0, 1, 0), (0, 1, -0.0000012079487), (0, 1, -0.0000012079487), (0, 1, 0), (0, 1, -5.5494798e-8), (0, 1, -5.5494798e-8), (0, 1, 0), (0, 1, -2.2305144e-7), (0, 1, 0), (0, 1, -6.134499e-8), (0, 1, 2.230469e-7), (0, 1, -2.2305144e-7), (0, 1, 0), (0, 1, 0), (0, 1, -6.134499e-8), (0, 1, -8.1517067e-7), (0, 1, -4.762444e-8), (0, 1, -8.1517067e-7), (0, 1, 0), (0, 1, -4.762444e-8), (0, 1, 0), (0, 1, 0), (0, 1, -4.762444e-8), (0, 1, 0), (0, 1, 5.527809e-8), (0, 1, 5.5588977e-8), (0, 1, 0), (0, 1, 5.549611e-8), (0, 1, 2.230469e-7), (0, 1, 5.4375423e-8), (0, 1, 0.0000012079605), (0, 1, 5.549611e-8), (0, 1, 8.3062866e-7), (0, 1, -7.127151e-7), (0, 1, -7.599286e-8), (0, 1, 0), (0, 1, -5.5494798e-8), (0, 1, -2.2305144e-7), (0, 1, 6.017775e-8), (0, 1, -3.5207114e-7), (6.9520716e-15, 1, 2.0207199e-7), (0, 1, -3.5207114e-7), (0, 1, -9.934388e-7), (6.9521313e-15, 1, 1.5295965e-8), (0, 1, -9.934388e-7), (0, 1, 0.000009614564), (0, 1, 0.0000024045098), (0, 1, 0.0000024045098), (0, 1, -0.000010344551), (0, 1, 1.9015643e-7), (0, 1, 1.9015643e-7), (0, 0.99999994, 0.000010613401), (0, 1, 0.0000010327759), (0, 1, 0.0000010327759), (0, 1, 0), (0, 1, 0), (0, 1, 0), (0, 1, 0), (0, 1, 0.0000010327759), (0, 1, 0), (6.9521313e-15, 1, 1.5295965e-8), (0, 1, 0.0000010327759), (6.9521313e-15, 1, 1.5295965e-8), (6.9517417e-15, 1, 1.912689e-8), (6.9520716e-15, 1, 2.0207199e-7), (6.9517417e-15, 1, 1.912689e-8), (0, 1, 0), (0, 1, 3.7658617e-7), (0, 1, 1.6421323e-8), (0, 1, 3.7658617e-7), (0, 1, 0.0000020333844), (0, 1, 0), (0, 1, 0), (0, 1, 1.13609715e-7), (0, 1, 1.13609715e-7), (0, 0.99999994, 0), (0, 1, 0.0000025567742), (0, 1, 0.0000025567742), (0, 1, 0), (0, 1, 1.1360791e-7), (0, 1, 1.1360791e-7), (0, 1, 0), (0, 1, 0), (0, 1, 0), (0, 1, 0), (0, 1, 1.1360791e-7), (0, 1, 0), (0, 1, 3.7658617e-7), (0, 1, 1.13609715e-7), (0, 1, 1.1360791e-7), (0, 1, 0), (0, 1, 1.13609715e-7), (0, 1, 0.0000020333844), (0, 1, 0.000012549272), (0, 1, -8.8960235e-7), (0, 1, 0.000012549272), (0, 1, -0.000010026068), (0, 1, -8.8960235e-7), (0, 1, -8.8960235e-7), (0, 1, 0), (0, 1, -0.000002556588), (0, 1, -0.000002556588), (0, 1, 0), (0, 1, 0.0000014046364), (0, 1, 0.0000014046364), (0, 1, -0.0000050131343), (0, 1, 1.6421323e-8), (0, 1, 1.6421323e-8), (6.951606e-15, 1, 1.9438101e-8), (0, 1, 3.7658617e-7), (6.951606e-15, 1, 1.9438101e-8), (6.9520716e-15, 1, 2.0207199e-7), (6.9517417e-15, 1, 1.912689e-8), (6.9520716e-15, 1, 2.0207199e-7), (0, 1, 0.0000030331214), (0, 1, -3.367768e-7), (0, 1, 0.0000030331214), (0, 1, -0.0000034290022), (0, 1, -3.367768e-7), (0, 1, -0.0000034290022), (0, 1, -0.000005172316), (0, 1, -3.367768e-7), (0, 1, -3.367768e-7), (0, 1, -0.000010612782), (0, 1, -4.2246904e-7), (0, 1, -4.2246904e-7), (0, 1, 0), (0, 1, 0.0000024119868), (0, 1, 0.0000024119868), (0, 1, 0), (0, 1, 6.017775e-8), (0, 1, -3.5207114e-7), (6.9521313e-15, 1, 1.5295965e-8), (6.9520716e-15, 1, 2.0207199e-7), (0, 1, -9.934388e-7), (0, 1, 0.0000024045098), (0, 1, 1.9015643e-7), (6.9521313e-15, 1, 1.5295965e-8), (0, 1, -9.934388e-7), (0, 1, 1.9015643e-7), (0, 1, 1.9015643e-7), (0, 1, 0.0000010327759), (6.9521313e-15, 1, 1.5295965e-8), (0, 1, 0), (0, 1, 1.13609715e-7), (0, 1, 3.7658617e-7), (6.9517417e-15, 1, 1.912689e-8), (0, 1, 3.7658617e-7), (6.951606e-15, 1, 1.9438101e-8), (0, 1, 1.13609715e-7), (0, 1, 0.0000025567742), (0, 1, 1.1360791e-7), (0, 1, 0.0000020333844), (0, 1, -8.8960235e-7), (0, 1, 1.6421323e-8), (0, 1, -8.8960235e-7), (0, 1, -0.000002556588), (0, 1, 0.0000014046364), (0, 1, 0.0000014046364), (0, 1, 1.6421323e-8), (0, 1, -8.8960235e-7), (0, 1, -3.367768e-7), (0, 1, -4.2246904e-7), (6.9520716e-15, 1, 2.0207199e-7), (0, 1, -4.2246904e-7), (0, 1, 0.0000024119868), (0, 1, 6.017775e-8), (1.0090077e-14, 1, -7.7015144e-8), (5.841533e-15, 1, -1.8791809e-7), (6.4539345e-15, 1, 7.1255855e-9), (5.841533e-15, 1, -1.8791809e-7), (0, 1, -0.0000020761404), (0, 1, -4.0847806e-7), (6.4539345e-15, 1, 7.1255855e-9), (5.841533e-15, 1, -1.8791809e-7), (0, 1, 7.5546545e-8), (0, 1, -0.0000020761404), (0, 1, 0), (0, 1, 0.0000012763662), (0, 1, 0.0000012763662), (0, 1, -0.0000059379604), (0, 1, -4.0847806e-7), (0, 1, -4.0847806e-7), (0, 1, 0), (0, 1, -0.0000015221524), (0, 1, -0.0000015221524), (0, 1, 0.000011289358), (0, 1, -0.000006941578), (0, 1, -0.000006941578), (0, 1, 0.0000065134054), (0, 1, -0.0000015221524), (0, 1, 0.0000065134054), (0, 1, 4.009901e-7), (0, 1, -0.0000015221524), (0, 1, 4.009901e-7), (0, 1, 0), (0, 1, 3.7496318e-7), (0, 1, 0), (0, 1, 0), (0, 1, 3.7496318e-7), (0, 1, 0), (0, 0.99999994, 0), (0, 1, 1.2586618e-7), (0, 1, 1.2586618e-7), (0, 1, 0.000005937114), (0, 1, 3.7496318e-7), (0, 1, 3.7496318e-7), (0, 1, 0), (0, 1, 6.1614834e-8), (0, 1, 6.1614834e-8), (0, 0.99999994, 0.0000028219251), (0, 1, 6.097816e-8), (0, 1, 6.097816e-8), (0, 1, 7.5546545e-8), (0, 1, 3.7496318e-7), (0, 1, 4.009901e-7), (5.841533e-15, 1, -1.8791809e-7), (0, 1, -4.0847806e-7), (3.64686e-15, 1, 5.2113638e-8), (1.631669e-14, 1, -9.597059e-8), (1.0421362e-14, 1, 5.809021e-9), (1.631669e-14, 1, -9.597059e-8), (0, 1, -0.0000017960303), (0, 1, 8.7538643e-7), (1.0421362e-14, 1, 5.809021e-9), (1.631669e-14, 1, -9.597059e-8), (0, 1, -3.2451386e-8), (0, 1, 6.1614834e-8), (0, 1, 6.097816e-8), (0, 1, 3.7496318e-7), (5.841533e-15, 1, -1.8791809e-7), (0, 1, 4.009901e-7), (0, 1, 7.5546545e-8), (0, 1, -0.0000017960303), (0, 1, 0), (0, 1, 8.7538643e-7), (1.631669e-14, 1, -9.597059e-8), (0, 1, 8.7538643e-7), (0, 1, 6.2755454e-8), (0, 1, 3.7496318e-7), (0, 1, 0), (0, 1, 1.2586618e-7), (1.631669e-14, 1, -9.597059e-8), (0, 1, 6.2755454e-8), (0, 1, 9.441685e-8), (0, 1, 4.009901e-7), (0, 1, 3.7496318e-7), (0, 1, 7.5546545e-8), (1.631669e-14, 1, -9.597059e-8), (0, 1, 9.441685e-8), (0, 1, -3.2451386e-8), (0, 1, 9.441685e-8), (0, 1, 0.0000028632144), (0, 1, -3.2451386e-8), (0, 1, -0.0000015221524), (0, 1, 4.009901e-7), (0, 1, -4.0847806e-7), (0, 1, 0.0000028632144), (0, 1, 0), (0, 1, 2.3649709e-7), (0, 1, 0), (0, 1, 2.4033525e-7), (0, 1, 2.3649709e-7), (0, 1, 0.0000028632144), (0, 1, 2.3649709e-7), (0, 1, -3.2451386e-8), (0, 1, -4.0847806e-7), (0, 1, -0.0000020761404), (0, 1, 0.0000012763662), (0, 1, 2.4033525e-7), (0, 1, 0.000010820286), (0, 1, 2.3649709e-7), (0, 1, -3.2451386e-8), (0, 1, 1.9707765e-7), (1.0421362e-14, 1, 5.809021e-9), (0, 1, -3.3469388e-7), (1.0090077e-14, 1, -7.7015144e-8), (0, 1, 1.1898034e-8), (1.0090077e-14, 1, -7.7015144e-8), (6.4539345e-15, 1, 7.1255855e-9), (-1.1222102e-8, 1, 2.1002745e-7), (0, 1, 1.9707765e-7), (0, 1, 0.0000019574031), (0, 1, 1.1401546e-7), (1.0421362e-14, 1, 5.809021e-9), (0, 1, 1.9707765e-7), (0, 1, 1.1401546e-7), (1.0090077e-14, 1, -7.7015144e-8), (-1.1222102e-8, 1, 2.1002745e-7), (0, 1, 1.1898034e-8), (6.4539345e-15, 1, 7.1255855e-9), (3.64686e-15, 1, 5.2113638e-8), (-1.1222102e-8, 1, 2.1002745e-7), (0, 1, 0.000005531716), (0, 1, -0.000012258357), (0, 1, -3.3469388e-7), (0, 1, -2.6997285e-12), (0, 1, -0.000013625092), (0, 1, 0.000005531716), (0, 1, 0), (0, 1, 0), (0, 1, -3.3469388e-7), (0, 1, 0), (0, 1, -2.6997285e-12), (0, 1, -3.3469388e-7), (0, 1, 0), (0, 1, 0), (0, 1, 0), (0, 1, 0), (0, 1, 0), (0, 1, 0), (0, 1, 1.1898034e-8), (0, 1, 0), (0, 1, -3.3469388e-7), (0, 1, 2.0367561e-7), (0, 0.99999994, 0.000011915294), (-1.1222102e-8, 1, 2.1002745e-7), (0, 1, 1.0137238e-7), (0, 1, 2.4873344e-7), (-5.632984e-8, 1, 3.1662457e-9), (0, 1, 2.4873344e-7), (0, 1, 2.0367561e-7), (-1.1222102e-8, 1, 2.1002745e-7), (0, 1, -0.0000034041707), (0, 1, 0.000010829895), (0, 1, 1.0137238e-7), (0, 1, -3.473582e-7), (0, 1, -1.6378411e-7), (0, 1, 1.0137238e-7), (0, 1, -1.6378411e-7), (0, 1, -0.0000034041707), (0, 1, 1.0137238e-7), (0, 1, 0), (0, 1, 0), (0, 1, -3.473582e-7), (0, 1, -7.509978e-9), (0, 1, 0), (0, 1, 0), (-5.632984e-8, 1, 3.1662457e-9), (0, 1, -3.3734185e-7), (0, 1, -7.509978e-9), (0, 1, 2.9958719e-7), (-7.3916198e-9, 1, 1.9010587e-7), (7.39176e-9, 1, 1.7299605e-8), (-7.3916198e-9, 1, 1.9010587e-7), (-5.632984e-8, 1, 3.1662457e-9), (-1.1222102e-8, 1, 2.1002745e-7), (0, 1, -3.704637e-8), (0, 1, -0.0000021270441), (0, 1, 2.9958719e-7), (0, 1, 8.294016e-8), (0, 1, 0), (0, 1, 2.9958719e-7), (0, 1, 0), (0, 1, -3.704637e-8), (0, 1, 2.9958719e-7), (0, 1, 0), (0, 1, 0), (0, 1, -1.4187378e-7), (0, 1, 0), (0, 1, 8.294016e-8), (0, 1, -1.4187378e-7), (0, 1, 0), (0, 1, 0), (0, 1, 0), (0, 1, -1.4187378e-7), (0, 1, 0), (0, 1, 0), (0, 1, 0), (0, 1, 0), (0, 1, -1.4187378e-7), (0, 1, 0), (0, 1, 0), (0, 1, 0), (0, 1, -9.3556885e-8), (0, 1, 0), (0, 1, -1.4187378e-7), (0, 1, 0), (0, 1, 0), (0, 1, -1.4187378e-7), (0, 1, -3.704837e-8), (0, 1, -0.000001410642), (0, 1, -5.1713798e-8), (0, 1, -0.000001410642), (0, 1, -9.3556885e-8), (0, 1, -5.1713798e-8), (0, 1, -5.1713798e-8), (0, 0.99999994, -0.0000021269354), (0, 1, -3.704837e-8), (5.632758e-8, 1, 5.0733167e-8), (7.39176e-9, 1, 1.7299605e-8), (1.123967e-8, 1, 3.2006035e-8), (7.39176e-9, 1, 1.7299605e-8), (0, 1, -5.1713798e-8), (0, 1, 2.9958719e-7), (1.123967e-8, 1, 3.2006035e-8), (7.39176e-9, 1, 1.7299605e-8), (-7.3916198e-9, 1, 1.9010587e-7), (0, 1, -2.7661946e-7), (0, 1, 0), (5.632758e-8, 1, 5.0733167e-8), (0, 1, 1.6054341e-7), (0, 1, 0.0000029077883), (0, 1, -2.7661946e-7), (0, 1, 9.764141e-8), (0, 0.99999994, 0), (0, 1, 1.6054341e-7), (0, 1, -2.399795e-7), (0, 1, 0), (0, 1, -2.2254734e-7), (0, 1, 0), (0, 1, 9.764141e-8), (0, 1, -2.2254734e-7), (0, 1, -2.2254734e-7), (0, 1, -0.000010831889), (0, 1, -2.399795e-7), (0, 1, -2.4808125e-7), (0, 1, -8.3054044e-7), (5.632758e-8, 1, 5.0733167e-8), (0, 1, -8.3054044e-7), (0, 1, -2.2254734e-7), (5.632758e-8, 1, 5.0733167e-8), (1.123967e-8, 1, 3.2006035e-8), (0, 1, 0), (0, 1, -2.4808125e-7), (0, 1, 8.514397e-8), (0, 1, 1.0060042e-7), (0, 1, -4.3492415e-7), (0, 1, 1.0060042e-7), (1.123967e-8, 1, 3.2006035e-8), (0, 1, -2.5072245e-8), (0, 1, -4.3492415e-7), (0, 1, 0.0000032170065), (0, 1, 8.514397e-8), (0, 1, 4.5809097e-7), (0, 1, 5.8806694e-7), (0, 1, 1.0060042e-7), (0, 1, 5.8806694e-7), (0, 1, -4.3492415e-7), (0, 1, 1.0060042e-7), (0, 1, -0.000008078294), (0, 1, -7.0700094e-7), (0, 1, -2.7498984e-7), (0, 1, -7.0700094e-7), (0, 1, 4.5809097e-7), (0, 1, -2.7498984e-7), (0, 1, 3.4088998e-7), (0, 1, 0.00001300052), (0, 1, -0.000008078294), (0, 1, -2.5072245e-8), (0, 1, -2.7498984e-7), (0, 1, 1.0060042e-7), (0, 1, -2.7498984e-7), (0, 1, 3.4088998e-7), (0, 1, -0.000008078294), (0, 1, 6.097815e-8), (1.0421362e-14, 1, 5.809021e-9), (0, 1, 1.1401546e-7), (1.0421362e-14, 1, 5.809021e-9), (0, 1, -2.5072245e-8), (3.64686e-15, 1, 5.2113638e-8), (0, 1, 6.1614834e-8), (0, 0.99999994, 0.0000028219251), (0, 1, 6.097815e-8), (0, 1, 1.1401546e-7), (0, 1, 0), (0, 1, 6.1614834e-8), (0, 1, 0.0000011558253), (0, 1, 0), (0, 1, 1.1401546e-7), (0, 1, 0.0000019574031), (0, 1, -0.000011288211), (0, 1, 0.0000011558253), (0, 1, 0.000005531716), (0, 1, -3.3469388e-7), (0, 1, -2.6997285e-12), (0, 1, 0.0000019574031), (0, 1, 0.0000011558253), (0, 1, 1.1401546e-7), (0, 1, 1.1401546e-7), (0, 1, 6.1614834e-8), (0, 1, 6.097815e-8), (0, 1, 4.5809097e-7), (0, 1, 1.0060042e-7), (0, 1, -2.7498984e-7), (1.123967e-8, 1, 3.2006035e-8), (0, 1, -2.4808125e-7), (5.632758e-8, 1, 5.0733167e-8), (0, 1, 9.764141e-8), (0, 1, 1.6054341e-7), (5.632758e-8, 1, 5.0733167e-8), (0, 1, 1.6054341e-7), (0, 1, -2.7661946e-7), (5.632758e-8, 1, 5.0733167e-8), (0, 1, 0), (0, 1, 0), (0, 1, -1.4187378e-7), (0, 1, -1.4187378e-7), (0, 1, 0), (0, 1, 0), (0, 1, -9.3556885e-8), (0, 1, -1.4187378e-7), (0, 1, 8.294016e-8), (-7.3916198e-9, 1, 1.9010587e-7), (-1.1222102e-8, 1, 2.1002745e-7), (1.123967e-8, 1, 3.2006035e-8), (-5.632984e-8, 1, 3.1662457e-9), (0, 1, -7.509978e-9), (0, 1, 0), (-1.1222102e-8, 1, 2.1002745e-7), (-5.632984e-8, 1, 3.1662457e-9), (0, 1, 2.4873344e-7), (0, 1, 0), (0, 1, -3.473582e-7), (-5.632984e-8, 1, 3.1662457e-9), (0, 1, 0), (0, 1, 0), (0, 1, 0), (0, 1, 0), (0, 1, 0), (0, 1, -3.3469388e-7), (0, 1, -3.473582e-7), (0, 1, 1.0137238e-7), (-5.632984e-8, 1, 3.1662457e-9), (3.64686e-15, 1, 5.2113638e-8), (0, 1, -2.5072245e-8), (1.123967e-8, 1, 3.2006035e-8), (0, 1, -2.2254734e-7), (0, 1, 9.764141e-8), (5.632758e-8, 1, 5.0733167e-8), (-1.1222102e-8, 1, 2.1002745e-7), (3.64686e-15, 1, 5.2113638e-8), (1.123967e-8, 1, 3.2006035e-8), (0, 1, 8.294016e-8), (0, 1, 2.9958719e-7), (0, 1, -5.1713798e-8), (0, 1, -2.5966433e-8), (0, 1, 0), (0, 1, -2.783933e-8), (0, 1, 0), (0, 1, 2.7187113e-8), (0, 1, -2.783933e-8), (0, 1, 2.7187113e-8), (0, 1, 0), (0, 1, 5.486898e-7), (0, 1, 5.486898e-7), (0, 1, -0.0000025908885), (0, 1, -2.783933e-8), (0, 1, -2.783933e-8), (0, 1, 0), (0, 1, -2.5966433e-8), (0, 1, 0), (0, 1, 2.2305103e-7), (0, 1, 5.5761777e-8), (0, 1, -2.5966433e-8), (0, 1, 0), (0, 1, 5.5761777e-8), (0, 1, 2.2305103e-7), (0, 1, 0.0000031149743), (0, 1, 1.4277458e-9), (0, 1, 0.0000031149743), (0, 1, -0.0000032389903), (0, 1, 1.4277458e-9), (0, 1, -0.0000032389903), (0, 1, 0), (0, 1, 1.4277458e-9), (0, 1, 1.4277458e-9), (0, 1, 1.6932974e-7), (0, 1, 2.2305103e-7), (0, 1, 1.6932974e-7), (0, 1, 0.0000018717343), (0, 1, -1.1403438e-8), (0, 1, 0.0000018717343), (0, 1, 0.0000048101438), (0, 1, -0.0000011009956), (0, 1, -0.0000011009956), (0, 1, 0), (0, 1, -1.1403438e-8), (0, 1, -1.1403438e-8), (0, 1, 0), (0, 1, 2.2305103e-7), (0, 1, 0), (0, 1, 5.018188e-8), (0, 1, 3.6358703e-8), (0, 1, 2.2305103e-7), (0, 1, 0), (0, 1, 3.733469e-7), (0, 1, 5.018188e-8), (0, 1, 7.786931e-7), (0, 1, -2.8999608e-8), (0, 1, 7.786931e-7), (0, 1, -8.0978054e-7), (0, 1, -2.8999608e-8), (0, 1, -8.0978054e-7), (0, 1, 0), (0, 1, -2.8999608e-8), (0, 1, -2.8999608e-8), (0, 1, 8.466807e-8), (0, 1, 4.989017e-8), (0, 1, 8.466807e-8), (0, 1, 8.8333974e-7), (0, 1, 4.989017e-8), (0, 1, 8.8333974e-7), (0, 1, 0), (0, 1, -5.487156e-7), (0, 1, -5.487156e-7), (0, 1, 0.000002591103), (0, 1, 4.989017e-8), (0, 1, 4.989017e-8), (0, 1, -3.1561962e-9), (0, 1, -2.8999608e-8), (0, 1, -3.1561962e-9), (0, 1, 3.6358703e-8), (0, 1, 5.018188e-8), (0, 1, -2.8999608e-8), (0, 1, -3.1561962e-9), (0, 1, 5.018188e-8), (0, 1, 3.6358703e-8), (0, 1, 1.4581579e-7), (0, 1, -3.364305e-8), (0, 1, 1.4581579e-7), (0, 1, 0.0000031318575), (0, 1, -3.364305e-8), (0, 1, 0.0000031318575), (0, 1, -0.0000048099587), (0, 1, -3.364305e-8), (0, 1, -3.364305e-8), (0, 1, 0), (0, 1, 3.6358703e-8), (0, 1, 0), (0, 1, 0), (0, 1, 0.0000013737991), (0, 1, 0), (0, 1, 0), (0, 1, 0), (0, 1, 0), (0, 1, 0), (0, 1, 0.0000013737991), (0, 1, 0.0000013737991), (0, 1, 3.733469e-7), (0, 1, 3.6358703e-8), (0, 1, 3.733469e-7), (0, 1, 5.5761777e-8), (0, 1, 2.2305103e-7), (0, 1, 3.6358703e-8), (0, 1, 3.733469e-7), (0, 1, 0), (0, 1, 5.5761777e-8), (0, 1, 7.786839e-7), (0, 1, -2.5966433e-8), (0, 1, 7.786839e-7), (0, 1, -8.364232e-7), (0, 1, -2.5966433e-8), (0, 1, -8.364232e-7), (0, 1, -0.0000012025706), (0, 1, -2.5966433e-8), (0, 1, 2.7187113e-8), (0, 1, 5.486898e-7), (0, 1, -2.783933e-8), (0, 1, 1.6932974e-7), (0, 1, -1.1403438e-8), (0, 1, 2.2305103e-7), (0, 1, 0.0000018717343), (0, 1, -0.0000011009956), (0, 1, -1.1403438e-8), (0, 1, 8.8333974e-7), (0, 1, -5.487156e-7), (0, 1, 4.989017e-8), (0, 1, 0), (0, 1, 0.0000013737991), (0, 1, 3.6358703e-8), (0.9135147, 3.0986916e-7, -0.40680578), (0.9135147, 3.240309e-7, -0.40680584), (0.9135152, 1.4161721e-8, -0.40680462), (-0.82889396, 0, -0.5594057), (-0.828902, 0, -0.5593938), (-0.82890165, 0, -0.5593943), (0.25727767, 6.561805e-8, -0.9663375), (0.25728142, 0, -0.96633655), (0.2572813, 2.3519189e-9, -0.9663366), (0.95800304, 3.542625e-7, -0.28675795), (0.9580031, 3.705068e-7, -0.28675792), (0.9580028, 1.624426e-8, -0.28675878), (-0.7507357, 0, -0.66060275), (-0.75073576, 0, -0.6606027), (-0.7507357, 0, -0.66060275), (0.9869901, -3.778639e-7, -0.16078123), (0.9869901, -4.3356454e-7, -0.16078125), (0.98699015, 7.7244044e-7, -0.16078101), (-0.6606051, 0, -0.7507336), (-0.6606051, 0, -0.75073355), (-0.6606051, 0, -0.7507336), (-0.053051338, 1.026656e-7, -0.9985918), (-0.053055555, 6.8241114e-8, -0.9985916), (-0.05305541, 6.943455e-8, -0.99859154), (0.9995379, -3.6806782e-7, -0.03039587), (0.9995379, -4.235415e-7, -0.03039587), (0.9995379, 7.631406e-7, -0.030395864), (-0.5593966, 0, -0.82890016), (-0.55939656, 0, -0.8289001), (-0.5593966, 0, -0.82890016), (0.99474895, -3.7697424e-7, 0.102345355), (0.99474895, -4.3321498e-7, 0.10234536), (0.99474895, 7.483041e-7, 0.10234519), (-0.4479907, 0, -0.89403826), (-0.44798052, 0, -0.89404327), (-0.44798097, 0, -0.8940431), (0.95382833, -1.3671125e-7, 0.3003523), (0.9538283, 9.5457914e-8, 0.30035228), (0.95382833, -5.876467e-9, 0.3003523), (-0.32753912, 0, -0.94483757), (-0.32752797, 0, -0.9448415), (-0.3275285, 0, -0.9448413), (-0.19968574, -2.786015e-7, -0.97986), (-0.19968571, 0, -0.9798599), (-0.19968574, -1.32605456e-8, -0.97986), (-0.06690956, -3.3171648e-7, -0.99775904), (-0.06690956, -3.1909758e-7, -0.99775904), (-0.06690956, -3.197135e-7, -0.99775904), (0.06690665, -3.1507452e-7, -0.9977592), (0.0669055, -3.3045077e-7, -0.99775934), (0.066929355, -1.5376234e-8, -0.9977577), (0.19970252, 0, -0.9798566), (0.19970249, 0, -0.9798565), (0.19970252, 0, -0.9798566), (0.32754257, 0, -0.9448364), (0.32754257, 0, -0.94483644), (0.32754257, 0, -0.9448364), (0.36227235, 5.4568922e-8, -0.9320723), (0.36227235, 4.7649692e-8, -0.9320722), (0.36227232, 1.8930245e-7, -0.9320723), (0.44799593, 0, -0.89403564), (0.44799587, 0, -0.89403564), (0.44799584, 0, -0.89403564), (0.4832811, 1.1098065e-7, -0.8754652), (0.4832834, 2.0099557e-7, -0.87546396), (0.4832833, 1.9670773e-7, -0.8754641), (0.5593906, 0, -0.8289042), (0.55938184, 0, -0.8289101), (0.55938226, 0, -0.8289099), (0.5945542, 8.5971095e-8, -0.8040555), (0.59455425, 1.0224591e-7, -0.8040556), (0.5945542, 1.01484474e-7, -0.8040555), (0.6605875, 0, -0.75074905), (0.6605947, 0, -0.75074273), (0.6605944, 0, -0.75074303), (0.6941944, 9.748177e-8, -0.71978766), (0.6941944, 0, -0.71978766), (0.6941944, 4.505627e-9, -0.71978766), (0.75071156, 0, -0.66063017), (0.75070596, 0, -0.6606364), (0.7507062, 0, -0.6606361), (0.78102, 9.75002e-8, -0.624506), (0.78102124, 0, -0.62450445), (0.78102124, 4.4729247e-9, -0.6245045), (0.8288696, 0, -0.5594419), (0.8288775, 0, -0.5594301), (0.8288771, 0, -0.55943066), (0.85431427, 1.6040278e-7, -0.51975673), (0.85431343, 0, -0.5197581), (0.8543135, 7.3321242e-9, -0.5197581), (0.8940166, 0, -0.4480338), (0.89401656, 0, -0.4480338), (0.8940166, 0, -0.4480338), (0.9135184, 8.930737e-8, -0.40679735), (0.9135179, 0, -0.40679857), (0.9135179, 4.081549e-9, -0.4067985), (0.9448285, 0, -0.32756534), (0.9448272, 0, -0.32756922), (0.94482726, 0, -0.32756904), (0.958009, 1.798371e-7, -0.28673798), (0.958009, 0, -0.28673798), (0.958009, 8.2462055e-9, -0.28673798), (0.9798526, 0, -0.19972186), (0.9798529, 0, -0.19972068), (0.97985286, 0, -0.19972073), (0.9869952, 1.9356918e-8, -0.16074957), (0.9869952, 2.0250951e-8, -0.16074955), (0.98699516, 8.940322e-10, -0.16074981), (0.8946553, 2.3818079e-7, 0.4467572), (0.89465505, -6.31823e-7, 0.44675758), (0.89465505, -5.191416e-7, 0.4467575), (0.99999577, 3.8998003e-8, -0.0029066952), (0.9999957, 0, -0.002906696), (0.99999577, 7.546877e-8, -0.002906695), (0.9995395, 4.0766835e-8, -0.030343607), (0.99953955, 0, -0.030343613), (0.9995395, 1.905865e-9, -0.030343613), (0.8421026, -7.246581e-8, 0.5393174), (0.8421025, 0, 0.5393173), (0.8421026, -5.6635895e-7, 0.5393174), (0.9977411, 0, 0.06717592), (0.9977411, 0, 0.06717566), (0.9977411, 0, 0.06717568), (0.99474424, 7.654065e-9, 0.102390364), (0.9947443, 0, 0.10239037), (0.99474424, 3.643718e-10, 0.102390364), (0.78063506, 0, 0.6249872), (0.780635, 0, 0.62498724), (0.7806355, 0, 0.6249867), (0.97973156, 0, 0.20031482), (0.97973174, 0, 0.20031406), (0.9797317, 0, 0.20031409), (-0.9538256, -4.412094e-8, 0.30036095), (-0.9538256, -1.4520758e-7, 0.30036092), (-0.9538256, -1.0108664e-7, 0.30036092), (0.7110821, 0, 0.7031089), (0.7110821, 0, 0.70310897), (0.71108216, 0, 0.70310897), (0.9445877, 0, 0.32825932), (0.94458723, 0, 0.32826063), (0.9445872, 0, 0.32826048), (0.63417244, -1.14604326e-7, 0.77319163), (0.63417256, -1.2902794e-7, 0.7731916), (0.6341719, -1.4423611e-8, 0.7731921), (0.8937191, 0, 0.4486271), (0.8937206, 0, 0.44862375), (0.8937206, 0, 0.44862404), (0.5505363, 0, 0.8348113), (0.55053633, 0, 0.83481115), (0.55053556, 0, 0.83481175), (0.8286255, 1.6022396e-7, 0.55980337), (0.82862276, 0, 0.55980724), (0.82862306, 1.12623955e-8, 0.55980706), (0.46075174, 0, 0.887529), (0.4607518, 0, 0.8875291), (0.46075174, 0, 0.8875291), (0.7506106, 6.7284915e-8, 0.6607449), (0.75061417, 2.7865585e-7, 0.66074073), (0.7506139, 2.6384674e-7, 0.66074103), (0.36540753, 9.187121e-8, 0.93084764), (0.36540726, 1.0352321e-7, 0.93084776), (0.3654092, 1.165201e-8, 0.930847), (0.6607297, 1.8245121e-8, 0.7506239), (0.6607297, 2.7865534e-7, 0.7506239), (0.6607297, 2.6041025e-7, 0.7506239), (0.26519653, 1.811659e-8, 0.96419436), (0.26519683, 0, 0.9641943), (0.26519474, 1.4163909e-7, 0.9641949), (0.55979186, 0, 0.8286332), (0.5597919, 0, 0.8286332), (0.55979186, 0, 0.8286332), (0.1609914, 0, 0.9869558), (0.1609914, 0, 0.9869558), (0.1609914, 0, 0.9869558), (0.4486203, 0, 0.8937225), (0.4486137, 0, 0.89372575), (0.4486142, 0, 0.8937256), (0.053947575, 1.1511513e-7, 0.9985438), (0.053947862, 1.3026883e-7, 0.9985438), (0.053945668, 1.5153708e-8, 0.9985439), (0.328254, 0, 0.94458944), (0.32824674, 0, 0.944592), (0.32824728, 0, 0.9445918), (-0.053938214, 2.2633108e-8, 0.9985442), (-0.053937927, 0, 0.9985443), (-0.053940125, 1.7193241e-7, 0.99854416), (0.20030263, 0, 0.9797341), (0.2003103, 0, 0.9797325), (0.20030971, 0, 0.97973263), (-0.16095473, 0, 0.9869618), (-0.16095445, 0, 0.9869618), (-0.16095665, 0, 0.9869615), (0.06717425, 0, 0.9977412), (0.06717425, 0, 0.9977412), (0.067174256, 0, 0.9977413), (-0.26509705, 1.4600302e-7, 0.9642218), (-0.26509678, 1.6467723e-7, 0.96422184), (-0.2650989, 1.8674212e-8, 0.96422124), (-0.06716119, 0, 0.9977421), (-0.06717674, 0, 0.9977411), (-0.067175575, 0, 0.9977412), (-0.3652337, 1.811946e-8, 0.9309159), (-0.36523345, 0, 0.930916), (-0.36523545, 1.4287605e-7, 0.93091524), (-0.2002994, 0, 0.9797348), (-0.2002994, 0, 0.9797347), (-0.2002994, 0, 0.9797348), (-0.46048847, 0, 0.8876657), (-0.46048808, 0, 0.88766587), (-0.46049073, 0, 0.8876645), (-0.3282443, 0, 0.94459283), (-0.328237, 0, 0.9445954), (-0.3282375, 0, 0.9445952), (-0.5501878, 6.766599e-8, 0.8350409), (-0.5501877, 7.6178985e-8, 0.835041), (-0.55018854, 8.513003e-9, 0.83504045), (-0.44860864, 1.8116283e-7, 0.8937283), (-0.44860864, 0, 0.8937283), (-0.44860864, 1.282371e-8, 0.8937283), (0.8943017, -5.8293907e-8, 0.44746444), (0.8943017, -6.58308e-8, 0.44746444), (0.8943017, -7.536893e-9, 0.4474644), (-0.63375425, 3.624433e-8, 0.7735345), (-0.63375425, 0, 0.7735345), (-0.6337543, 2.8812312e-7, 0.7735345), (-0.55979633, 1.824476e-8, 0.82863015), (-0.5597964, 2.7780467e-7, 0.8286302), (-0.55979633, 2.595599e-7, 0.82863015), (0.8416747, -1.1010488e-7, 0.5399849), (0.84167504, 0, 0.53998435), (0.841675, -1.40688154e-8, 0.5399844), (-0.7106239, 0, 0.70357215), (-0.7106237, 0, 0.7035723), (-0.7106251, 0, 0.7035709), (-0.66074246, 0, 0.7506127), (-0.66074234, 0, 0.7506127), (-0.6607424, 0, 0.7506128), (0.7801738, 0, 0.6255629), (0.7801743, 0, 0.62556237), (0.78017414, 0, 0.62556237), (-0.7801738, 0, 0.6255629), (-0.78017366, 0, 0.62556297), (-0.78017414, 0, 0.6255624), (-0.7506298, 0, 0.660723), (-0.7506262, 0, 0.6607271), (-0.75062644, 0, 0.6607268), (0.7106244, 0, 0.7035717), (0.7106244, 0, 0.7035717), (0.7106244, 0, 0.7035716), (-0.8416748, 1.4870735e-8, 0.53998476), (-0.84167475, 1.6770866e-8, 0.5399849), (-0.8416754, 1.9001305e-9, 0.53998387), (-0.82863915, 0, 0.5597831), (-0.82863915, 0, 0.5597831), (-0.82863915, 0, 0.5597831), (0.63375586, 0, 0.7735331), (0.63375515, 0, 0.7735337), (0.6337552, 0, 0.77353364), (-0.89430124, -1.16569346e-7, 0.44746542), (-0.8943012, 0, 0.44746533), (-0.89430124, -1.5071457e-8, 0.4474654), (-0.893733, 0, 0.44859916), (-0.89373475, 0, 0.44859585), (-0.89373463, 0, 0.4485961), (0.55018866, 3.3984353e-8, 0.8350404), (0.5501886, 0, 0.8350404), (0.55018866, 4.2755444e-9, 0.8350404), (-0.94459784, 0, 0.32823005), (-0.944597, 0, 0.32823256), (-0.94459707, 0, 0.32823235), (0.4604889, 1.8121254e-8, 0.88766545), (0.46049076, 1.6178006e-7, 0.8876645), (0.46049052, 1.4365881e-7, 0.8876646), (-0.97973573, 0, 0.2002949), (-0.979736, 0, 0.20029327), (-0.9797359, 0, 0.20029338), (0.36523572, 0, 0.9309151), (0.36523572, 0, 0.9309152), (0.36523572, 0, 0.9309151), (-0.99774134, 0, 0.067173176), (-0.9977414, 0, 0.06717266), (-0.9977414, 0, 0.0671727), (0.2650991, 1.8116587e-8, 0.9642212), (0.26509938, 0, 0.96422106), (0.26509726, 1.4164354e-7, 0.96422166), (-0.9977418, 0, -0.06716666), (-0.99774176, 0, -0.067166924), (-0.99774176, 0, -0.0671669), (0.16095473, 1.8112322e-8, 0.9869618), (0.16095692, 1.5800414e-7, 0.9869614), (0.16095665, 1.3989182e-7, 0.9869615), (-0.9797359, 0, -0.20029338), (-0.9797357, 0, -0.20029497), (-0.9797356, 0, -0.20029485), (0.053938214, 0, 0.9985442), (0.05394041, 0, 0.99854416), (0.053940125, 0, 0.99854416), (-0.94459695, 0, -0.32823244), (-0.9445974, 0, -0.3282312), (-0.94459736, 0, -0.32823125), (-0.05394041, 1.4279185e-7, 0.99854416), (-0.05394041, 0, 0.99854416), (-0.053940415, 1.8797058e-8, 0.99854416), (-0.8937347, 0, -0.44859597), (-0.8937338, 0, -0.4485976), (-0.8937339, 0, -0.44859752), (-0.16095635, 1.8112337e-8, 0.9869615), (-0.16095202, 1.5800428e-7, 0.9869623), (-0.16095255, 1.3989194e-7, 0.98696214), (-0.8286379, 0, -0.559785), (-0.8286392, 0, -0.55978316), (-0.82863903, 0, -0.5597832), (-0.26509726, 0, 0.96422166), (-0.26509938, 0, 0.96422106), (-0.2650991, 0, 0.9642212), (-0.7506283, 0, -0.6607247), (-0.75063014, 0, -0.6607227), (-0.75062996, 0, -0.6607228), (-0.36523402, 1.8178217e-7, 0.93091565), (-0.36523598, 0, 0.93091494), (-0.36523575, 2.3053513e-8, 0.93091506), (-0.6607401, 0, -0.7506148), (-0.6607425, 0, -0.75061274), (-0.66074234, 0, -0.75061285), (-0.4604887, 0, 0.88766557), (-0.4604887, 0, 0.8876655), (-0.4604887, 0, 0.8876655), (-0.55979645, -3.3666828e-7, -0.8286302), (-0.5597964, 0, -0.8286302), (-0.5597964, -2.3664798e-8, -0.8286302), (-0.5501891, 0, 0.8350401), (-0.5501891, 0, 0.83504015), (-0.5501891, 0, 0.8350401), (-0.44861245, -1.8243732e-8, -0.89372647), (-0.44861567, -2.759747e-7, -0.89372474), (-0.44861546, -2.5773102e-7, -0.8937249), (-0.63375366, 3.4225968e-7, 0.77353495), (-0.63375425, 0, 0.7735345), (-0.6337542, 4.3054424e-8, 0.77353454), (-0.3282373, 0, -0.94459534), (-0.3282409, 0, -0.94459397), (-0.32824066, 0, -0.94459414), (-0.7106249, -3.4142843e-7, 0.7035711), (-0.71062505, -3.8448098e-7, 0.70357096), (-0.71062386, -4.3052516e-8, 0.70357215), (-0.9538231, -6.5312537e-7, 0.30036888), (-0.9538231, 3.204331e-8, 0.30036885), (-0.9538231, -2.6700894e-7, 0.30036888), (-0.20029968, -9.120036e-9, -0.9797347), (-0.2002994, 0, -0.9797347), (-0.20030326, -1.2511438e-7, -0.97973394), (-0.7801728, 0, 0.6255641), (-0.78017324, 0, 0.62556344), (-0.7801732, 0, 0.62556356), (-0.9947503, 7.596791e-8, 0.10233192), (-0.99475026, 7.958432e-8, 0.10233192), (-0.9947503, 3.6164096e-9, 0.10233192), (-0.06716401, -1.1398034e-8, -0.99774194), (-0.067164004, -1.6390291e-7, -0.9977419), (-0.06716401, -1.525049e-7, -0.99774194), (-0.8416751, 1.2610876e-7, 0.5399842), (-0.8416754, 0, 0.5399837), (-0.8416754, 1.6113736e-8, 0.5399838), (-0.99953806, 8.217119e-8, -0.030391917), (-0.999538, 0, -0.03039182), (-0.99953806, 3.841487e-9, -0.030391827), (0.06717425, 0, -0.9977412), (0.067174256, 0, -0.9977413), (0.06717425, 0, -0.9977412), (-0.89430135, 5.8971654e-8, 0.44746512), (-0.89430165, 0, 0.44746467), (-0.8943016, 7.62452e-9, 0.4474647), (-0.98699045, 0, -0.16077884), (-0.98699045, 0, -0.16077885), (-0.98699045, 0, -0.1607786), (0.20030677, 0, -0.9797333), (0.20031446, 0, -0.9797317), (0.20031391, 0, -0.97973174), (-0.9580033, -4.4496392e-8, -0.2867574), (-0.9580032, -4.653674e-8, -0.28675735), (-0.9580031, -2.0403523e-9, -0.2867578), (0.3282543, -2.4263497e-7, -0.94458944), (0.32825068, 0, -0.9445906), (0.3282509, -1.7376866e-8, -0.9445905), (-0.91351527, 1.9792997e-8, -0.4068046), (-0.91351515, 2.069758e-8, -0.40680456), (-0.91351527, 9.045848e-10, -0.4068046), (0.44861397, -1.4109635e-7, -0.8937256), (0.44861376, -1.5108392e-7, -0.89372575), (0.44861707, -9.987574e-9, -0.8937241), (-0.85431767, 2.0423293e-7, -0.51975125), (-0.85431755, 2.1356855e-7, -0.5197513), (-0.85431844, 9.335627e-9, -0.51975), (0.55979186, 0, -0.8286332), (0.5597919, 0, -0.8286332), (0.55979186, 0, -0.8286332), (-0.7810311, 2.0206026e-7, -0.62449217), (-0.78103113, 2.1132988e-7, -0.6244922), (-0.7810311, 9.2696055e-9, -0.62449217), (0.6607294, -2.1136889e-7, -0.7506242), (0.6607247, 0, -0.75062835), (0.660725, -1.4808967e-8, -0.7506281), (-0.6942116, 4.5700252e-9, -0.7197709), (-0.6942116, 0, -0.71977097), (-0.6942116, 9.887763e-8, -0.719771), (0.75061405, -1.1790178e-7, -0.66074085), (0.7506122, -2.7865678e-7, -0.66074294), (0.7506124, -2.6739397e-7, -0.6607428), (-0.59457886, 1.4350212e-7, -0.80403733), (-0.59457886, 1.5021574e-7, -0.8040373), (-0.59457767, 6.7136248e-9, -0.80403817), (0.8286208, -1.8244569e-8, -0.55981034), (0.8286221, -2.7780158e-7, -0.5598083), (0.82862204, -2.5955703e-7, -0.5598085), (-0.4833061, 6.893096e-10, -0.87545145), (-0.483306, -8.852263e-9, -0.8754515), (-0.4833083, 1.9146438e-7, -0.8754502), (0.8937193, 0, -0.44862667), (0.8937201, 0, -0.44862503), (0.89372003, 0, -0.44862512), (-0.3622992, 1.8436138e-7, -0.93206185), (-0.36229408, 0, -0.9320638), (-0.36229432, 9.004766e-9, -0.9320637), (0.9445877, 0, -0.32825932), (0.94458723, 0, -0.32826063), (0.9445872, 0, -0.32826048), (-0.25201425, 9.318192e-8, -0.96772355), (-0.25201815, 1.331682e-7, -0.96772254), (-0.252018, 1.3174626e-7, -0.96772254), (0.97973114, 0, -0.2003171), (0.9797315, 0, -0.20031555), (0.97973144, 0, -0.20031564), (-0.15432084, 2.286552e-9, -0.98802084), (-0.1543207, 0, -0.98802084), (-0.1543248, 6.556553e-8, -0.9880201), (0.9977412, 0, -0.06717472), (0.9977412, 0, -0.06717472), (0.9977412, 0, -0.06717472), (-0.055828, 0, -0.9984404), (-0.05582785, 0, -0.9984404), (-0.055832103, 0, -0.99844015), (-0.06665135, 0, 0.9977763), (-0.06666743, 0, 0.99777526), (-0.06666685, 0, 0.9977753), (0.042179447, 8.0366846e-8, -0.99911004), (0.0421793, 8.3095664e-8, -0.99911004), (0.0421836, 2.728818e-9, -0.99910986), (-0.19912282, 0, 0.9799745), (-0.19912282, 0, 0.97997445), (-0.19912285, 0, 0.9799745), (0.13865474, 6.490551e-8, -0.9903408), (0.13865459, 6.35456e-8, -0.9903408), (0.13865884, 1.0393153e-7, -0.99034023), (-0.32685763, 0, 0.94507354), (-0.3268576, 0, 0.94507354), (-0.3268576, 0, 0.94507354), (-0.9504946, 0, 0.31074122), (-0.9504945, 0, 0.31074113), (-0.95049447, 0, 0.3107413), (0.23276839, 1.6449876e-7, -0.97253215), (0.23277253, 7.058025e-8, -0.9725312), (0.2327724, 7.372484e-8, -0.97253126), (-0.4474152, 0, 0.89432627), (-0.44740158, 0, 0.8943331), (-0.44740203, 0, 0.89433295), (-0.9947564, -7.046671e-7, 0.10227234), (-0.99475646, 8.04482e-7, 0.102272354), (-0.9947564, 7.326397e-7, 0.10227234), (0.32386494, 1.02838115e-7, -0.94610333), (0.32386494, 2.1244288e-7, -0.94610333), (0.32386494, 2.087854e-7, -0.94610333), (-0.55904347, 0, 0.82913834), (-0.55901974, 0, 0.82915425), (-0.55902064, 0, 0.82915384), (-0.99953663, 3.682378e-8, -0.030436601), (-0.99953663, 0, -0.030436603), (-0.99953663, 1.7215047e-9, -0.030436601), (0.41145152, 1.04960876e-7, -0.91143167), (0.41145137, 1.0845809e-7, -0.91143167), (0.411455, 3.4972256e-9, -0.91143006), (-0.6604996, 0, 0.75082636), (-0.6604898, 0, 0.750835), (-0.66049016, 0, 0.7508347), (-0.9869848, -3.5167852e-7, -0.16081342), (-0.9869847, 0, -0.16081369), (-0.9869848, -1.6243284e-8, -0.16081367), (0.49510226, 0, -0.86883473), (0.49510205, 0, -0.8688349), (0.49510863, 0, -0.8688311), (-0.75085384, 0, 0.6604684), (-0.7508539, 0, 0.66046834), (-0.7508539, 0, 0.6604684), (-0.95799994, 1.7967237e-7, -0.28676844), (-0.9579995, 0, -0.28676978), (-0.9579995, 8.238653e-9, -0.28676972), (0.57441986, 6.5112964e-8, -0.81856084), (0.57442, 6.728748e-8, -0.8185607), (0.57441705, 2.1745155e-9, -0.81856275), (-0.82916164, 0, 0.55900884), (-0.82916707, 0, 0.5590008), (-0.8291669, 0, 0.5590011), (-0.9135122, -2.454148e-7, -0.40681142), (-0.9135122, 0, -0.40681136), (-0.9135122, -1.12162954e-8, -0.4068114), (0.6489506, 1.7231481e-7, -0.7608305), (0.64895064, 1.7809168e-7, -0.7608305), (0.64894927, 5.7768736e-9, -0.7608317), (-0.8943414, 0, 0.4473851), (-0.89434147, 0, 0.4473851), (-0.8943414, 0, 0.4473851), (-0.8543216, 6.0023314e-7, -0.51974475), (-0.8543198, -8.364106e-7, -0.5197476), (-0.85432, -7.7074066e-7, -0.5197475), (0.7181818, 1.2307511e-7, -0.69585556), (0.7181818, 1.2722572e-7, -0.69585556), (0.7181818, 4.1506083e-9, -0.69585556), (-0.94508106, 0, 0.32683593), (-0.94507927, 0, 0.3268412), (-0.9450793, 0, 0.32684097), (-0.7810386, 6.968477e-7, -0.6244827), (-0.78103983, -8.3353234e-7, -0.6244812), (-0.7810398, -7.633255e-7, -0.62448126), (-0.97997826, 0, 0.19910458), (-0.9799776, 0, 0.19910778), (-0.97997767, 0, 0.19910765), (-0.69422835, 5.0860617e-8, -0.7197549), (-0.6942299, 0, -0.71975327), (-0.69422984, 2.3506372e-9, -0.7197534), (1, 5.0858606e-8, -3.193737e-7), (1, -3.3488103e-8, -3.1937364e-7), (1, -2.6148921e-8, -3.1937367e-7), (-0.59460133, -1.7517117e-8, -0.8040207), (-0.59459925, 4.090146e-7, -0.8040222), (-0.59459937, 3.8906043e-7, -0.8040222), (-0.4833323, 3.1271045e-7, -0.875437), (-0.48332998, 0, -0.8754383), (-0.4833301, 1.489443e-8, -0.8754382), (-0.36231625, 7.7916575e-8, -0.93205523), (-0.36231622, 0, -0.9320552), (-0.36231625, 3.8054577e-9, -0.93205523), (0.05196469, 9.260709e-8, -0.99864894), (0.05196881, 6.684332e-8, -0.9986487), (0.051968664, 6.77558e-8, -0.9986487), (0.155425, 3.4296979e-9, -0.9878477), (0.15542099, 9.9884275e-8, -0.98784834), (0.15542114, 9.645458e-8, -0.98784834), (-0.99999756, 0, -0.002203006), (-0.9999976, 0, -0.0022030058), (-0.99999756, 0, -0.0022030058), (-0.97985554, 0, -0.19970757), (-0.97985554, 0, -0.19970763), (-0.9798558, 0, -0.19970644), (-0.9448352, 0, -0.32754624), (-0.9448352, 0, -0.32754624), (-0.9448352, 0, -0.3275462), (-0.2521834, 2.5870395e-7, -0.96767944), (-0.2521834, 0, -0.96767944), (-0.2521834, 9.466319e-9, -0.96767944), (-0.8940272, 0, -0.4480129), (-0.894027, 0, -0.44801283), (-0.8940271, 0, -0.44801283), (-0.9799806, 0, -0.1990929), (-0.9799807, 0, -0.19909292), (-0.9799806, 0, -0.1990929), (-0.8288906, 0, -0.5594108), (-0.82889086, 0, -0.55941033), (-0.82888436, 0, -0.55942), (-0.945083, 0, -0.3268302), (-0.94508487, 0, -0.326825), (-0.9450848, 0, -0.32682514), (-0.7507194, 0, -0.6606212), (-0.7507192, 0, -0.6606215), (-0.7507247, 0, -0.66061515), (-0.8943416, 0, -0.44738477), (-0.89434147, 0, -0.44738504), (-0.89434487, 0, -0.4473782), (-0.6606016, 0, -0.75073665), (-0.6606019, 0, -0.7507364), (-0.6605947, 0, -0.7507428), (-0.8291617, 0, -0.5590087), (-0.8291617, 0, -0.5590087), (-0.8291617, 0, -0.5590087), (-0.5593856, 0, -0.8289076), (-0.5593852, 0, -0.8289079), (-0.55939394, 0, -0.82890195), (-0.7508388, 0, -0.66048545), (-0.7508463, 0, -0.660477), (-0.750846, 0, -0.6604772), (-0.447993, 0, -0.89403707), (-0.447993, 0, -0.89403707), (-0.44799307, 0, -0.89403707), (-0.66047984, 0, -0.7508438), (-0.66047984, 0, -0.75084376), (-0.66047984, 0, -0.7508438), (-0.32753524, -3.1074072e-7, -0.944839), (-0.32753527, -3.252678e-7, -0.944839), (-0.32753524, -1.4527064e-8, -0.944839), (-0.559008, 0, -0.82916224), (-0.559008, 0, -0.82916224), (-0.559008, 0, -0.82916224), (-0.19969437, -2.7111415e-7, -0.9798583), (-0.19969434, -2.6486924e-7, -0.9798582), (-0.19969435, -3.9607923e-7, -0.9798582), (-0.44737396, 0, -0.894347), (-0.4473876, 0, -0.89434016), (-0.44738716, 0, -0.89434046), (-0.06691422, -1.4849843e-8, -0.99775875), (-0.06691364, 0, -0.9977588), (-0.066925555, -3.0426688e-7, -0.997758), (-0.32684168, 0, -0.9450791), (-0.3268266, 0, -0.94508433), (-0.32682708, 0, -0.9450841), (0.06691364, 0, -0.99775875), (0.06691364, 0, -0.9977588), (0.06691363, 0, -0.99775875), (-0.19908993, 0, -0.9799812), (-0.19908993, 0, -0.9799812), (-0.19908993, 0, -0.9799812), (0.19969437, 0, -0.97985816), (0.19969434, 0, -0.9798582), (0.19969437, 0, -0.9798583), (-0.06665082, 0, -0.9977763), (-0.066650815, 0, -0.9977763), (-0.06665082, 0, -0.9977763), (0.3275345, 0, -0.9448392), (0.3275345, 0, -0.9448391), (0.3275345, 0, -0.9448393), (0.06666224, 0, -0.9977756), (0.06666224, 0, -0.99777555), (0.06666224, 0, -0.9977756), (-0.1553928, 1.670315e-7, -0.9878527), (-0.1553968, 0, -0.9878521), (-0.15539667, 5.9403877e-9, -0.98785216), (0.44799495, 0, -0.8940361), (0.44799492, 0, -0.8940361), (0.44799498, 0, -0.89403605), (0.19911242, 0, -0.97997665), (0.1991124, 0, -0.9799767), (0.19911239, 0, -0.97997665), (0.55939436, 0, -0.8289017), (0.5593943, 0, -0.8289017), (0.55939436, 0, -0.82890165), (0.32684675, 0, -0.94507736), (0.3268618, 0, -0.9450721), (0.3268613, 0, -0.94507235), (-0.010584609, -1.2550286e-7, -0.999944), (-0.010585664, 0, -0.999944), (-0.010585382, -3.3528703e-8, -0.999944), (0.66060007, 0, -0.750738), (0.6606007, 0, -0.7507375), (0.6605863, 0, -0.7507501), (0.44739482, 0, -0.8943365), (0.4473812, 0, -0.8943434), (0.44738165, 0, -0.89434314), (-0.9969283, 0, 0.078319825), (-0.9969282, 0, 0.07832022), (-0.9969282, 0, 0.07832021), (0.7507181, 0, -0.66062254), (0.7507179, 0, -0.66062284), (0.75072354, 0, -0.66061646), (0.559, 0, -0.82916766), (0.559, 0, -0.8291676), (0.559, 0, -0.82916766), (-0.9964617, 0, -0.08404773), (-0.99646175, 0, -0.084047735), (-0.9964617, 0, -0.08404773), (0.82888675, 0, -0.5594165), (0.8288867, 0, -0.55941653), (0.8288881, 0, -0.5594143), (0.6604579, 0, -0.7508631), (0.66045797, 0, -0.7508631), (0.6604579, 0, -0.750863), (-0.97059804, 0, -0.24070606), (-0.9705978, 0, -0.24070732), (-0.97059774, 0, -0.24070728), (0.89402723, 0, -0.44801265), (0.894027, 0, -0.44801283), (0.8940297, 0, -0.44800773), (0.750815, 0, -0.66051257), (0.75080746, 0, -0.66052115), (0.7508077, 0, -0.6605208), (-0.92172945, 0, -0.38783345), (-0.92172784, 0, -0.38783735), (-0.9217279, 0, -0.38783726), (0.9448331, 0, -0.3275522), (0.94483304, 0, -0.32755238), (0.9448344, 0, -0.32754856), (0.82912856, 0, -0.559058), (0.82912856, 0, -0.55905807), (0.82912856, 0, -0.55905807), (-0.8522072, 4.1411408e-8, -0.52320445), (-0.85220724, 0, -0.5232045), (-0.8522072, 1.1146957e-9, -0.52320445), (0.9798553, 0, -0.19970863), (0.97985536, 0, -0.1997086), (0.97985506, 0, -0.19970977), (0.8943129, 0, -0.447442), (0.89431643, 0, -0.44743517), (0.89431626, 0, -0.44743538), (-0.76373994, -1.668332e-7, -0.6455241), (-0.7637399, 0, -0.64552414), (-0.7637399, -4.4912363e-9, -0.64552414), (-0.99999577, 0, -0.0029053208), (-0.9999957, 0, -0.0029053213), (-0.9999958, 0, -0.0029053213), (0.94506615, -4.5041144e-8, -0.32687917), (0.94506437, 0, -0.3268844), (0.94506437, -1.5628422e-9, -0.32688418), (-0.65739584, -4.0927455e-7, -0.7535454), (-0.6573959, 0, -0.7535454), (-0.6573959, -1.1059164e-8, -0.7535454), (0.97997266, -4.45438e-8, -0.19913203), (0.97997135, -6.698537e-8, -0.19913846), (0.9799714, -6.619228e-8, -0.19913824), (-0.53400236, -1.6104902e-8, -0.84548295), (-0.5340024, -3.4494855e-7, -0.84548295), (-0.5340024, -3.3598886e-7, -0.84548295), (-0.99999577, 0, -0.002905321), (-0.9999957, 0, -0.0029053213), (-0.9999958, 0, -0.0029053213), (-0.39480415, 0, -0.91876525), (-0.3947952, 0, -0.9187692), (-0.39479545, 0, -0.91876906), (-0.24236643, 0, -0.9701848), (-0.24236646, 0, -0.97018486), (-0.24236643, 0, -0.9701848), (0.010585324, 0, -0.999944), (0.010585605, 0, -0.999944), (0.010584549, 0, -0.999944), (0.95384425, -3.9955303e-8, 0.30030164), (0.9538443, -1.3152015e-7, 0.30030167), (0.95384425, -9.156485e-8, 0.30030167), (0.9799697, 2.5020395e-8, 0.19914696), (0.97997034, 1.3397529e-7, 0.19914372), (0.9799703, 1.30125e-7, 0.19914383), (0.94506097, 4.573147e-9, 0.32689434), (0.9450627, 1.3637425e-7, 0.3268891), (0.94506264, 1.3180112e-7, 0.32688928), (0.8943125, 0, 0.44744298), (0.89431244, 0, 0.44744295), (0.89431244, 0, 0.447443), (0.82913446, 0, 0.55904925), (0.8291291, 0, 0.55905724), (0.8291292, 0, 0.55905694), (0.75082344, 0, 0.66050303), (0.75082344, 0, 0.66050303), (0.75082344, 0, 0.66050303), (0.6604683, 0, 0.75085396), (0.660478, 0, 0.75084543), (0.6604776, 0, 0.7508457), (0.5590132, 0, 0.8291587), (0.5590369, 0, 0.8291428), (0.559036, 0, 0.8291433), (0.44740993, 0, 0.89432895), (0.44742364, 0, 0.8943222), (0.44742313, 0, 0.8943224), (0.32687744, 0, 0.94506675), (0.32687744, 0, 0.94506675), (0.32687744, 0, 0.94506675), (0.9977415, 0, 0.067169905), (0.9977415, 0, 0.067169644), (0.9977416, 0, 0.06716967), (0.19914538, 0, 0.9799699), (0.19914538, 0, 0.9799699), (0.19914538, 0, 0.9799699), (0.9797332, 0, 0.20030671), (0.9797336, 0, 0.20030515), (0.9797335, 0, 0.20030527), (0.06667836, 0, 0.99777454), (0.06666228, 0, 0.9977756), (0.066662855, 0, 0.9977755), (0.94459295, 0, 0.32824403), (0.94459206, 0, 0.32824656), (0.9445922, 0, 0.32824638), (0.8937262, 0, 0.44861284), (0.89372617, 0, 0.44861287), (0.8937262, 0, 0.44861287), (0.82863265, 0, 0.5597927), (0.82862747, 0, 0.55980045), (0.8286278, 0, 0.5597999), (0.9999983, 6.25712e-8, -0.0018326478), (0.9999983, 0, -0.001832648), (0.9999983, 2.121918e-7, -0.0018326475), (0.7506185, 0, 0.66073585), (0.7506221, 0, 0.66073173), (0.75062186, 0, 0.66073203), (-0.97985923, 0, -0.19968969), (-0.97985864, 0, -0.19969204), (-0.9798587, 0, -0.19969194), (0.6607361, 0, 0.75061834), (0.6607361, 0, 0.75061834), (0.6607361, 0, 0.75061834), (-0.9448404, 0, -0.32753113), (-0.94484174, 0, -0.3275273), (-0.9448417, 0, -0.3275275), (0.5597949, 0, 0.82863116), (0.5597949, 0, 0.8286312), (0.5597949, 0, 0.82863116), (-0.8940361, 0, -0.4479948), (-0.8940412, 0, -0.4479847), (-0.894041, 0, -0.4479852), (0.44861037, 3.7181235e-7, 0.8937274), (0.44861695, 0, 0.89372414), (0.44861647, 2.6318933e-8, 0.8937243), (-0.82889783, 0, -0.5594), (-0.82889783, 0, -0.5594), (-0.82889783, 0, -0.5594), (0.32824972, 4.149314e-7, 0.94459105), (0.32824972, 4.2509916e-7, 0.944591), (0.32824972, 2.831269e-7, 0.94459105), (-0.7507304, 0, -0.6606087), (-0.75074154, 0, -0.660596), (-0.750741, 0, -0.66059655), (0.20030369, 2.7360253e-8, 0.9797339), (0.200296, 4.0271402e-7, 0.97973543), (0.20029655, 3.7535378e-7, 0.9797353), (-0.66060275, 0, -0.7507357), (-0.66060275, 0, -0.7507357), (-0.66060275, 0, -0.7507357), (0.06717162, 0, 0.9977414), (0.067171626, 0, 0.99774146), (0.06717162, 0, 0.9977414), (-0.5593904, 0, -0.82890433), (-0.55940795, 0, -0.82889247), (-0.5594071, 0, -0.828893), (-0.067172, 0, 0.9977414), (-0.06717978, 0, 0.9977409), (-0.067179196, 0, 0.997741), (-0.44798002, 0, -0.89404356), (-0.44799018, 0, -0.8940385), (-0.4479897, 0, -0.8940387), (-0.20030369, 0, 0.9797339), (-0.200296, 0, 0.97973543), (-0.20029655, 0, 0.9797353), (-0.3275285, 0, -0.9448413), (-0.32753965, 0, -0.94483745), (-0.32753912, 0, -0.94483757), (-0.32824817, 0, 0.94459146), (-0.3282409, 0, 0.94459397), (-0.32824144, 0, 0.94459385), (0.99999577, 0, -0.0029065975), (0.9999957, 0, -0.0029065977), (0.99999577, 0, -0.0029065975), (-0.1996871, 0, -0.9798597), (-0.19968708, 0, -0.97985965), (-0.1996871, 0, -0.9798597), (-0.44861776, 0, 0.8937237), (-0.44861117, 0, 0.893727), (-0.44861165, 0, 0.8937268), (-0.97985506, 0, -0.19970977), (-0.9798551, 0, -0.19970985), (-0.9798553, 0, -0.19970863), (-0.06690925, 0, -0.99775904), (-0.06690925, 0, -0.99775904), (-0.06690925, 0, -0.99775904), (-0.5597949, 0, 0.82863116), (-0.5597949, 0, 0.8286312), (-0.5597949, 0, 0.82863116), (-0.94483733, 0, -0.32754013), (-0.9448373, 0, -0.3275399), (-0.94483596, 0, -0.3275438), (0.066918, 0, -0.99775845), (0.06691801, 0, -0.9977585), (0.066918, 0, -0.99775845), (-0.6607361, 0, 0.75061834), (-0.6607361, 0, 0.75061834), (-0.6607361, 0, 0.75061834), (-0.8940296, -4.432493e-8, -0.4480078), (-0.89402974, -4.637242e-8, -0.44800758), (-0.89402723, -2.0474864e-9, -0.44801262), (0.19970252, 0, -0.9798566), (0.19970249, 0, -0.9798565), (0.19970252, 0, -0.9798566), (-0.7506211, 0, 0.66073287), (-0.7506174, 0, 0.66073704), (-0.7506177, 0, 0.6607368), (-0.8288845, -3.990409e-7, -0.5594197), (-0.82888454, -4.1734015e-7, -0.5594198), (-0.8288859, -1.8299195e-8, -0.55941767), (0.32755375, -2.0154901e-7, -0.9448325), (0.32754257, 0, -0.94483644), (0.3275431, -9.422136e-9, -0.9448363), (-0.8286279, 1.8627367e-7, 0.5597999), (-0.828633, 0, 0.55979216), (-0.82863265, 1.3093389e-8, 0.5597927), (-0.7507237, -3.7247336e-8, -0.6606163), (-0.7507238, -1.9833491e-8, -0.6606163), (-0.7507238, -4.00867e-7, -0.66061616), (0.4479973, -1.9483439e-7, -0.894035), (0.44798723, -4.1403013e-7, -0.89404), (0.4479877, -4.0390543e-7, -0.89403975), (-0.89372474, 2.0480913e-7, 0.4486158), (-0.8937255, 0, 0.44861415), (-0.8937255, 1.4497527e-8, 0.4486143), (-0.6605979, -1.8280671e-8, -0.75073993), (-0.66059786, 0, -0.7507398), (-0.6605979, -4.0000572e-7, -0.75073993), (0.5593811, -2.3907577e-7, -0.8289106), (0.5593807, -2.3092029e-7, -0.8289108), (0.5593894, -4.08762e-7, -0.8289049), (-0.94459254, -6.759062e-8, 0.3282454), (-0.9445921, 5.459161e-7, 0.32824662), (-0.9445921, 5.019776e-7, 0.3282465), (-0.5593921, 0, -0.8289032), (-0.5593921, 0, -0.82890314), (-0.5593921, 0, -0.8289032), (0.6605884, 0, -0.7507483), (0.6605884, 0, -0.75074834), (0.6605883, 0, -0.7507483), (-0.9797335, 1.0224606e-7, 0.2003053), (-0.9797335, 1.09698966e-7, 0.20030536), (-0.97973365, 7.452907e-9, 0.20030458), (-0.4479954, 0, -0.8940359), (-0.44799587, 0, -0.89403564), (-0.44798577, 0, -0.89404064), (0.7507118, 0, -0.6606298), (0.75071186, 0, -0.6606298), (0.75071186, 0, -0.66062975), (-0.99774164, 4.30651e-7, 0.06716841), (-0.99774164, 5.020357e-7, 0.06716842), (-0.99774164, -4.5312854e-7, 0.06716816), (-0.327545, 0, -0.94483554), (-0.3275455, 0, -0.94483536), (-0.32753432, 0, -0.9448393), (0.82887334, 0, -0.5594363), (0.82887334, 0, -0.5594363), (0.8288734, 0, -0.5594364), (-0.99774134, 2.0913843e-8, -0.067173205), (-0.9977414, 0, -0.06717294), (-0.99774134, 1.562992e-9, -0.06717295), (-0.19969437, 0, -0.97985816), (-0.19969434, 0, -0.9798582), (-0.19969437, 0, -0.9798583), (0.8940176, 0, -0.4480319), (0.89401764, 0, -0.4480319), (0.8940176, 0, -0.44803184), (-0.9797342, -1.0224718e-7, -0.2003022), (-0.9797342, 0, -0.2003022), (-0.9797342, -7.452953e-9, -0.2003022), (-0.06691378, 0, -0.99775875), (-0.06691379, 0, -0.99775887), (-0.06691378, 0, -0.99775875), (0.9448258, 0, -0.32757324), (0.94482714, 0, -0.3275694), (0.9448271, 0, -0.3275696), (-0.9445916, -3.070235e-7, -0.32824793), (-0.9445916, 0, -0.32824796), (-0.9445916, -2.1988594e-8, -0.32824793), (0.06691348, 0, -0.9977588), (0.066913486, 0, -0.99775887), (0.066913486, 0, -0.9977588), (0.9798528, 0, -0.19972079), (0.9798523, 0, -0.1997232), (0.9798524, 0, -0.1997231), (-0.8937271, -9.101573e-8, -0.44861108), (-0.893727, -2.7597522e-7, -0.44861105), (-0.8937271, -2.6288285e-7, -0.44861108), (0.19969437, 0, -0.97985816), (0.19969434, 0, -0.9798582), (0.19969437, 0, -0.9798583), (-1, 0, 3.2460932e-7), (-1, 0, 3.246093e-7), (-1, 0, 3.2460932e-7), (-0.8286309, -1.824463e-8, -0.5597953), (-0.8286296, -2.7780558e-7, -0.5597972), (-0.82862973, -2.5956095e-7, -0.5597971), (0.32753578, 0, -0.94483876), (0.32753527, 0, -0.944839), (0.32754645, 0, -0.9448351), (-0.7506195, 0, -0.6607347), (-0.7506213, 0, -0.6607326), (-0.75062114, 0, -0.66073275), (0.44798377, 0, -0.89404166), (0.44798335, 0, -0.8940419), (0.4479935, 0, -0.89403677), (-0.6607337, 0, -0.7506204), (-0.6607361, 0, -0.75061834), (-0.66073596, 0, -0.75061846), (0.55939436, 0, -0.8289017), (0.5593943, 0, -0.8289017), (0.55939436, 0, -0.82890165), (-0.5597949, 0, -0.82863116), (-0.5597949, 0, -0.8286312), (-0.5597949, 0, -0.82863116), (0.6605931, 0, -0.7507441), (0.66059315, 0, -0.7507441), (0.6605931, 0, -0.7507441), (-0.44861466, 0, -0.8937253), (-0.44861472, 0, -0.8937252), (-0.44861475, 0, -0.89372534), (0.7507238, 0, -0.6606162), (0.7507238, 0, -0.6606163), (0.7507238, 0, -0.6606162), (-0.32824814, 0, -0.94459146), (-0.328241, 0, -0.94459414), (-0.32824147, 0, -0.94459385), (0.82888675, 0, -0.55941653), (0.8288867, 0, -0.55941653), (0.8288867, 0, -0.55941653), (-0.20030043, 0, -0.97973454), (-0.20030424, 0, -0.9797337), (-0.20030396, 0, -0.9797338), (0.8940295, 0, -0.4480081), (0.89402974, 0, -0.44800758), (0.89402467, 0, -0.44801766), (-0.067171626, -1.6180601e-7, -0.9977414), (-0.067171626, 0, -0.9977414), (-0.067171626, -1.2092598e-8, -0.9977414), (0.9448344, 0, -0.3275485), (0.94483435, 0, -0.3275483), (0.9448331, 0, -0.32755223), (0.0671717, -1.1398059e-8, -0.9977414), (0.067175604, -1.6391073e-7, -0.99774116), (0.067175314, -1.5251267e-7, -0.9977412), (0.97985595, 0, -0.19970529), (0.979856, 0, -0.1997054), (0.9798565, 0, -0.19970301), (0.20030485, 0, -0.97973365), (0.20030487, 0, -0.97973365), (0.20030485, 0, -0.97973365), (-0.99999833, -2.6564257e-7, -0.0018308315), (-0.9999984, 0, -0.0018308315), (-0.99999833, -7.8275185e-8, -0.0018308313), (0.32824484, 0, -0.9445927), (0.32824484, 0, -0.94459265), (0.32824486, 0, -0.9445927), (0.44861016, 0, -0.89372754), (0.4486134, 0, -0.8937259), (0.44861317, 0, -0.893726), (0.5597949, 0, -0.82863116), (0.5597949, 0, -0.8286312), (0.5597949, 0, -0.82863116), (0.6607314, 0, -0.75062245), (0.6607361, 0, -0.75061834), (0.6607357, 0, -0.7506186), (0.75062054, 0, -0.6607337), (0.75062406, 0, -0.66072947), (0.7506239, 0, -0.6607298), (0.82863146, 0, -0.5597945), (0.8286289, 0, -0.55979836), (0.828629, 0, -0.55979806), (0.24285647, 0, -0.97006226), (0.242876, 0, -0.97005737), (0.24287543, 0, -0.9700574), (0.89372545, 0, -0.44861442), (0.893727, 0, -0.44861105), (0.89372694, 0, -0.44861132), (0.39587632, 0, -0.91830385), (0.39586738, 0, -0.91830766), (0.39586765, 0, -0.91830754), (0.94459254, 0, -0.32824525), (0.94459206, 0, -0.32824656), (0.94459206, 0, -0.32824647), (0.5355136, 0, -0.8445266), (0.5355213, 0, -0.8445217), (0.5355211, 0, -0.8445218), (0.9797334, 0, -0.20030592), (0.9797336, 0, -0.20030513), (0.9797336, 0, -0.20030518), (0.65906113, 0, -0.7520894), (0.6590611, 0, -0.7520894), (0.65906113, 0, -0.7520894), (0.9977416, 0, -0.067169964), (0.99774146, 0, -0.067170486), (0.9977415, 0, -0.06717045), (0.7651606, 0, -0.6438394), (0.7651607, 0, -0.6438394), (0.7651606, 0, -0.6438394), (0.8530994, 0, -0.5217485), (0.8530994, 0, -0.5217485), (0.8530994, 0, -0.5217485), (0.9219814, 0, -0.3872342), (0.92198133, 0, -0.38723427), (0.9219814, 0, -0.38723427), (-0.7178814, 2.5866603e-7, -0.6961655), (-0.7178812, 2.8629577e-7, -0.69616556), (-0.7178834, -5.333569e-7, -0.6961634), (-2.8622182e-7, -2.7700294e-8, -1), (0, 0, -1), (-0.0000014252755, -1.379369e-7, -1), (0.9703607, 0, -0.24166106), (0.97036105, 0, -0.2416598), (0.970361, 0, -0.24165985), (-0.6480026, -2.3347233e-8, -0.76163805), (-0.64800274, -2.4129081e-8, -0.76163805), (-0.6480013, -7.818454e-10, -0.76163924), (0.9961993, 0, -0.08710333), (0.9961993, 0, -0.08710333), (0.9961993, 0, -0.08710333), (-0.57285887, 2.393229e-7, -0.819654), (-0.57285875, 2.4730426e-7, -0.81965405), (-0.57286173, 7.981354e-9, -0.819652), (0.99733865, 0, 0.072908014), (0.9973388, 0, 0.07290727), (0.9973387, 0, 0.072907284), (-0.493087, 2.5935967e-7, -0.86998), (-0.4930869, 2.6799225e-7, -0.8699801), (-0.4930902, 8.632558e-9, -0.86997825), (0.9724429, 0, 0.233141), (0.97244346, 0, 0.23313878), (0.97244346, 0, 0.23313884), (-0.40923095, 1.3081242e-7, -0.9124308), (-0.40923095, 1.3516609e-7, -0.9124308), (-0.40923095, 4.3536645e-9, -0.9124308), (-0.32178557, 0, -0.9468126), (-0.32178554, 0, -0.94681257), (-0.32178554, 0, -0.9468126), (-0.23121591, 2.727661e-8, -0.9729024), (-0.23121576, 2.8189561e-8, -0.9729025), (-0.23121993, 9.129528e-10, -0.9729015), (-0.13805, 1.8582139e-7, -0.9904253), (-0.13804999, 1.9207806e-7, -0.9904252), (-0.13805, 6.256676e-9, -0.9904253), (-0.04290437, 3.4299725e-9, -0.99907917), (-0.04290422, 0, -0.9990792), (-0.042908527, 1.0101203e-7, -0.999079), (0.053467732, 0, -0.99856955), (0.05346787, 0, -0.9985695), (0.053463615, 0, -0.9985698), (0.1501227, 0, -0.98866737), (0.15012269, 0, -0.9886673), (0.1501227, 0, -0.98866737), (0.24595772, 4.300402e-8, -0.96928054), (0.24595788, 4.4530715e-8, -0.96928054), (0.24595399, 1.5266887e-9, -0.9692815), (0.94833475, 1.1716324e-7, 0.31727153), (0.94833463, 1.634641e-7, 0.3172715), (0.94833475, 4.6300883e-8, 0.31727156), (0.36218193, 1.3853213e-7, -0.9321074), (0.36218455, 0, -0.9321064), (0.3621844, 6.765934e-9, -0.93210644), (0.4832379, 2.2773017e-7, -0.87548906), (0.48323786, 2.1942822e-7, -0.875489), (0.483238, 3.9372634e-7, -0.87548906), (0.59454507, -5.0239866e-8, -0.8040623), (0.5945452, -5.2590206e-8, -0.8040623), (0.594544, -2.3503417e-9, -0.8040631), (0.99999756, 0, -0.0022034524), (0.9999975, 0, -0.0022034526), (0.99999756, 0, -0.0022034526), (0.6941938, 1.2620353e-7, -0.7197882), (0.6941937, 1.320363e-7, -0.71978813), (0.6941938, 5.8327796e-9, -0.71978813), (-0.9798587, 0, -0.19969195), (-0.97985923, 0, -0.19968954), (-0.97985923, 0, -0.19968966), (0.7810277, -4.354565e-7, -0.6244964), (0.78102756, -4.936704e-7, -0.62449646), (0.78102887, 7.7531746e-7, -0.6244949), (-0.9448417, 0, -0.32752746), (-0.9448403, 0, -0.32753137), (-0.9448404, 0, -0.32753116), (0.8543178, 4.9078164e-7, -0.519751), (0.85431767, 5.132153e-7, -0.5197511), (0.8543186, 2.2433676e-8, -0.5197497), (-0.8940386, 0, -0.44798994), (-0.8940385, 0, -0.44798997), (-0.89403856, 0, -0.44798997), (-1.4311091e-7, 0, -1), (0, 0, -1), (-7.1263776e-7, 0, -1)] (
                interpolation = "faceVarying"
            )
            point3f[] points = [(-0.18145925, -0.04515473, -0.193558), (-0.15053003, -0.04515473, -0.1932306), (-0.14676045, -0.04515473, -0.19228683), (-0.14327535, -0.04515473, -0.19078445), (-0.1401162, -0.04515473, -0.18878122), (-0.13732451, -0.04515473, -0.18633485), (-0.13494177, -0.04515473, -0.1835031), (-0.13300951, -0.04515473, -0.1803437), (-0.13156919, -0.04515473, -0.17691441), (-0.13066232, -0.04515473, -0.17327297), (-0.13033043, -0.04515473, -0.1694771), (-0.13061498, -0.04515473, -0.16558458), (-0.13155754, -0.04515473, -0.1616531), (-0.1451671, -0.04515473, -0.12097369), (-0.14033382, -0.04515473, -0.1207222), (-0.13553458, -0.04515473, -0.1199671), (-0.1308034, -0.04515473, -0.11870746), (-0.124656595, -0.04515473, -0.11631837), (-0.11902023, -0.04515473, -0.11320692), (-0.11393211, -0.045154735, -0.10944453), (-0.109430045, -0.045154735, -0.10510254), (-0.105551824, -0.045154735, -0.10025235), (-0.10233526, -0.045154735, -0.09496535), (-0.09981817, -0.045154735, -0.0893129), (-0.098038346, -0.045154735, -0.0833664), (-0.09703358, -0.045154735, -0.07719721), (-0.09684171, -0.045154735, -0.07087672), (-0.09750051, -0.045154735, -0.06447631), (-0.14974831, -0.045154743, 0.10144695), (-0.15706834, -0.045154743, 0.11607677), (-0.16580816, -0.045154743, 0.12969954), (-0.1758585, -0.045154743, 0.14223386), (-0.18711019, -0.045154747, 0.15359834), (-0.19945398, -0.045154747, 0.16371161), (-0.2127807, -0.045154747, 0.17249228), (-0.22698112, -0.045154747, 0.17985895), (-0.24194601, -0.045154747, 0.18573028), (-0.25756618, -0.045154747, 0.19002484), (-0.27373242, -0.045154747, 0.19266124), (-0.2903355, -0.045154747, 0.19355811), (-0.3069386, -0.045154747, 0.19266124), (-0.32310483, -0.045154747, 0.19002482), (-0.338725, -0.045154747, 0.18573028), (-0.35368988, -0.045154747, 0.17985898), (-0.3678903, -0.045154747, 0.17249231), (-0.381217, -0.045154747, 0.16371165), (-0.39356083, -0.045154747, 0.1535984), (-0.4048125, -0.045154743, 0.14223392), (-0.41486287, -0.045154743, 0.1296996), (-0.42360267, -0.045154743, 0.11607684), (-0.43092272, -0.045154743, 0.10144702), (-0.48317367, -0.045154735, -0.06447619), (-0.4838317, -0.045154735, -0.0708766), (-0.48363924, -0.045154735, -0.07719709), (-0.48263407, -0.045154735, -0.083366275), (-0.48085403, -0.045154735, -0.089312784), (-0.47833684, -0.045154735, -0.094965234), (-0.47512037, -0.045154735, -0.10025224), (-0.4712424, -0.045154735, -0.10510243), (-0.46674076, -0.045154735, -0.10944442), (-0.46165323, -0.04515473, -0.11320682), (-0.4560176, -0.04515473, -0.116318256), (-0.44987166, -0.04515473, -0.11870736), (-0.4450383, -0.04515473, -0.11996698), (-0.44023803, -0.04515473, -0.12072207), (-0.43550402, -0.04515473, -0.120973594), (-0.45008847, -0.04515473, -0.16558446), (-0.45039427, -0.04515473, -0.16947699), (-0.4500741, -0.04515473, -0.17327285), (-0.44917104, -0.04515473, -0.17691429), (-0.4477281, -0.04515473, -0.18034357), (-0.4457884, -0.04515473, -0.18350297), (-0.44339496, -0.04515473, -0.18633471), (-0.44059083, -0.04515473, -0.18878108), (-0.4374191, -0.04515473, -0.19078432), (-0.43392277, -0.04515473, -0.19228671), (-0.43014494, -0.04515473, -0.19323048), (-0.39921197, -0.04515473, -0.19355792), (-0.3987711, -0.045154724, -0.34530154), (-0.39748648, -0.045154724, -0.35160506), (-0.39541534, -0.045154724, -0.3575798), (-0.39261493, -0.045154724, -0.36316848), (-0.38914242, -0.04515472, -0.36831394), (-0.38505507, -0.04515472, -0.37295896), (-0.38041005, -0.04515472, -0.37704632), (-0.3752646, -0.04515472, -0.3805188), (-0.3696759, -0.04515472, -0.3833192), (-0.3637012, -0.04515472, -0.38539034), (-0.3573977, -0.04515472, -0.38667494), (-0.35082257, -0.04515472, -0.38711587), (-0.3442483, -0.04515472, -0.38667494), (-0.3379453, -0.04515472, -0.38539034), (-0.3319709, -0.04515472, -0.3833192), (-0.3263823, -0.04515472, -0.3805188), (-0.32123676, -0.04515472, -0.37704632), (-0.31659156, -0.04515472, -0.372959), (-0.3125039, -0.04515472, -0.36831397), (-0.30903107, -0.045154724, -0.3631685), (-0.30623034, -0.045154724, -0.35757983), (-0.3041589, -0.045154724, -0.3516051), (-0.30287406, -0.045154724, -0.34530157), (-0.30243298, -0.04515473, -0.19355795), (-0.27823824, -0.04515473, -0.19355796), (-0.27779737, -0.045154724, -0.34530157), (-0.27651274, -0.045154724, -0.3516051), (-0.2744416, -0.045154724, -0.35757983), (-0.2716412, -0.045154724, -0.3631685), (-0.2681687, -0.04515472, -0.36831397), (-0.26408133, -0.04515472, -0.372959), (-0.25943634, -0.04515472, -0.37704635), (-0.25429088, -0.04515472, -0.38051882), (-0.24870218, -0.04515472, -0.38331923), (-0.24272747, -0.04515472, -0.38539037), (-0.23642394, -0.04515472, -0.38667497), (-0.22984883, -0.04515472, -0.3871159), (-0.22327456, -0.04515472, -0.386675), (-0.21697158, -0.04515472, -0.3853904), (-0.21099716, -0.04515472, -0.38331926), (-0.20540854, -0.04515472, -0.38051885), (-0.20026301, -0.04515472, -0.37704638), (-0.1956178, -0.04515472, -0.37295902), (-0.19153014, -0.04515472, -0.368314), (-0.1880573, -0.045154724, -0.36316854), (-0.18525656, -0.045154724, -0.35757986), (-0.18318515, -0.045154724, -0.35160512), (-0.18190031, -0.045154724, -0.3453016), (-0.2177512, -0.04515475, 0.31453183), (-0.21841413, -0.045154754, 0.32437804), (-0.22034514, -0.045154754, 0.33382255), (-0.22345757, -0.045154754, 0.34277877), (-0.22766477, -0.045154754, 0.35116005), (-0.23288009, -0.045154754, 0.35887975), (-0.23901686, -0.045154754, 0.36585122), (-0.24598846, -0.045154754, 0.37198788), (-0.2537082, -0.045154754, 0.37720305), (-0.2620894, -0.045154754, 0.3814101), (-0.27104545, -0.045154754, 0.38452238), (-0.28048968, -0.045154754, 0.38645327), (-0.29033545, -0.045154754, 0.38711613), (-0.30018207, -0.045154754, 0.38645324), (-0.30962685, -0.045154754, 0.38452235), (-0.3185832, -0.045154754, 0.38141006), (-0.3269645, -0.045154754, 0.37720305), (-0.33468416, -0.045154754, 0.37198788), (-0.34165552, -0.045154754, 0.36585122), (-0.347792, -0.045154754, 0.35887975), (-0.353007, -0.045154754, 0.35116008), (-0.35721385, -0.045154754, 0.3427788), (-0.360326, -0.045154754, 0.33382258), (-0.3622568, -0.045154754, 0.32437807), (-0.3629197, -0.04515475, 0.3145319), (-0.36225685, -0.04515475, 0.3046857), (-0.36032605, -0.04515475, 0.2952412), (-0.3572139, -0.04515475, 0.28628498), (-0.35300705, -0.04515475, 0.2779037), (-0.34779206, -0.04515475, 0.27018404), (-0.34165558, -0.04515475, 0.26321256), (-0.33468422, -0.04515475, 0.2570759), (-0.32696456, -0.04515475, 0.25186074), (-0.31858325, -0.04515475, 0.24765368), (-0.3096269, -0.04515475, 0.2445414), (-0.30018213, -0.04515475, 0.2426105), (-0.29033548, -0.04515475, 0.24194764), (-0.2804897, -0.04515475, 0.24261053), (-0.27104548, -0.04515475, 0.24454144), (-0.26208943, -0.04515475, 0.24765372), (-0.25370824, -0.04515475, 0.25186077), (-0.24598849, -0.04515475, 0.25707594), (-0.23901689, -0.04515475, 0.26321256), (-0.23288012, -0.04515475, 0.27018407), (-0.22766478, -0.04515475, 0.2779037), (-0.22345757, -0.04515475, 0.28628498), (-0.22034514, -0.04515475, 0.2952412), (-0.21841411, -0.04515475, 0.3046857), (0.0000016023238, -0.045154754, 0.38711604), (-0.0049378024, -0.045154754, 0.38678604), (-0.00967071, -0.045154754, 0.38582438), (-0.014154612, -0.045154754, 0.38427362), (-0.018346999, -0.045154754, 0.38217628), (-0.022205364, -0.045154754, 0.37957487), (-0.025687195, -0.045154754, 0.37651193), (-0.028749987, -0.045154754, 0.37303), (-0.03135123, -0.045154754, 0.3691716), (-0.033448413, -0.045154754, 0.36497927), (-0.034999035, -0.045154754, 0.3604955), (-0.03596058, -0.045154754, 0.3557629), (-0.035960812, -0.045154724, -0.35576326), (-0.034999274, -0.045154724, -0.36049616), (-0.03344865, -0.045154724, -0.36498007), (-0.03135147, -0.04515472, -0.36917248), (-0.028750228, -0.04515472, -0.37303084), (-0.025687438, -0.04515472, -0.37651268), (-0.022205606, -0.04515472, -0.37957546), (-0.018347245, -0.04515472, -0.3821767), (-0.014154859, -0.04515472, -0.3842739), (-0.009670959, -0.04515472, -0.3858245), (-0.004938052, -0.04515472, -0.38678604), (0.000001350047, -0.04515472, -0.387116), (0.0049399016, -0.04515472, -0.38678604), (0.009672252, -0.04515472, -0.3858245), (0.014155851, -0.04515472, -0.3842739), (0.018348146, -0.04515472, -0.3821767), (0.022206588, -0.04515472, -0.37957546), (0.025688624, -0.04515472, -0.37651268), (0.028751705, -0.04515472, -0.37303084), (0.03135328, -0.04515472, -0.36917248), (0.033450797, -0.045154724, -0.36498007), (0.035001706, -0.045154724, -0.36049616), (0.035963457, -0.045154724, -0.35576326), (0.035963684, -0.045154754, 0.3557629), (0.03500194, -0.045154754, 0.3604955), (0.033451036, -0.045154754, 0.36497927), (0.031353515, -0.045154754, 0.3691716), (0.028751945, -0.045154754, 0.37303), (0.025688868, -0.045154754, 0.37651193), (0.022206832, -0.045154754, 0.37957487), (0.018348392, -0.045154754, 0.38217628), (0.014156098, -0.045154754, 0.38427362), (0.0096725, -0.045154754, 0.38582438), (0.004940151, -0.045154754, 0.38678604), (0.30243382, -0.04515473, -0.14516863), (0.3028747, -0.045154724, -0.34530175), (0.30415946, -0.045154724, -0.35160527), (0.3062307, -0.045154724, -0.35758), (0.30903128, -0.045154724, -0.3631687), (0.31250396, -0.04515472, -0.36831415), (0.31659147, -0.04515472, -0.37295917), (0.32123655, -0.04515472, -0.37704656), (0.32638207, -0.04515472, -0.38051903), (0.3319707, -0.04515472, -0.38331944), (0.33794528, -0.04515472, -0.38539058), (0.34424853, -0.04515472, -0.38667518), (0.35082322, -0.04515472, -0.3871161), (0.35739794, -0.04515472, -0.38667518), (0.3637012, -0.04515472, -0.38539058), (0.36967576, -0.04515472, -0.38331944), (0.3752644, -0.04515472, -0.38051903), (0.3804099, -0.04515472, -0.37704656), (0.38505504, -0.04515472, -0.3729592), (0.38914254, -0.04515472, -0.36831418), (0.3926152, -0.045154724, -0.36316872), (0.39541578, -0.045154724, -0.35758004), (0.39748707, -0.045154724, -0.3516053), (0.3987718, -0.045154724, -0.34530178), (0.39921284, -0.045154735, -0.10464242), (0.40242454, -0.045154735, -0.10795433), (0.4059161, -0.04515473, -0.110924944), (0.4096586, -0.04515473, -0.11354061), (0.41362324, -0.04515473, -0.11578769), (0.41778114, -0.04515473, -0.117652535), (0.42210335, -0.04515473, -0.119121484), (0.42656103, -0.04515473, -0.1201809), (0.4311253, -0.04515473, -0.12081709), (0.4357673, -0.04515473, -0.12101643), (0.44045812, -0.04515473, -0.120765276), (0.4451689, -0.04515473, -0.12004997), (0.44987082, -0.04515473, -0.11885686), (0.45601717, -0.04515473, -0.116468616), (0.46165317, -0.04515473, -0.113357745), (0.46674097, -0.045154735, -0.10959569), (0.47124285, -0.045154735, -0.1052539), (0.4751209, -0.045154735, -0.100403786), (0.4783374, -0.045154735, -0.095116794), (0.48085454, -0.045154735, -0.08946436), (0.48263448, -0.045154735, -0.08351792), (0.48363942, -0.045154735, -0.0773489), (0.4838316, -0.045154735, -0.071028754), (0.48317316, -0.045154735, -0.06462891), (0.43092373, -0.045154743, 0.10133029), (0.42360368, -0.045154743, 0.115989074), (0.4148639, -0.045154743, 0.12963556), (0.4048136, -0.045154743, 0.14218885), (0.3935619, -0.045154747, 0.15356812), (0.3812181, -0.045154747, 0.1636925), (0.36789137, -0.045154747, 0.17248113), (0.35369095, -0.045154747, 0.17985314), (0.33872604, -0.045154747, 0.1857277), (0.32310587, -0.045154747, 0.1900239), (0.30693963, -0.045154747, 0.19266093), (0.29033655, -0.045154747, 0.19355793), (0.27373347, -0.045154747, 0.19266105), (0.25756723, -0.045154747, 0.19002463), (0.24194704, -0.045154747, 0.1857301), (0.22698215, -0.045154747, 0.17985879), (0.21278174, -0.045154747, 0.17249212), (0.19945502, -0.045154747, 0.16371147), (0.1871112, -0.045154747, 0.1535982), (0.17585951, -0.045154743, 0.14223373), (0.16580918, -0.045154743, 0.12969941), (0.15706939, -0.045154743, 0.11607665), (0.14974932, -0.045154743, 0.10144683), (0.097499885, -0.045154735, -0.06447638), (0.09684146, -0.045154735, -0.070876785), (0.09703364, -0.045154735, -0.077197276), (0.09803859, -0.045154735, -0.08336646), (0.09981855, -0.045154735, -0.08931297), (0.102335684, -0.045154735, -0.09496542), (0.105552204, -0.045154735, -0.100252435), (0.10943028, -0.045154735, -0.10510262), (0.11393213, -0.045154735, -0.1094446), (0.119019955, -0.04515473, -0.113207005), (0.12465594, -0.04515473, -0.11631844), (0.13080227, -0.04515473, -0.11870755), (0.13550411, -0.04515473, -0.11993202), (0.14021486, -0.04515473, -0.12066779), (0.14490566, -0.04515473, -0.12093009), (0.14954762, -0.04515473, -0.12073412), (0.15411188, -0.04515473, -0.120095074), (0.15856954, -0.04515473, -0.119028166), (0.16289175, -0.04515473, -0.1175486), (0.1670496, -0.04515473, -0.11567159), (0.17101426, -0.04515473, -0.11341233), (0.1747568, -0.04515473, -0.11078604), (0.17824836, -0.045154735, -0.10780791), (0.18146008, -0.045154735, -0.10449315), (0.18190096, -0.045154724, -0.34530172), (0.1831857, -0.045154724, -0.35160524), (0.18525697, -0.045154724, -0.35757998), (0.18805756, -0.045154724, -0.36316866), (0.19153021, -0.04515472, -0.36831412), (0.1956177, -0.04515472, -0.37295914), (0.20026283, -0.04515472, -0.3770465), (0.20540832, -0.04515472, -0.38051897), (0.21099699, -0.04515472, -0.38331938), (0.21697155, -0.04515472, -0.38539052), (0.2232748, -0.04515472, -0.38667512), (0.2298495, -0.04515472, -0.38711607), (0.23642421, -0.04515472, -0.38667515), (0.24272746, -0.04515472, -0.38539055), (0.24870203, -0.04515472, -0.3833194), (0.25429067, -0.04515472, -0.380519), (0.25943616, -0.04515472, -0.37704653), (0.2640813, -0.04515472, -0.37295917), (0.2681688, -0.04515472, -0.36831415), (0.27164146, -0.045154724, -0.3631687), (0.27444205, -0.045154724, -0.35758), (0.27651334, -0.045154724, -0.35160527), (0.2777981, -0.045154724, -0.34530175), (0.27823907, -0.04515473, -0.14516862), (0.36292085, -0.04515475, 0.31453165), (0.362258, -0.045154754, 0.32437786), (0.36032706, -0.045154754, 0.33382237), (0.35721478, -0.045154754, 0.3427786), (0.35300773, -0.045154754, 0.35115987), (0.34779257, -0.045154754, 0.35887954), (0.34165594, -0.045154754, 0.365851), (0.33468446, -0.045154754, 0.37198767), (0.32696477, -0.045154754, 0.37720284), (0.3185835, -0.045154754, 0.3814099), (0.3096273, -0.045154754, 0.3845222), (0.30018276, -0.045154754, 0.3864531), (0.2903366, -0.045154754, 0.38711596), (0.28049043, -0.045154754, 0.38645306), (0.2710459, -0.045154754, 0.38452217), (0.26208967, -0.045154754, 0.38140988), (0.25370842, -0.045154754, 0.37720284), (0.24598873, -0.045154754, 0.37198767), (0.23901725, -0.045154754, 0.365851), (0.2328806, -0.045154754, 0.35887954), (0.22766544, -0.045154754, 0.3511599), (0.22345838, -0.045154754, 0.34277862), (0.22034608, -0.045154754, 0.3338224), (0.21841517, -0.045154754, 0.3243779), (0.21775232, -0.04515475, 0.3145317), (0.21841522, -0.04515475, 0.30468553), (0.22034611, -0.04515475, 0.29524103), (0.22345841, -0.04515475, 0.2862848), (0.22766545, -0.04515475, 0.27790353), (0.2328806, -0.04515475, 0.27018383), (0.23901725, -0.04515475, 0.26321235), (0.24598873, -0.04515475, 0.2570757), (0.25370842, -0.04515475, 0.25186053), (0.26208967, -0.04515475, 0.24765348), (0.2710459, -0.04515475, 0.24454121), (0.28049043, -0.04515475, 0.2426103), (0.29033658, -0.04515475, 0.24194746), (0.30018276, -0.04515475, 0.24261034), (0.30962726, -0.04515475, 0.24454124), (0.3185835, -0.04515475, 0.24765353), (0.32696477, -0.04515475, 0.25186056), (0.33468446, -0.04515475, 0.25707573), (0.34165594, -0.04515475, 0.26321235), (0.34779257, -0.04515475, 0.27018386), (0.35300773, -0.04515475, 0.27790353), (0.35721478, -0.04515475, 0.2862848), (0.36032706, -0.04515475, 0.29524103), (0.362258, -0.04515475, 0.30468553), (-0.18145925, 0.04480804, -0.193558), (-0.15053003, 0.04480804, -0.1932306), (-0.14676045, 0.04480804, -0.19228683), (-0.14327535, 0.04480804, -0.19078445), (-0.1401162, 0.04480804, -0.18878122), (-0.13732451, 0.04480804, -0.18633485), (-0.13494177, 0.04480804, -0.1835031), (-0.13300951, 0.04480804, -0.1803437), (-0.13156919, 0.04480804, -0.17691441), (-0.13066232, 0.04480804, -0.17327297), (-0.13033043, 0.04480804, -0.1694771), (-0.13061498, 0.04480804, -0.16558458), (-0.13155754, 0.04480804, -0.1616531), (-0.1451671, 0.04480804, -0.120973684), (-0.14033382, 0.04480804, -0.12072219), (-0.13553458, 0.04480804, -0.1199671), (-0.1308034, 0.04480804, -0.118707456), (-0.124656595, 0.04480804, -0.11631835), (-0.11902023, 0.04480804, -0.11320691), (-0.11393211, 0.04480804, -0.10944452), (-0.109430045, 0.04480804, -0.10510253), (-0.105551824, 0.04480804, -0.100252345), (-0.10233526, 0.04480804, -0.09496534), (-0.09981817, 0.04480804, -0.08931289), (-0.098038346, 0.04480804, -0.08336639), (-0.09703358, 0.04480804, -0.077197194), (-0.09684171, 0.04480804, -0.0708767), (-0.09750051, 0.04480804, -0.0644763), (-0.14974831, 0.044808026, 0.10144696), (-0.15706834, 0.044808026, 0.116076775), (-0.16580816, 0.044808026, 0.12969953), (-0.1758585, 0.044808026, 0.14223386), (-0.18711019, 0.044808026, 0.15359834), (-0.19945398, 0.044808026, 0.16371161), (-0.2127807, 0.044808026, 0.17249227), (-0.22698112, 0.044808026, 0.17985895), (-0.24194601, 0.044808026, 0.18573028), (-0.25756618, 0.044808026, 0.19002482), (-0.27373242, 0.044808026, 0.19266124), (-0.2903355, 0.044808026, 0.19355811), (-0.3069386, 0.044808026, 0.19266123), (-0.32310483, 0.044808026, 0.19002482), (-0.338725, 0.044808026, 0.18573028), (-0.35368988, 0.044808026, 0.17985897), (-0.3678903, 0.044808026, 0.17249231), (-0.381217, 0.044808026, 0.16371165), (-0.39356083, 0.044808026, 0.15359838), (-0.4048125, 0.044808026, 0.14223392), (-0.41486287, 0.044808026, 0.1296996), (-0.42360267, 0.044808026, 0.11607685), (-0.43092272, 0.044808026, 0.10144703), (-0.48317367, 0.04480804, -0.06447618), (-0.4838317, 0.04480804, -0.07087658), (-0.48363924, 0.04480804, -0.077197075), (-0.48263407, 0.04480804, -0.08336627), (-0.48085403, 0.04480804, -0.08931277), (-0.47833684, 0.04480804, -0.09496523), (-0.47512037, 0.04480804, -0.10025223), (-0.4712424, 0.04480804, -0.10510242), (-0.46674076, 0.04480804, -0.10944441), (-0.46165323, 0.04480804, -0.113206804), (-0.4560176, 0.04480804, -0.11631825), (-0.44987166, 0.04480804, -0.11870735), (-0.4450383, 0.04480804, -0.11996697), (-0.44023803, 0.04480804, -0.12072206), (-0.43550402, 0.04480804, -0.12097359), (-0.45008847, 0.04480804, -0.16558446), (-0.45039427, 0.04480804, -0.16947699), (-0.4500741, 0.04480804, -0.17327285), (-0.44917104, 0.04480804, -0.17691429), (-0.4477281, 0.04480804, -0.18034357), (-0.4457884, 0.04480804, -0.18350299), (-0.44339496, 0.04480804, -0.18633473), (-0.44059083, 0.04480804, -0.1887811), (-0.4374191, 0.04480804, -0.19078434), (-0.43392277, 0.04480804, -0.19228671), (-0.43014494, 0.04480804, -0.19323048), (-0.39921197, 0.04480804, -0.19355793), (-0.3987711, 0.04480805, -0.34530154), (-0.39748648, 0.04480805, -0.35160506), (-0.39541534, 0.04480805, -0.3575798), (-0.39261493, 0.04480805, -0.36316848), (-0.38914242, 0.04480805, -0.36831394), (-0.38505507, 0.04480805, -0.37295896), (-0.38041005, 0.04480805, -0.37704632), (-0.3752646, 0.04480805, -0.3805188), (-0.3696759, 0.04480805, -0.3833192), (-0.3637012, 0.04480805, -0.38539034), (-0.3573977, 0.04480805, -0.38667494), (-0.35082257, 0.04480805, -0.38711587), (-0.3442483, 0.04480805, -0.38667494), (-0.3379453, 0.04480805, -0.38539034), (-0.3319709, 0.04480805, -0.38331923), (-0.3263823, 0.04480805, -0.38051882), (-0.32123676, 0.04480805, -0.37704635), (-0.31659156, 0.04480805, -0.372959), (-0.3125039, 0.04480805, -0.36831397), (-0.30903107, 0.04480805, -0.3631685), (-0.30623034, 0.04480805, -0.35757983), (-0.3041589, 0.04480805, -0.3516051), (-0.30287406, 0.04480805, -0.34530157), (-0.30243298, 0.04480804, -0.19355796), (-0.27823824, 0.04480804, -0.19355796), (-0.27779737, 0.04480805, -0.34530157), (-0.27651274, 0.04480805, -0.3516051), (-0.2744416, 0.04480805, -0.35757983), (-0.2716412, 0.04480805, -0.3631685), (-0.2681687, 0.04480805, -0.36831397), (-0.26408133, 0.04480805, -0.372959), (-0.25943634, 0.04480805, -0.37704635), (-0.25429088, 0.04480805, -0.38051882), (-0.24870218, 0.04480805, -0.38331923), (-0.24272747, 0.04480805, -0.38539037), (-0.23642394, 0.04480805, -0.386675), (-0.22984883, 0.04480805, -0.38711593), (-0.22327456, 0.04480805, -0.386675), (-0.21697158, 0.04480805, -0.3853904), (-0.21099716, 0.04480805, -0.38331926), (-0.20540854, 0.04480805, -0.38051885), (-0.20026301, 0.04480805, -0.37704638), (-0.1956178, 0.04480805, -0.37295902), (-0.19153014, 0.04480805, -0.368314), (-0.1880573, 0.04480805, -0.36316854), (-0.18525656, 0.04480805, -0.35757986), (-0.18318515, 0.04480805, -0.35160512), (-0.18190031, 0.04480805, -0.3453016), (-0.2177512, 0.044808026, 0.31453183), (-0.21841413, 0.044808026, 0.32437804), (-0.22034514, 0.044808026, 0.33382255), (-0.22345757, 0.044808026, 0.34277877), (-0.22766477, 0.044808026, 0.35116005), (-0.23288009, 0.044808026, 0.35887972), (-0.23901686, 0.044808026, 0.3658512), (-0.24598846, 0.044808026, 0.37198788), (-0.2537082, 0.044808026, 0.37720305), (-0.2620894, 0.044808026, 0.3814101), (-0.27104545, 0.044808026, 0.38452238), (-0.28048968, 0.044808026, 0.38645327), (-0.29033545, 0.044808026, 0.38711613), (-0.30018207, 0.044808026, 0.38645324), (-0.30962685, 0.044808026, 0.38452235), (-0.3185832, 0.044808026, 0.38141006), (-0.3269645, 0.044808026, 0.37720302), (-0.33468416, 0.044808026, 0.37198788), (-0.34165552, 0.044808026, 0.36585122), (-0.347792, 0.044808026, 0.35887975), (-0.353007, 0.044808026, 0.35116008), (-0.35721385, 0.044808026, 0.3427788), (-0.360326, 0.044808026, 0.33382258), (-0.3622568, 0.044808026, 0.32437807), (-0.3629197, 0.044808026, 0.3145319), (-0.36225685, 0.044808026, 0.3046857), (-0.36032605, 0.044808026, 0.2952412), (-0.3572139, 0.044808026, 0.28628498), (-0.35300705, 0.044808026, 0.2779037), (-0.34779206, 0.044808026, 0.27018404), (-0.34165558, 0.044808026, 0.26321256), (-0.33468422, 0.044808026, 0.2570759), (-0.32696456, 0.044808026, 0.2518607), (-0.31858325, 0.044808026, 0.24765368), (-0.3096269, 0.044808026, 0.2445414), (-0.30018213, 0.044808026, 0.24261048), (-0.29033548, 0.044808026, 0.24194764), (-0.2804897, 0.044808026, 0.24261053), (-0.27104548, 0.044808026, 0.24454144), (-0.26208943, 0.044808026, 0.24765371), (-0.25370824, 0.044808026, 0.25186077), (-0.24598849, 0.044808026, 0.25707594), (-0.23901689, 0.044808026, 0.26321253), (-0.23288012, 0.044808026, 0.27018404), (-0.22766478, 0.044808026, 0.2779037), (-0.22345757, 0.044808026, 0.28628498), (-0.22034514, 0.044808026, 0.2952412), (-0.21841411, 0.044808026, 0.3046857), (0.0000016023238, 0.044808026, 0.38711604), (-0.0049378024, 0.044808026, 0.38678604), (-0.00967071, 0.044808026, 0.38582438), (-0.014154612, 0.044808026, 0.38427362), (-0.018346999, 0.044808026, 0.38217628), (-0.022205364, 0.044808026, 0.37957487), (-0.025687195, 0.044808026, 0.37651193), (-0.028749987, 0.044808026, 0.37303), (-0.03135123, 0.044808026, 0.3691716), (-0.033448413, 0.044808026, 0.36497927), (-0.034999035, 0.044808026, 0.3604955), (-0.03596058, 0.044808026, 0.3557629), (-0.035960812, 0.04480805, -0.35576326), (-0.034999274, 0.04480805, -0.36049616), (-0.03344865, 0.04480805, -0.36498007), (-0.03135147, 0.04480805, -0.36917248), (-0.028750228, 0.04480805, -0.37303084), (-0.025687438, 0.04480805, -0.37651268), (-0.022205606, 0.04480805, -0.37957546), (-0.018347245, 0.04480805, -0.3821767), (-0.014154859, 0.04480805, -0.3842739), (-0.009670959, 0.04480805, -0.3858245), (-0.004938052, 0.04480805, -0.38678604), (0.000001350047, 0.04480805, -0.387116), (0.0049399016, 0.04480805, -0.38678604), (0.009672252, 0.04480805, -0.3858245), (0.014155851, 0.04480805, -0.3842739), (0.018348146, 0.04480805, -0.3821767), (0.022206588, 0.04480805, -0.37957546), (0.025688624, 0.04480805, -0.37651268), (0.028751705, 0.04480805, -0.37303084), (0.03135328, 0.04480805, -0.36917248), (0.033450797, 0.04480805, -0.36498007), (0.035001706, 0.04480805, -0.3604962), (0.035963457, 0.04480805, -0.3557633), (0.035963684, 0.044808026, 0.35576287), (0.03500194, 0.044808026, 0.36049548), (0.033451036, 0.044808026, 0.36497927), (0.031353515, 0.044808026, 0.3691716), (0.028751945, 0.044808026, 0.37303), (0.025688868, 0.044808026, 0.37651193), (0.022206832, 0.044808026, 0.37957487), (0.018348392, 0.044808026, 0.38217628), (0.014156098, 0.044808026, 0.38427362), (0.0096725, 0.044808026, 0.38582438), (0.004940151, 0.044808026, 0.38678604), (0.30243382, 0.04480804, -0.14516863), (0.3028747, 0.04480805, -0.34530175), (0.30415946, 0.04480805, -0.35160527), (0.3062307, 0.04480805, -0.35758), (0.30903128, 0.04480805, -0.36316872), (0.31250396, 0.04480805, -0.36831418), (0.31659147, 0.04480805, -0.3729592), (0.32123655, 0.04480805, -0.37704656), (0.32638207, 0.04480805, -0.38051903), (0.3319707, 0.04480805, -0.38331944), (0.33794528, 0.04480805, -0.38539058), (0.34424853, 0.04480805, -0.38667518), (0.35082322, 0.04480805, -0.3871161), (0.35739794, 0.04480805, -0.38667518), (0.3637012, 0.04480805, -0.38539058), (0.36967576, 0.04480805, -0.38331944), (0.3752644, 0.04480805, -0.38051903), (0.3804099, 0.04480805, -0.37704656), (0.38505504, 0.04480805, -0.3729592), (0.38914254, 0.04480805, -0.36831418), (0.3926152, 0.04480805, -0.36316872), (0.39541578, 0.04480805, -0.35758004), (0.39748707, 0.04480805, -0.3516053), (0.3987718, 0.04480805, -0.34530178), (0.39921284, 0.04480804, -0.10464241), (0.40242454, 0.04480804, -0.107954316), (0.4059161, 0.04480804, -0.11092493), (0.4096586, 0.04480804, -0.1135406), (0.41362324, 0.04480804, -0.115787685), (0.41778114, 0.04480804, -0.11765253), (0.42210335, 0.04480804, -0.119121484), (0.42656103, 0.04480804, -0.12018089), (0.4311253, 0.04480804, -0.12081708), (0.4357673, 0.04480804, -0.12101643), (0.44045812, 0.04480804, -0.120765276), (0.4451689, 0.04480804, -0.12004997), (0.44987082, 0.04480804, -0.11885685), (0.45601717, 0.04480804, -0.1164686), (0.46165317, 0.04480804, -0.11335774), (0.46674097, 0.04480804, -0.109595686), (0.47124285, 0.04480804, -0.10525388), (0.4751209, 0.04480804, -0.10040377), (0.4783374, 0.04480804, -0.09511678), (0.48085454, 0.04480804, -0.08946435), (0.48263448, 0.04480804, -0.08351791), (0.48363942, 0.04480804, -0.077348895), (0.4838316, 0.04480804, -0.07102875), (0.48317316, 0.04480804, -0.0646289), (0.43092373, 0.044808026, 0.1013303), (0.42360368, 0.044808026, 0.11598909), (0.4148639, 0.044808026, 0.12963556), (0.4048136, 0.044808026, 0.14218885), (0.3935619, 0.044808026, 0.15356812), (0.3812181, 0.044808026, 0.16369249), (0.36789137, 0.044808026, 0.17248113), (0.35369095, 0.044808026, 0.17985314), (0.33872604, 0.044808026, 0.18572769), (0.32310587, 0.044808026, 0.1900239), (0.30693963, 0.044808026, 0.19266093), (0.29033655, 0.044808026, 0.19355792), (0.27373347, 0.044808026, 0.19266105), (0.25756723, 0.044808026, 0.19002463), (0.24194704, 0.044808026, 0.18573008), (0.22698215, 0.044808026, 0.17985879), (0.21278174, 0.044808026, 0.17249212), (0.19945502, 0.044808026, 0.16371146), (0.1871112, 0.044808026, 0.1535982), (0.17585951, 0.044808026, 0.14223373), (0.16580918, 0.044808026, 0.12969941), (0.15706939, 0.044808026, 0.11607666), (0.14974932, 0.044808026, 0.101446845), (0.097499885, 0.04480804, -0.06447637), (0.09684146, 0.04480804, -0.07087678), (0.09703364, 0.04480804, -0.07719727), (0.09803859, 0.04480804, -0.08336646), (0.09981855, 0.04480804, -0.08931296), (0.102335684, 0.04480804, -0.09496541), (0.105552204, 0.04480804, -0.10025242), (0.10943028, 0.04480804, -0.105102606), (0.11393213, 0.04480804, -0.1094446), (0.119019955, 0.04480804, -0.113207), (0.12465594, 0.04480804, -0.116318434), (0.13080227, 0.04480804, -0.11870754), (0.13550411, 0.04480804, -0.11993201), (0.14021486, 0.04480804, -0.12066779), (0.14490566, 0.04480804, -0.12093009), (0.14954762, 0.04480804, -0.12073411), (0.15411188, 0.04480804, -0.12009507), (0.15856954, 0.04480804, -0.11902815), (0.16289175, 0.04480804, -0.11754859), (0.1670496, 0.04480804, -0.11567158), (0.17101426, 0.04480804, -0.11341233), (0.1747568, 0.04480804, -0.11078603), (0.17824836, 0.04480804, -0.1078079), (0.18146008, 0.04480804, -0.10449313), (0.18190096, 0.04480805, -0.34530172), (0.1831857, 0.04480805, -0.35160524), (0.18525697, 0.04480805, -0.35757998), (0.18805756, 0.04480805, -0.36316866), (0.19153021, 0.04480805, -0.36831412), (0.1956177, 0.04480805, -0.37295914), (0.20026283, 0.04480805, -0.3770465), (0.20540832, 0.04480805, -0.38051897), (0.21099699, 0.04480805, -0.38331938), (0.21697155, 0.04480805, -0.38539055), (0.2232748, 0.04480805, -0.38667515), (0.2298495, 0.04480805, -0.38711607), (0.23642421, 0.04480805, -0.38667515), (0.24272746, 0.04480805, -0.38539055), (0.24870203, 0.04480805, -0.3833194), (0.25429067, 0.04480805, -0.380519), (0.25943616, 0.04480805, -0.37704653), (0.2640813, 0.04480805, -0.37295917), (0.2681688, 0.04480805, -0.36831415), (0.27164146, 0.04480805, -0.3631687), (0.27444205, 0.04480805, -0.35758), (0.27651334, 0.04480805, -0.35160527), (0.2777981, 0.04480805, -0.34530175), (0.27823907, 0.04480804, -0.14516862), (0.36292085, 0.044808026, 0.31453165), (0.362258, 0.044808026, 0.32437786), (0.36032706, 0.044808026, 0.33382237), (0.35721478, 0.044808026, 0.3427786), (0.35300773, 0.044808026, 0.35115987), (0.34779257, 0.044808026, 0.35887954), (0.34165594, 0.044808026, 0.365851), (0.33468446, 0.044808026, 0.37198767), (0.32696477, 0.044808026, 0.37720284), (0.3185835, 0.044808026, 0.38140988), (0.3096273, 0.044808026, 0.38452217), (0.30018276, 0.044808026, 0.3864531), (0.2903366, 0.044808026, 0.38711596), (0.28049043, 0.044808026, 0.38645306), (0.2710459, 0.044808026, 0.38452217), (0.26208967, 0.044808026, 0.38140988), (0.25370842, 0.044808026, 0.37720284), (0.24598873, 0.044808026, 0.37198767), (0.23901725, 0.044808026, 0.365851), (0.2328806, 0.044808026, 0.35887954), (0.22766544, 0.044808026, 0.35115987), (0.22345838, 0.044808026, 0.3427786), (0.22034608, 0.044808026, 0.33382237), (0.21841517, 0.044808026, 0.32437786), (0.21775232, 0.044808026, 0.31453168), (0.21841522, 0.044808026, 0.3046855), (0.22034611, 0.044808026, 0.295241), (0.22345841, 0.044808026, 0.28628477), (0.22766545, 0.044808026, 0.2779035), (0.2328806, 0.044808026, 0.27018383), (0.23901725, 0.044808026, 0.26321235), (0.24598873, 0.044808026, 0.2570757), (0.25370842, 0.044808026, 0.25186053), (0.26208967, 0.044808026, 0.24765348), (0.2710459, 0.044808026, 0.24454121), (0.28049043, 0.044808026, 0.2426103), (0.29033658, 0.044808026, 0.24194744), (0.30018276, 0.044808026, 0.24261034), (0.30962726, 0.044808026, 0.24454124), (0.3185835, 0.044808026, 0.24765353), (0.32696477, 0.044808026, 0.25186056), (0.33468446, 0.044808026, 0.25707573), (0.34165594, 0.044808026, 0.26321235), (0.34779257, 0.044808026, 0.27018386), (0.35300773, 0.044808026, 0.27790353), (0.35721478, 0.044808026, 0.2862848), (0.36032706, 0.044808026, 0.29524103), (0.362258, 0.044808026, 0.30468553)]
            color3f[] primvars:displayColor = [(0.20784314, 0.101960786, 0.5176471), (0.20784314, 0.101960786, 0.5176471), (0.20784314, 0.101960786, 0.5176471), (0.20784314, 0.101960786, 0.5176471), (0.20784314, 0.101960786, 0.5176471), (0.20784314, 0.101960786, 0.5176471), (0.20784314, 0.101960786, 0.5176471), (0.20784314, 0.101960786, 0.5176471), (0.20784314, 0.101960786, 0.5176471), (0.20784314, 0.101960786, 0.5176471), (0.20784314, 0.101960786, 0.5176471), (0.20784314, 0.101960786, 0.5176471), (0.20784314, 0.101960786, 0.5176471), (0.20784314, 0.101960786, 0.5176471), (0.20784314, 0.101960786, 0.5176471), (0.20784314, 0.101960786, 0.5176471), (0.20784314, 0.101960786, 0.5176471), (0.20784314, 0.101960786, 0.5176471), (0.20784314, 0.101960786, 0.5176471), (0.20784314, 0.101960786, 0.5176471), (0.20784314, 0.101960786, 0.5176471), (0.20784314, 0.101960786, 0.5176471), (0.20784314, 0.101960786, 0.5176471), (0.20784314, 0.101960786, 0.5176471), (0.20784314, 0.101960786, 0.5176471), (0.20784314, 0.101960786, 0.5176471), (0.20784314, 0.101960786, 0.5176471), (0.20784314, 0.101960786, 0.5176471), (0.20784314, 0.101960786, 0.5176471), (0.20784314, 0.101960786, 0.5176471), (0.20784314, 0.101960786, 0.5176471), (0.20784314, 0.101960786, 0.5176471), (0.20784314, 0.101960786, 0.5176471), (0.20784314, 0.101960786, 0.5176471), (0.20784314, 0.101960786, 0.5176471), (0.20784314, 0.101960786, 0.5176471), (0.20784314, 0.101960786, 0.5176471), (0.20784314, 0.101960786, 0.5176471), (0.20784314, 0.101960786, 0.5176471), (0.20784314, 0.101960786, 0.5176471), (0.20784314, 0.101960786, 0.5176471), (0.20784314, 0.101960786, 0.5176471), (0.20784314, 0.101960786, 0.5176471), (0.20784314, 0.101960786, 0.5176471), (0.20784314, 0.101960786, 0.5176471), (0.20784314, 0.101960786, 0.5176471), (0.20784314, 0.101960786, 0.5176471), (0.20784314, 0.101960786, 0.5176471), (0.20784314, 0.101960786, 0.5176471), (0.20784314, 0.101960786, 0.5176471), (0.20784314, 0.101960786, 0.5176471), (0.20784314, 0.101960786, 0.5176471), (0.20784314, 0.101960786, 0.5176471), (0.20784314, 0.101960786, 0.5176471), (0.20784314, 0.101960786, 0.5176471), (0.20784314, 0.101960786, 0.5176471), (0.20784314, 0.101960786, 0.5176471), (0.20784314, 0.101960786, 0.5176471), (0.20784314, 0.101960786, 0.5176471), (0.20784314, 0.101960786, 0.5176471), (0.20784314, 0.101960786, 0.5176471), (0.20784314, 0.101960786, 0.5176471), (0.20784314, 0.101960786, 0.5176471), (0.20784314, 0.101960786, 0.5176471), (0.20784314, 0.101960786, 0.5176471), (0.20784314, 0.101960786, 0.5176471), (0.20784314, 0.101960786, 0.5176471), (0.20784314, 0.101960786, 0.5176471), (0.20784314, 0.101960786, 0.5176471), (0.20784314, 0.101960786, 0.5176471), (0.20784314, 0.101960786, 0.5176471), (0.20784314, 0.101960786, 0.5176471), (0.20784314, 0.101960786, 0.5176471), (0.20784314, 0.101960786, 0.5176471), (0.20784314, 0.101960786, 0.5176471), (0.20784314, 0.101960786, 0.5176471), (0.20784314, 0.101960786, 0.5176471), (0.20784314, 0.101960786, 0.5176471), (0.20784314, 0.101960786, 0.5176471), (0.20784314, 0.101960786, 0.5176471), (0.20784314, 0.101960786, 0.5176471), (0.20784314, 0.101960786, 0.5176471), (0.20784314, 0.101960786, 0.5176471), (0.20784314, 0.101960786, 0.5176471), (0.20784314, 0.101960786, 0.5176471), (0.20784314, 0.101960786, 0.5176471), (0.20784314, 0.101960786, 0.5176471), (0.20784314, 0.101960786, 0.5176471), (0.20784314, 0.101960786, 0.5176471), (0.20784314, 0.101960786, 0.5176471), (0.20784314, 0.101960786, 0.5176471), (0.20784314, 0.101960786, 0.5176471), (0.20784314, 0.101960786, 0.5176471), (0.20784314, 0.101960786, 0.5176471), (0.20784314, 0.101960786, 0.5176471), (0.20784314, 0.101960786, 0.5176471), (0.20784314, 0.101960786, 0.5176471), (0.20784314, 0.101960786, 0.5176471), (0.20784314, 0.101960786, 0.5176471), (0.20784314, 0.101960786, 0.5176471), (0.20784314, 0.101960786, 0.5176471), (0.20784314, 0.101960786, 0.5176471), (0.20784314, 0.101960786, 0.5176471), (0.20784314, 0.101960786, 0.5176471), (0.20784314, 0.101960786, 0.5176471), (0.20784314, 0.101960786, 0.5176471), (0.20784314, 0.101960786, 0.5176471), (0.20784314, 0.101960786, 0.5176471), (0.20784314, 0.101960786, 0.5176471), (0.20784314, 0.101960786, 0.5176471), (0.20784314, 0.101960786, 0.5176471), (0.20784314, 0.101960786, 0.5176471), (0.20784314, 0.101960786, 0.5176471), (0.20784314, 0.101960786, 0.5176471), (0.20784314, 0.101960786, 0.5176471), (0.20784314, 0.101960786, 0.5176471), (0.20784314, 0.101960786, 0.5176471), (0.20784314, 0.101960786, 0.5176471), (0.20784314, 0.101960786, 0.5176471), (0.20784314, 0.101960786, 0.5176471), (0.20784314, 0.101960786, 0.5176471), (0.20784314, 0.101960786, 0.5176471), (0.20784314, 0.101960786, 0.5176471), (0.20784314, 0.101960786, 0.5176471), (0.20784314, 0.101960786, 0.5176471), (0.20784314, 0.101960786, 0.5176471), (0.20784314, 0.101960786, 0.5176471), (0.20784314, 0.101960786, 0.5176471), (0.20784314, 0.101960786, 0.5176471), (0.20784314, 0.101960786, 0.5176471), (0.20784314, 0.101960786, 0.5176471), (0.20784314, 0.101960786, 0.5176471), (0.20784314, 0.101960786, 0.5176471), (0.20784314, 0.101960786, 0.5176471), (0.20784314, 0.101960786, 0.5176471), (0.20784314, 0.101960786, 0.5176471), (0.20784314, 0.101960786, 0.5176471), (0.20784314, 0.101960786, 0.5176471), (0.20784314, 0.101960786, 0.5176471), (0.20784314, 0.101960786, 0.5176471), (0.20784314, 0.101960786, 0.5176471), (0.20784314, 0.101960786, 0.5176471), (0.20784314, 0.101960786, 0.5176471), (0.20784314, 0.101960786, 0.5176471), (0.20784314, 0.101960786, 0.5176471), (0.20784314, 0.101960786, 0.5176471), (0.20784314, 0.101960786, 0.5176471), (0.20784314, 0.101960786, 0.5176471), (0.20784314, 0.101960786, 0.5176471), (0.20784314, 0.101960786, 0.5176471), (0.20784314, 0.101960786, 0.5176471), (0.20784314, 0.101960786, 0.5176471), (0.20784314, 0.101960786, 0.5176471), (0.20784314, 0.101960786, 0.5176471), (0.20784314, 0.101960786, 0.5176471), (0.20784314, 0.101960786, 0.5176471), (0.20784314, 0.101960786, 0.5176471), (0.20784314, 0.101960786, 0.5176471), (0.20784314, 0.101960786, 0.5176471), (0.20784314, 0.101960786, 0.5176471), (0.20784314, 0.101960786, 0.5176471), (0.20784314, 0.101960786, 0.5176471), (0.20784314, 0.101960786, 0.5176471), (0.20784314, 0.101960786, 0.5176471), (0.20784314, 0.101960786, 0.5176471), (0.20784314, 0.101960786, 0.5176471), (0.20784314, 0.101960786, 0.5176471), (0.20784314, 0.101960786, 0.5176471), (0.20784314, 0.101960786, 0.5176471), (0.20784314, 0.101960786, 0.5176471), (0.20784314, 0.101960786, 0.5176471), (0.20784314, 0.101960786, 0.5176471), (0.20784314, 0.101960786, 0.5176471), (0.20784314, 0.101960786, 0.5176471), (0.20784314, 0.101960786, 0.5176471), (0.20784314, 0.101960786, 0.5176471), (0.20784314, 0.101960786, 0.5176471), (0.20784314, 0.101960786, 0.5176471), (0.20784314, 0.101960786, 0.5176471), (0.20784314, 0.101960786, 0.5176471), (0.20784314, 0.101960786, 0.5176471), (0.20784314, 0.101960786, 0.5176471), (0.20784314, 0.101960786, 0.5176471), (0.20784314, 0.101960786, 0.5176471), (0.20784314, 0.101960786, 0.5176471), (0.20784314, 0.101960786, 0.5176471), (0.20784314, 0.101960786, 0.5176471), (0.20784314, 0.101960786, 0.5176471), (0.20784314, 0.101960786, 0.5176471), (0.20784314, 0.101960786, 0.5176471), (0.20784314, 0.101960786, 0.5176471), (0.20784314, 0.101960786, 0.5176471), (0.20784314, 0.101960786, 0.5176471), (0.20784314, 0.101960786, 0.5176471), (0.20784314, 0.101960786, 0.5176471), (0.20784314, 0.101960786, 0.5176471), (0.20784314, 0.101960786, 0.5176471), (0.20784314, 0.101960786, 0.5176471), (0.20784314, 0.101960786, 0.5176471), (0.20784314, 0.101960786, 0.5176471), (0.20784314, 0.101960786, 0.5176471), (0.20784314, 0.101960786, 0.5176471), (0.20784314, 0.101960786, 0.5176471), (0.20784314, 0.101960786, 0.5176471), (0.20784314, 0.101960786, 0.5176471), (0.20784314, 0.101960786, 0.5176471), (0.20784314, 0.101960786, 0.5176471), (0.20784314, 0.101960786, 0.5176471), (0.20784314, 0.101960786, 0.5176471), (0.20784314, 0.101960786, 0.5176471), (0.20784314, 0.101960786, 0.5176471), (0.20784314, 0.101960786, 0.5176471), (0.20784314, 0.101960786, 0.5176471), (0.20784314, 0.101960786, 0.5176471), (0.20784314, 0.101960786, 0.5176471), (0.20784314, 0.101960786, 0.5176471), (0.20784314, 0.101960786, 0.5176471), (0.20784314, 0.101960786, 0.5176471), (0.20784314, 0.101960786, 0.5176471), (0.20784314, 0.101960786, 0.5176471), (0.20784314, 0.101960786, 0.5176471), (0.20784314, 0.101960786, 0.5176471), (0.20784314, 0.101960786, 0.5176471), (0.20784314, 0.101960786, 0.5176471), (0.20784314, 0.101960786, 0.5176471), (0.20784314, 0.101960786, 0.5176471), (0.20784314, 0.101960786, 0.5176471), (0.20784314, 0.101960786, 0.5176471), (0.20784314, 0.101960786, 0.5176471), (0.20784314, 0.101960786, 0.5176471), (0.20784314, 0.101960786, 0.5176471), (0.20784314, 0.101960786, 0.5176471), (0.20784314, 0.101960786, 0.5176471), (0.20784314, 0.101960786, 0.5176471), (0.20784314, 0.101960786, 0.5176471), (0.20784314, 0.101960786, 0.5176471), (0.20784314, 0.101960786, 0.5176471), (0.20784314, 0.101960786, 0.5176471), (0.20784314, 0.101960786, 0.5176471), (0.20784314, 0.101960786, 0.5176471), (0.20784314, 0.101960786, 0.5176471), (0.20784314, 0.101960786, 0.5176471), (0.20784314, 0.101960786, 0.5176471), (0.20784314, 0.101960786, 0.5176471), (0.20784314, 0.101960786, 0.5176471), (0.20784314, 0.101960786, 0.5176471), (0.20784314, 0.101960786, 0.5176471), (0.20784314, 0.101960786, 0.5176471), (0.20784314, 0.101960786, 0.5176471), (0.20784314, 0.101960786, 0.5176471), (0.20784314, 0.101960786, 0.5176471), (0.20784314, 0.101960786, 0.5176471), (0.20784314, 0.101960786, 0.5176471), (0.20784314, 0.101960786, 0.5176471), (0.20784314, 0.101960786, 0.5176471), (0.20784314, 0.101960786, 0.5176471), (0.20784314, 0.101960786, 0.5176471), (0.20784314, 0.101960786, 0.5176471), (0.20784314, 0.101960786, 0.5176471), (0.20784314, 0.101960786, 0.5176471), (0.20784314, 0.101960786, 0.5176471), (0.20784314, 0.101960786, 0.5176471), (0.20784314, 0.101960786, 0.5176471), (0.20784314, 0.101960786, 0.5176471), (0.20784314, 0.101960786, 0.5176471), (0.20784314, 0.101960786, 0.5176471), (0.20784314, 0.101960786, 0.5176471), (0.20784314, 0.101960786, 0.5176471), (0.20784314, 0.101960786, 0.5176471), (0.20784314, 0.101960786, 0.5176471), (0.20784314, 0.101960786, 0.5176471), (0.20784314, 0.101960786, 0.5176471), (0.20784314, 0.101960786, 0.5176471), (0.20784314, 0.101960786, 0.5176471), (0.20784314, 0.101960786, 0.5176471), (0.20784314, 0.101960786, 0.5176471), (0.20784314, 0.101960786, 0.5176471), (0.20784314, 0.101960786, 0.5176471), (0.20784314, 0.101960786, 0.5176471), (0.20784314, 0.101960786, 0.5176471), (0.20784314, 0.101960786, 0.5176471), (0.20784314, 0.101960786, 0.5176471), (0.20784314, 0.101960786, 0.5176471), (0.20784314, 0.101960786, 0.5176471), (0.20784314, 0.101960786, 0.5176471), (0.20784314, 0.101960786, 0.5176471), (0.20784314, 0.101960786, 0.5176471), (0.20784314, 0.101960786, 0.5176471), (0.20784314, 0.101960786, 0.5176471), (0.20784314, 0.101960786, 0.5176471), (0.20784314, 0.101960786, 0.5176471), (0.20784314, 0.101960786, 0.5176471), (0.20784314, 0.101960786, 0.5176471), (0.20784314, 0.101960786, 0.5176471), (0.20784314, 0.101960786, 0.5176471), (0.20784314, 0.101960786, 0.5176471), (0.20784314, 0.101960786, 0.5176471), (0.20784314, 0.101960786, 0.5176471), (0.20784314, 0.101960786, 0.5176471), (0.20784314, 0.101960786, 0.5176471), (0.20784314, 0.101960786, 0.5176471), (0.20784314, 0.101960786, 0.5176471), (0.20784314, 0.101960786, 0.5176471), (0.20784314, 0.101960786, 0.5176471), (0.20784314, 0.101960786, 0.5176471), (0.20784314, 0.101960786, 0.5176471), (0.20784314, 0.101960786, 0.5176471), (0.20784314, 0.101960786, 0.5176471), (0.20784314, 0.101960786, 0.5176471), (0.20784314, 0.101960786, 0.5176471), (0.20784314, 0.101960786, 0.5176471), (0.20784314, 0.101960786, 0.5176471), (0.20784314, 0.101960786, 0.5176471), (0.20784314, 0.101960786, 0.5176471), (0.20784314, 0.101960786, 0.5176471), (0.20784314, 0.101960786, 0.5176471), (0.20784314, 0.101960786, 0.5176471), (0.20784314, 0.101960786, 0.5176471), (0.20784314, 0.101960786, 0.5176471), (0.20784314, 0.101960786, 0.5176471), (0.20784314, 0.101960786, 0.5176471), (0.20784314, 0.101960786, 0.5176471), (0.20784314, 0.101960786, 0.5176471), (0.20784314, 0.101960786, 0.5176471), (0.20784314, 0.101960786, 0.5176471), (0.20784314, 0.101960786, 0.5176471), (0.20784314, 0.101960786, 0.5176471), (0.20784314, 0.101960786, 0.5176471), (0.20784314, 0.101960786, 0.5176471), (0.20784314, 0.101960786, 0.5176471), (0.20784314, 0.101960786, 0.5176471), (0.20784314, 0.101960786, 0.5176471), (0.20784314, 0.101960786, 0.5176471), (0.20784314, 0.101960786, 0.5176471), (0.20784314, 0.101960786, 0.5176471), (0.20784314, 0.101960786, 0.5176471), (0.20784314, 0.101960786, 0.5176471), (0.20784314, 0.101960786, 0.5176471), (0.20784314, 0.101960786, 0.5176471), (0.20784314, 0.101960786, 0.5176471), (0.20784314, 0.101960786, 0.5176471), (0.20784314, 0.101960786, 0.5176471), (0.20784314, 0.101960786, 0.5176471), (0.20784314, 0.101960786, 0.5176471), (0.20784314, 0.101960786, 0.5176471), (0.20784314, 0.101960786, 0.5176471), (0.20784314, 0.101960786, 0.5176471), (0.20784314, 0.101960786, 0.5176471), (0.20784314, 0.101960786, 0.5176471), (0.20784314, 0.101960786, 0.5176471), (0.20784314, 0.101960786, 0.5176471), (0.20784314, 0.101960786, 0.5176471), (0.20784314, 0.101960786, 0.5176471), (0.20784314, 0.101960786, 0.5176471), (0.20784314, 0.101960786, 0.5176471), (0.20784314, 0.101960786, 0.5176471), (0.20784314, 0.101960786, 0.5176471), (0.20784314, 0.101960786, 0.5176471), (0.20784314, 0.101960786, 0.5176471), (0.20784314, 0.101960786, 0.5176471), (0.20784314, 0.101960786, 0.5176471), (0.20784314, 0.101960786, 0.5176471), (0.20784314, 0.101960786, 0.5176471), (0.20784314, 0.101960786, 0.5176471), (0.20784314, 0.101960786, 0.5176471), (0.20784314, 0.101960786, 0.5176471), (0.20784314, 0.101960786, 0.5176471), (0.20784314, 0.101960786, 0.5176471), (0.20784314, 0.101960786, 0.5176471), (0.20784314, 0.101960786, 0.5176471), (0.20784314, 0.101960786, 0.5176471), (0.20784314, 0.101960786, 0.5176471), (0.20784314, 0.101960786, 0.5176471), (0.20784314, 0.101960786, 0.5176471), (0.20784314, 0.101960786, 0.5176471), (0.20784314, 0.101960786, 0.5176471), (0.20784314, 0.101960786, 0.5176471), (0.20784314, 0.101960786, 0.5176471), (0.20784314, 0.101960786, 0.5176471), (0.20784314, 0.101960786, 0.5176471), (0.20784314, 0.101960786, 0.5176471), (0.20784314, 0.101960786, 0.5176471), (0.20784314, 0.101960786, 0.5176471), (0.20784314, 0.101960786, 0.5176471), (0.20784314, 0.101960786, 0.5176471), (0.20784314, 0.101960786, 0.5176471), (0.20784314, 0.101960786, 0.5176471), (0.20784314, 0.101960786, 0.5176471), (0.20784314, 0.101960786, 0.5176471), (0.20784314, 0.101960786, 0.5176471), (0.20784314, 0.101960786, 0.5176471), (0.20784314, 0.101960786, 0.5176471), (0.20784314, 0.101960786, 0.5176471), (0.20784314, 0.101960786, 0.5176471), (0.20784314, 0.101960786, 0.5176471), (0.20784314, 0.101960786, 0.5176471), (0.20784314, 0.101960786, 0.5176471), (0.20784314, 0.101960786, 0.5176471), (0.20784314, 0.101960786, 0.5176471), (0.20784314, 0.101960786, 0.5176471), (0.20784314, 0.101960786, 0.5176471), (0.20784314, 0.101960786, 0.5176471), (0.20784314, 0.101960786, 0.5176471), (0.20784314, 0.101960786, 0.5176471), (0.20784314, 0.101960786, 0.5176471), (0.20784314, 0.101960786, 0.5176471), (0.20784314, 0.101960786, 0.5176471), (0.20784314, 0.101960786, 0.5176471), (0.20784314, 0.101960786, 0.5176471), (0.20784314, 0.101960786, 0.5176471), (0.20784314, 0.101960786, 0.5176471), (0.20784314, 0.101960786, 0.5176471), (0.20784314, 0.101960786, 0.5176471), (0.20784314, 0.101960786, 0.5176471), (0.20784314, 0.101960786, 0.5176471), (0.20784314, 0.101960786, 0.5176471), (0.20784314, 0.101960786, 0.5176471), (0.20784314, 0.101960786, 0.5176471), (0.20784314, 0.101960786, 0.5176471), (0.20784314, 0.101960786, 0.5176471), (0.20784314, 0.101960786, 0.5176471), (0.20784314, 0.101960786, 0.5176471), (0.20784314, 0.101960786, 0.5176471), (0.20784314, 0.101960786, 0.5176471), (0.20784314, 0.101960786, 0.5176471), (0.20784314, 0.101960786, 0.5176471), (0.20784314, 0.101960786, 0.5176471), (0.20784314, 0.101960786, 0.5176471), (0.20784314, 0.101960786, 0.5176471), (0.20784314, 0.101960786, 0.5176471), (0.20784314, 0.101960786, 0.5176471), (0.20784314, 0.101960786, 0.5176471), (0.20784314, 0.101960786, 0.5176471), (0.20784314, 0.101960786, 0.5176471), (0.20784314, 0.101960786, 0.5176471), (0.20784314, 0.101960786, 0.5176471), (0.20784314, 0.101960786, 0.5176471), (0.20784314, 0.101960786, 0.5176471), (0.20784314, 0.101960786, 0.5176471), (0.20784314, 0.101960786, 0.5176471), (0.20784314, 0.101960786, 0.5176471), (0.20784314, 0.101960786, 0.5176471), (0.20784314, 0.101960786, 0.5176471), (0.20784314, 0.101960786, 0.5176471), (0.20784314, 0.101960786, 0.5176471), (0.20784314, 0.101960786, 0.5176471), (0.20784314, 0.101960786, 0.5176471), (0.20784314, 0.101960786, 0.5176471), (0.20784314, 0.101960786, 0.5176471), (0.20784314, 0.101960786, 0.5176471), (0.20784314, 0.101960786, 0.5176471), (0.20784314, 0.101960786, 0.5176471), (0.20784314, 0.101960786, 0.5176471), (0.20784314, 0.101960786, 0.5176471), (0.20784314, 0.101960786, 0.5176471), (0.20784314, 0.101960786, 0.5176471), (0.20784314, 0.101960786, 0.5176471), (0.20784314, 0.101960786, 0.5176471), (0.20784314, 0.101960786, 0.5176471), (0.20784314, 0.101960786, 0.5176471), (0.20784314, 0.101960786, 0.5176471), (0.20784314, 0.101960786, 0.5176471), (0.20784314, 0.101960786, 0.5176471), (0.20784314, 0.101960786, 0.5176471), (0.20784314, 0.101960786, 0.5176471), (0.20784314, 0.101960786, 0.5176471), (0.20784314, 0.101960786, 0.5176471), (0.20784314, 0.101960786, 0.5176471), (0.20784314, 0.101960786, 0.5176471), (0.20784314, 0.101960786, 0.5176471), (0.20784314, 0.101960786, 0.5176471), (0.20784314, 0.101960786, 0.5176471), (0.20784314, 0.101960786, 0.5176471), (0.20784314, 0.101960786, 0.5176471), (0.20784314, 0.101960786, 0.5176471), (0.20784314, 0.101960786, 0.5176471), (0.20784314, 0.101960786, 0.5176471), (0.20784314, 0.101960786, 0.5176471), (0.20784314, 0.101960786, 0.5176471), (0.20784314, 0.101960786, 0.5176471), (0.20784314, 0.101960786, 0.5176471), (0.20784314, 0.101960786, 0.5176471), (0.20784314, 0.101960786, 0.5176471), (0.20784314, 0.101960786, 0.5176471), (0.20784314, 0.101960786, 0.5176471), (0.20784314, 0.101960786, 0.5176471), (0.20784314, 0.101960786, 0.5176471), (0.20784314, 0.101960786, 0.5176471), (0.20784314, 0.101960786, 0.5176471), (0.20784314, 0.101960786, 0.5176471), (0.20784314, 0.101960786, 0.5176471), (0.20784314, 0.101960786, 0.5176471), (0.20784314, 0.101960786, 0.5176471), (0.20784314, 0.101960786, 0.5176471), (0.20784314, 0.101960786, 0.5176471), (0.20784314, 0.101960786, 0.5176471), (0.20784314, 0.101960786, 0.5176471), (0.20784314, 0.101960786, 0.5176471), (0.20784314, 0.101960786, 0.5176471), (0.20784314, 0.101960786, 0.5176471), (0.20784314, 0.101960786, 0.5176471), (0.20784314, 0.101960786, 0.5176471), (0.20784314, 0.101960786, 0.5176471), (0.20784314, 0.101960786, 0.5176471), (0.20784314, 0.101960786, 0.5176471), (0.20784314, 0.101960786, 0.5176471), (0.20784314, 0.101960786, 0.5176471), (0.20784314, 0.101960786, 0.5176471), (0.20784314, 0.101960786, 0.5176471), (0.20784314, 0.101960786, 0.5176471), (0.20784314, 0.101960786, 0.5176471), (0.20784314, 0.101960786, 0.5176471), (0.20784314, 0.101960786, 0.5176471), (0.20784314, 0.101960786, 0.5176471), (0.20784314, 0.101960786, 0.5176471), (0.20784314, 0.101960786, 0.5176471), (0.20784314, 0.101960786, 0.5176471), (0.20784314, 0.101960786, 0.5176471), (0.20784314, 0.101960786, 0.5176471), (0.20784314, 0.101960786, 0.5176471), (0.20784314, 0.101960786, 0.5176471), (0.20784314, 0.101960786, 0.5176471), (0.20784314, 0.101960786, 0.5176471), (0.20784314, 0.101960786, 0.5176471), (0.20784314, 0.101960786, 0.5176471), (0.20784314, 0.101960786, 0.5176471), (0.20784314, 0.101960786, 0.5176471), (0.20784314, 0.101960786, 0.5176471), (0.20784314, 0.101960786, 0.5176471), (0.20784314, 0.101960786, 0.5176471), (0.20784314, 0.101960786, 0.5176471), (0.20784314, 0.101960786, 0.5176471), (0.20784314, 0.101960786, 0.5176471), (0.20784314, 0.101960786, 0.5176471), (0.20784314, 0.101960786, 0.5176471), (0.20784314, 0.101960786, 0.5176471), (0.20784314, 0.101960786, 0.5176471), (0.20784314, 0.101960786, 0.5176471), (0.20784314, 0.101960786, 0.5176471), (0.20784314, 0.101960786, 0.5176471), (0.20784314, 0.101960786, 0.5176471), (0.20784314, 0.101960786, 0.5176471), (0.20784314, 0.101960786, 0.5176471), (0.20784314, 0.101960786, 0.5176471), (0.20784314, 0.101960786, 0.5176471), (0.20784314, 0.101960786, 0.5176471), (0.20784314, 0.101960786, 0.5176471), (0.20784314, 0.101960786, 0.5176471), (0.20784314, 0.101960786, 0.5176471), (0.20784314, 0.101960786, 0.5176471), (0.20784314, 0.101960786, 0.5176471), (0.20784314, 0.101960786, 0.5176471), (0.20784314, 0.101960786, 0.5176471), (0.20784314, 0.101960786, 0.5176471), (0.20784314, 0.101960786, 0.5176471), (0.20784314, 0.101960786, 0.5176471), (0.20784314, 0.101960786, 0.5176471), (0.20784314, 0.101960786, 0.5176471), (0.20784314, 0.101960786, 0.5176471), (0.20784314, 0.101960786, 0.5176471), (0.20784314, 0.101960786, 0.5176471), (0.20784314, 0.101960786, 0.5176471), (0.20784314, 0.101960786, 0.5176471), (0.20784314, 0.101960786, 0.5176471), (0.20784314, 0.101960786, 0.5176471), (0.20784314, 0.101960786, 0.5176471), (0.20784314, 0.101960786, 0.5176471), (0.20784314, 0.101960786, 0.5176471), (0.20784314, 0.101960786, 0.5176471), (0.20784314, 0.101960786, 0.5176471), (0.20784314, 0.101960786, 0.5176471), (0.20784314, 0.101960786, 0.5176471), (0.20784314, 0.101960786, 0.5176471), (0.20784314, 0.101960786, 0.5176471), (0.20784314, 0.101960786, 0.5176471), (0.20784314, 0.101960786, 0.5176471), (0.20784314, 0.101960786, 0.5176471), (0.20784314, 0.101960786, 0.5176471), (0.20784314, 0.101960786, 0.5176471), (0.20784314, 0.101960786, 0.5176471), (0.20784314, 0.101960786, 0.5176471), (0.20784314, 0.101960786, 0.5176471), (0.20784314, 0.101960786, 0.5176471), (0.20784314, 0.101960786, 0.5176471), (0.20784314, 0.101960786, 0.5176471), (0.20784314, 0.101960786, 0.5176471), (0.20784314, 0.101960786, 0.5176471), (0.20784314, 0.101960786, 0.5176471), (0.20784314, 0.101960786, 0.5176471), (0.20784314, 0.101960786, 0.5176471), (0.20784314, 0.101960786, 0.5176471), (0.20784314, 0.101960786, 0.5176471), (0.20784314, 0.101960786, 0.5176471), (0.20784314, 0.101960786, 0.5176471), (0.20784314, 0.101960786, 0.5176471), (0.20784314, 0.101960786, 0.5176471), (0.20784314, 0.101960786, 0.5176471), (0.20784314, 0.101960786, 0.5176471), (0.20784314, 0.101960786, 0.5176471), (0.20784314, 0.101960786, 0.5176471), (0.20784314, 0.101960786, 0.5176471), (0.20784314, 0.101960786, 0.5176471), (0.20784314, 0.101960786, 0.5176471), (0.20784314, 0.101960786, 0.5176471), (0.20784314, 0.101960786, 0.5176471), (0.20784314, 0.101960786, 0.5176471), (0.20784314, 0.101960786, 0.5176471), (0.20784314, 0.101960786, 0.5176471), (0.20784314, 0.101960786, 0.5176471), (0.20784314, 0.101960786, 0.5176471), (0.20784314, 0.101960786, 0.5176471), (0.20784314, 0.101960786, 0.5176471), (0.20784314, 0.101960786, 0.5176471), (0.20784314, 0.101960786, 0.5176471), (0.20784314, 0.101960786, 0.5176471), (0.20784314, 0.101960786, 0.5176471), (0.20784314, 0.101960786, 0.5176471), (0.20784314, 0.101960786, 0.5176471), (0.20784314, 0.101960786, 0.5176471), (0.20784314, 0.101960786, 0.5176471), (0.20784314, 0.101960786, 0.5176471), (0.20784314, 0.101960786, 0.5176471), (0.20784314, 0.101960786, 0.5176471), (0.20784314, 0.101960786, 0.5176471), (0.20784314, 0.101960786, 0.5176471), (0.20784314, 0.101960786, 0.5176471), (0.20784314, 0.101960786, 0.5176471), (0.20784314, 0.101960786, 0.5176471), (0.20784314, 0.101960786, 0.5176471), (0.20784314, 0.101960786, 0.5176471), (0.20784314, 0.101960786, 0.5176471), (0.20784314, 0.101960786, 0.5176471), (0.20784314, 0.101960786, 0.5176471), (0.20784314, 0.101960786, 0.5176471), (0.20784314, 0.101960786, 0.5176471), (0.20784314, 0.101960786, 0.5176471), (0.20784314, 0.101960786, 0.5176471), (0.20784314, 0.101960786, 0.5176471), (0.20784314, 0.101960786, 0.5176471), (0.20784314, 0.101960786, 0.5176471), (0.20784314, 0.101960786, 0.5176471), (0.20784314, 0.101960786, 0.5176471), (0.20784314, 0.101960786, 0.5176471), (0.20784314, 0.101960786, 0.5176471), (0.20784314, 0.101960786, 0.5176471), (0.20784314, 0.101960786, 0.5176471), (0.20784314, 0.101960786, 0.5176471), (0.20784314, 0.101960786, 0.5176471), (0.20784314, 0.101960786, 0.5176471), (0.20784314, 0.101960786, 0.5176471), (0.20784314, 0.101960786, 0.5176471), (0.20784314, 0.101960786, 0.5176471), (0.20784314, 0.101960786, 0.5176471), (0.20784314, 0.101960786, 0.5176471), (0.20784314, 0.101960786, 0.5176471), (0.20784314, 0.101960786, 0.5176471), (0.20784314, 0.101960786, 0.5176471), (0.20784314, 0.101960786, 0.5176471), (0.20784314, 0.101960786, 0.5176471), (0.20784314, 0.101960786, 0.5176471), (0.20784314, 0.101960786, 0.5176471), (0.20784314, 0.101960786, 0.5176471), (0.20784314, 0.101960786, 0.5176471), (0.20784314, 0.101960786, 0.5176471), (0.20784314, 0.101960786, 0.5176471), (0.20784314, 0.101960786, 0.5176471), (0.20784314, 0.101960786, 0.5176471), (0.20784314, 0.101960786, 0.5176471), (0.20784314, 0.101960786, 0.5176471), (0.20784314, 0.101960786, 0.5176471), (0.20784314, 0.101960786, 0.5176471), (0.20784314, 0.101960786, 0.5176471), (0.20784314, 0.101960786, 0.5176471), (0.20784314, 0.101960786, 0.5176471), (0.20784314, 0.101960786, 0.5176471), (0.20784314, 0.101960786, 0.5176471), (0.20784314, 0.101960786, 0.5176471), (0.20784314, 0.101960786, 0.5176471), (0.20784314, 0.101960786, 0.5176471), (0.20784314, 0.101960786, 0.5176471), (0.20784314, 0.101960786, 0.5176471), (0.20784314, 0.101960786, 0.5176471), (0.20784314, 0.101960786, 0.5176471), (0.20784314, 0.101960786, 0.5176471), (0.20784314, 0.101960786, 0.5176471), (0.20784314, 0.101960786, 0.5176471), (0.20784314, 0.101960786, 0.5176471), (0.20784314, 0.101960786, 0.5176471), (0.20784314, 0.101960786, 0.5176471), (0.20784314, 0.101960786, 0.5176471), (0.20784314, 0.101960786, 0.5176471), (0.20784314, 0.101960786, 0.5176471), (0.20784314, 0.101960786, 0.5176471), (0.20784314, 0.101960786, 0.5176471), (0.20784314, 0.101960786, 0.5176471), (0.20784314, 0.101960786, 0.5176471), (0.20784314, 0.101960786, 0.5176471), (0.20784314, 0.101960786, 0.5176471), (0.20784314, 0.101960786, 0.5176471), (0.20784314, 0.101960786, 0.5176471), (0.20784314, 0.101960786, 0.5176471), (0.20784314, 0.101960786, 0.5176471), (0.20784314, 0.101960786, 0.5176471), (0.20784314, 0.101960786, 0.5176471), (0.20784314, 0.101960786, 0.5176471), (0.20784314, 0.101960786, 0.5176471), (0.20784314, 0.101960786, 0.5176471), (0.20784314, 0.101960786, 0.5176471), (0.20784314, 0.101960786, 0.5176471), (0.20784314, 0.101960786, 0.5176471), (0.20784314, 0.101960786, 0.5176471), (0.20784314, 0.101960786, 0.5176471), (0.20784314, 0.101960786, 0.5176471), (0.20784314, 0.101960786, 0.5176471), (0.20784314, 0.101960786, 0.5176471), (0.20784314, 0.101960786, 0.5176471), (0.20784314, 0.101960786, 0.5176471), (0.20784314, 0.101960786, 0.5176471), (0.20784314, 0.101960786, 0.5176471), (0.20784314, 0.101960786, 0.5176471), (0.20784314, 0.101960786, 0.5176471), (0.20784314, 0.101960786, 0.5176471), (0.20784314, 0.101960786, 0.5176471), (0.20784314, 0.101960786, 0.5176471), (0.20784314, 0.101960786, 0.5176471), (0.20784314, 0.101960786, 0.5176471), (0.20784314, 0.101960786, 0.5176471), (0.20784314, 0.101960786, 0.5176471), (0.20784314, 0.101960786, 0.5176471), (0.20784314, 0.101960786, 0.5176471), (0.20784314, 0.101960786, 0.5176471), (0.20784314, 0.101960786, 0.5176471), (0.20784314, 0.101960786, 0.5176471), (0.20784314, 0.101960786, 0.5176471), (0.20784314, 0.101960786, 0.5176471), (0.20784314, 0.101960786, 0.5176471), (0.20784314, 0.101960786, 0.5176471), (0.20784314, 0.101960786, 0.5176471), (0.20784314, 0.101960786, 0.5176471), (0.20784314, 0.101960786, 0.5176471), (0.20784314, 0.101960786, 0.5176471), (0.20784314, 0.101960786, 0.5176471), (0.20784314, 0.101960786, 0.5176471), (0.20784314, 0.101960786, 0.5176471), (0.20784314, 0.101960786, 0.5176471), (0.20784314, 0.101960786, 0.5176471), (0.20784314, 0.101960786, 0.5176471), (0.20784314, 0.101960786, 0.5176471), (0.20784314, 0.101960786, 0.5176471), (0.20784314, 0.101960786, 0.5176471), (0.20784314, 0.101960786, 0.5176471), (0.20784314, 0.101960786, 0.5176471), (0.20784314, 0.101960786, 0.5176471), (0.20784314, 0.101960786, 0.5176471), (0.20784314, 0.101960786, 0.5176471), (0.20784314, 0.101960786, 0.5176471), (0.20784314, 0.101960786, 0.5176471), (0.20784314, 0.101960786, 0.5176471), (0.20784314, 0.101960786, 0.5176471), (0.20784314, 0.101960786, 0.5176471), (0.20784314, 0.101960786, 0.5176471), (0.20784314, 0.101960786, 0.5176471), (0.20784314, 0.101960786, 0.5176471), (0.20784314, 0.101960786, 0.5176471), (0.20784314, 0.101960786, 0.5176471), (0.20784314, 0.101960786, 0.5176471), (0.20784314, 0.101960786, 0.5176471), (0.20784314, 0.101960786, 0.5176471), (0.20784314, 0.101960786, 0.5176471), (0.20784314, 0.101960786, 0.5176471), (0.20784314, 0.101960786, 0.5176471), (0.20784314, 0.101960786, 0.5176471), (0.20784314, 0.101960786, 0.5176471), (0.20784314, 0.101960786, 0.5176471), (0.20784314, 0.101960786, 0.5176471), (0.20784314, 0.101960786, 0.5176471), (0.20784314, 0.101960786, 0.5176471), (0.20784314, 0.101960786, 0.5176471), (0.20784314, 0.101960786, 0.5176471), (0.20784314, 0.101960786, 0.5176471), (0.20784314, 0.101960786, 0.5176471), (0.20784314, 0.101960786, 0.5176471), (0.20784314, 0.101960786, 0.5176471), (0.20784314, 0.101960786, 0.5176471), (0.20784314, 0.101960786, 0.5176471), (0.20784314, 0.101960786, 0.5176471), (0.20784314, 0.101960786, 0.5176471), (0.20784314, 0.101960786, 0.5176471), (0.20784314, 0.101960786, 0.5176471), (0.20784314, 0.101960786, 0.5176471), (0.20784314, 0.101960786, 0.5176471), (0.20784314, 0.101960786, 0.5176471), (0.20784314, 0.101960786, 0.5176471), (0.20784314, 0.101960786, 0.5176471), (0.20784314, 0.101960786, 0.5176471), (0.20784314, 0.101960786, 0.5176471), (0.20784314, 0.101960786, 0.5176471), (0.20784314, 0.101960786, 0.5176471), (0.20784314, 0.101960786, 0.5176471), (0.20784314, 0.101960786, 0.5176471), (0.20784314, 0.101960786, 0.5176471), (0.20784314, 0.101960786, 0.5176471), (0.20784314, 0.101960786, 0.5176471), (0.20784314, 0.101960786, 0.5176471), (0.20784314, 0.101960786, 0.5176471), (0.20784314, 0.101960786, 0.5176471), (0.20784314, 0.101960786, 0.5176471), (0.20784314, 0.101960786, 0.5176471), (0.20784314, 0.101960786, 0.5176471), (0.20784314, 0.101960786, 0.5176471), (0.20784314, 0.101960786, 0.5176471), (0.20784314, 0.101960786, 0.5176471), (0.20784314, 0.101960786, 0.5176471), (0.20784314, 0.101960786, 0.5176471), (0.20784314, 0.101960786, 0.5176471), (0.20784314, 0.101960786, 0.5176471), (0.20784314, 0.101960786, 0.5176471), (0.20784314, 0.101960786, 0.5176471), (0.20784314, 0.101960786, 0.5176471), (0.20784314, 0.101960786, 0.5176471), (0.20784314, 0.101960786, 0.5176471), (0.20784314, 0.101960786, 0.5176471), (0.20784314, 0.101960786, 0.5176471), (0.20784314, 0.101960786, 0.5176471), (0.20784314, 0.101960786, 0.5176471), (0.20784314, 0.101960786, 0.5176471), (0.20784314, 0.101960786, 0.5176471), (0.20784314, 0.101960786, 0.5176471), (0.20784314, 0.101960786, 0.5176471), (0.20784314, 0.101960786, 0.5176471), (0.20784314, 0.101960786, 0.5176471), (0.20784314, 0.101960786, 0.5176471), (0.20784314, 0.101960786, 0.5176471), (0.20784314, 0.101960786, 0.5176471), (0.20784314, 0.101960786, 0.5176471), (0.20784314, 0.101960786, 0.5176471), (0.20784314, 0.101960786, 0.5176471), (0.20784314, 0.101960786, 0.5176471), (0.20784314, 0.101960786, 0.5176471), (0.20784314, 0.101960786, 0.5176471), (0.20784314, 0.101960786, 0.5176471), (0.20784314, 0.101960786, 0.5176471), (0.20784314, 0.101960786, 0.5176471), (0.20784314, 0.101960786, 0.5176471), (0.20784314, 0.101960786, 0.5176471), (0.20784314, 0.101960786, 0.5176471), (0.20784314, 0.101960786, 0.5176471), (0.20784314, 0.101960786, 0.5176471), (0.20784314, 0.101960786, 0.5176471), (0.20784314, 0.101960786, 0.5176471), (0.20784314, 0.101960786, 0.5176471), (0.20784314, 0.101960786, 0.5176471), (0.20784314, 0.101960786, 0.5176471), (0.20784314, 0.101960786, 0.5176471), (0.20784314, 0.101960786, 0.5176471), (0.20784314, 0.101960786, 0.5176471), (0.20784314, 0.101960786, 0.5176471), (0.20784314, 0.101960786, 0.5176471), (0.20784314, 0.101960786, 0.5176471), (0.20784314, 0.101960786, 0.5176471), (0.20784314, 0.101960786, 0.5176471), (0.20784314, 0.101960786, 0.5176471), (0.20784314, 0.101960786, 0.5176471), (0.20784314, 0.101960786, 0.5176471), (0.20784314, 0.101960786, 0.5176471), (0.20784314, 0.101960786, 0.5176471), (0.20784314, 0.101960786, 0.5176471), (0.20784314, 0.101960786, 0.5176471), (0.20784314, 0.101960786, 0.5176471), (0.20784314, 0.101960786, 0.5176471), (0.20784314, 0.101960786, 0.5176471), (0.20784314, 0.101960786, 0.5176471), (0.20784314, 0.101960786, 0.5176471), (0.20784314, 0.101960786, 0.5176471), (0.20784314, 0.101960786, 0.5176471), (0.20784314, 0.101960786, 0.5176471), (0.20784314, 0.101960786, 0.5176471), (0.20784314, 0.101960786, 0.5176471), (0.20784314, 0.101960786, 0.5176471), (0.20784314, 0.101960786, 0.5176471), (0.20784314, 0.101960786, 0.5176471), (0.20784314, 0.101960786, 0.5176471), (0.20784314, 0.101960786, 0.5176471), (0.20784314, 0.101960786, 0.5176471), (0.20784314, 0.101960786, 0.5176471), (0.20784314, 0.101960786, 0.5176471), (0.20784314, 0.101960786, 0.5176471), (0.20784314, 0.101960786, 0.5176471), (0.20784314, 0.101960786, 0.5176471), (0.20784314, 0.101960786, 0.5176471), (0.20784314, 0.101960786, 0.5176471), (0.20784314, 0.101960786, 0.5176471), (0.20784314, 0.101960786, 0.5176471), (0.20784314, 0.101960786, 0.5176471), (0.20784314, 0.101960786, 0.5176471), (0.20784314, 0.101960786, 0.5176471), (0.20784314, 0.101960786, 0.5176471), (0.20784314, 0.101960786, 0.5176471), (0.20784314, 0.101960786, 0.5176471), (0.20784314, 0.101960786, 0.5176471), (0.20784314, 0.101960786, 0.5176471), (0.20784314, 0.101960786, 0.5176471), (0.20784314, 0.101960786, 0.5176471), (0.20784314, 0.101960786, 0.5176471), (0.20784314, 0.101960786, 0.5176471), (0.20784314, 0.101960786, 0.5176471), (0.20784314, 0.101960786, 0.5176471), (0.20784314, 0.101960786, 0.5176471), (0.20784314, 0.101960786, 0.5176471), (0.20784314, 0.101960786, 0.5176471), (0.20784314, 0.101960786, 0.5176471), (0.20784314, 0.101960786, 0.5176471), (0.20784314, 0.101960786, 0.5176471), (0.20784314, 0.101960786, 0.5176471), (0.20784314, 0.101960786, 0.5176471), (0.20784314, 0.101960786, 0.5176471), (0.20784314, 0.101960786, 0.5176471), (0.20784314, 0.101960786, 0.5176471), (0.20784314, 0.101960786, 0.5176471), (0.20784314, 0.101960786, 0.5176471), (0.20784314, 0.101960786, 0.5176471), (0.20784314, 0.101960786, 0.5176471), (0.20784314, 0.101960786, 0.5176471), (0.20784314, 0.101960786, 0.5176471), (0.20784314, 0.101960786, 0.5176471), (0.20784314, 0.101960786, 0.5176471), (0.20784314, 0.101960786, 0.5176471), (0.20784314, 0.101960786, 0.5176471), (0.20784314, 0.101960786, 0.5176471), (0.20784314, 0.101960786, 0.5176471), (0.20784314, 0.101960786, 0.5176471), (0.20784314, 0.101960786, 0.5176471), (0.20784314, 0.101960786, 0.5176471), (0.20784314, 0.101960786, 0.5176471), (0.20784314, 0.101960786, 0.5176471), (0.20784314, 0.101960786, 0.5176471), (0.20784314, 0.101960786, 0.5176471), (0.20784314, 0.101960786, 0.5176471), (0.20784314, 0.101960786, 0.5176471), (0.20784314, 0.101960786, 0.5176471), (0.20784314, 0.101960786, 0.5176471), (0.20784314, 0.101960786, 0.5176471), (0.20784314, 0.101960786, 0.5176471), (0.20784314, 0.101960786, 0.5176471), (0.20784314, 0.101960786, 0.5176471), (0.20784314, 0.101960786, 0.5176471), (0.20784314, 0.101960786, 0.5176471), (0.20784314, 0.101960786, 0.5176471), (0.20784314, 0.101960786, 0.5176471), (0.20784314, 0.101960786, 0.5176471), (0.20784314, 0.101960786, 0.5176471), (0.20784314, 0.101960786, 0.5176471), (0.20784314, 0.101960786, 0.5176471), (0.20784314, 0.101960786, 0.5176471), (0.20784314, 0.101960786, 0.5176471), (0.20784314, 0.101960786, 0.5176471), (0.20784314, 0.101960786, 0.5176471), (0.20784314, 0.101960786, 0.5176471), (0.20784314, 0.101960786, 0.5176471), (0.20784314, 0.101960786, 0.5176471), (0.20784314, 0.101960786, 0.5176471), (0.20784314, 0.101960786, 0.5176471), (0.20784314, 0.101960786, 0.5176471), (0.20784314, 0.101960786, 0.5176471), (0.20784314, 0.101960786, 0.5176471), (0.20784314, 0.101960786, 0.5176471), (0.20784314, 0.101960786, 0.5176471), (0.20784314, 0.101960786, 0.5176471), (0.20784314, 0.101960786, 0.5176471), (0.20784314, 0.101960786, 0.5176471), (0.20784314, 0.101960786, 0.5176471), (0.20784314, 0.101960786, 0.5176471), (0.20784314, 0.101960786, 0.5176471), (0.20784314, 0.101960786, 0.5176471), (0.20784314, 0.101960786, 0.5176471), (0.20784314, 0.101960786, 0.5176471), (0.20784314, 0.101960786, 0.5176471), (0.20784314, 0.101960786, 0.5176471), (0.20784314, 0.101960786, 0.5176471), (0.20784314, 0.101960786, 0.5176471), (0.20784314, 0.101960786, 0.5176471), (0.20784314, 0.101960786, 0.5176471), (0.20784314, 0.101960786, 0.5176471), (0.20784314, 0.101960786, 0.5176471), (0.20784314, 0.101960786, 0.5176471), (0.20784314, 0.101960786, 0.5176471), (0.20784314, 0.101960786, 0.5176471), (0.20784314, 0.101960786, 0.5176471), (0.20784314, 0.101960786, 0.5176471), (0.20784314, 0.101960786, 0.5176471), (0.20784314, 0.101960786, 0.5176471), (0.20784314, 0.101960786, 0.5176471), (0.20784314, 0.101960786, 0.5176471), (0.20784314, 0.101960786, 0.5176471), (0.20784314, 0.101960786, 0.5176471), (0.20784314, 0.101960786, 0.5176471), (0.20784314, 0.101960786, 0.5176471), (0.20784314, 0.101960786, 0.5176471), (0.20784314, 0.101960786, 0.5176471), (0.20784314, 0.101960786, 0.5176471), (0.20784314, 0.101960786, 0.5176471), (0.20784314, 0.101960786, 0.5176471), (0.20784314, 0.101960786, 0.5176471), (0.20784314, 0.101960786, 0.5176471), (0.20784314, 0.101960786, 0.5176471), (0.20784314, 0.101960786, 0.5176471), (0.20784314, 0.101960786, 0.5176471), (0.20784314, 0.101960786, 0.5176471), (0.20784314, 0.101960786, 0.5176471), (0.20784314, 0.101960786, 0.5176471), (0.20784314, 0.101960786, 0.5176471), (0.20784314, 0.101960786, 0.5176471), (0.20784314, 0.101960786, 0.5176471), (0.20784314, 0.101960786, 0.5176471), (0.20784314, 0.101960786, 0.5176471), (0.20784314, 0.101960786, 0.5176471), (0.20784314, 0.101960786, 0.5176471), (0.20784314, 0.101960786, 0.5176471), (0.20784314, 0.101960786, 0.5176471), (0.20784314, 0.101960786, 0.5176471), (0.20784314, 0.101960786, 0.5176471), (0.20784314, 0.101960786, 0.5176471), (0.20784314, 0.101960786, 0.5176471), (0.20784314, 0.101960786, 0.5176471), (0.20784314, 0.101960786, 0.5176471), (0.20784314, 0.101960786, 0.5176471), (0.20784314, 0.101960786, 0.5176471), (0.20784314, 0.101960786, 0.5176471), (0.20784314, 0.101960786, 0.5176471), (0.20784314, 0.101960786, 0.5176471), (0.20784314, 0.101960786, 0.5176471), (0.20784314, 0.101960786, 0.5176471), (0.20784314, 0.101960786, 0.5176471), (0.20784314, 0.101960786, 0.5176471), (0.20784314, 0.101960786, 0.5176471), (0.20784314, 0.101960786, 0.5176471), (0.20784314, 0.101960786, 0.5176471), (0.20784314, 0.101960786, 0.5176471), (0.20784314, 0.101960786, 0.5176471), (0.20784314, 0.101960786, 0.5176471), (0.20784314, 0.101960786, 0.5176471), (0.20784314, 0.101960786, 0.5176471), (0.20784314, 0.101960786, 0.5176471), (0.20784314, 0.101960786, 0.5176471), (0.20784314, 0.101960786, 0.5176471), (0.20784314, 0.101960786, 0.5176471), (0.20784314, 0.101960786, 0.5176471), (0.20784314, 0.101960786, 0.5176471), (0.20784314, 0.101960786, 0.5176471), (0.20784314, 0.101960786, 0.5176471), (0.20784314, 0.101960786, 0.5176471), (0.20784314, 0.101960786, 0.5176471), (0.20784314, 0.101960786, 0.5176471), (0.20784314, 0.101960786, 0.5176471), (0.20784314, 0.101960786, 0.5176471), (0.20784314, 0.101960786, 0.5176471), (0.20784314, 0.101960786, 0.5176471), (0.20784314, 0.101960786, 0.5176471), (0.20784314, 0.101960786, 0.5176471), (0.20784314, 0.101960786, 0.5176471), (0.20784314, 0.101960786, 0.5176471), (0.20784314, 0.101960786, 0.5176471), (0.20784314, 0.101960786, 0.5176471), (0.20784314, 0.101960786, 0.5176471), (0.20784314, 0.101960786, 0.5176471), (0.20784314, 0.101960786, 0.5176471), (0.20784314, 0.101960786, 0.5176471), (0.20784314, 0.101960786, 0.5176471), (0.20784314, 0.101960786, 0.5176471), (0.20784314, 0.101960786, 0.5176471), (0.20784314, 0.101960786, 0.5176471), (0.20784314, 0.101960786, 0.5176471), (0.20784314, 0.101960786, 0.5176471), (0.20784314, 0.101960786, 0.5176471), (0.20784314, 0.101960786, 0.5176471), (0.20784314, 0.101960786, 0.5176471), (0.20784314, 0.101960786, 0.5176471), (0.20784314, 0.101960786, 0.5176471), (0.20784314, 0.101960786, 0.5176471), (0.20784314, 0.101960786, 0.5176471), (0.20784314, 0.101960786, 0.5176471), (0.20784314, 0.101960786, 0.5176471), (0.20784314, 0.101960786, 0.5176471), (0.20784314, 0.101960786, 0.5176471), (0.20784314, 0.101960786, 0.5176471), (0.20784314, 0.101960786, 0.5176471), (0.20784314, 0.101960786, 0.5176471), (0.20784314, 0.101960786, 0.5176471), (0.20784314, 0.101960786, 0.5176471), (0.20784314, 0.101960786, 0.5176471), (0.20784314, 0.101960786, 0.5176471), (0.20784314, 0.101960786, 0.5176471), (0.20784314, 0.101960786, 0.5176471), (0.20784314, 0.101960786, 0.5176471), (0.20784314, 0.101960786, 0.5176471), (0.20784314, 0.101960786, 0.5176471), (0.20784314, 0.101960786, 0.5176471), (0.20784314, 0.101960786, 0.5176471), (0.20784314, 0.101960786, 0.5176471), (0.20784314, 0.101960786, 0.5176471), (0.20784314, 0.101960786, 0.5176471), (0.20784314, 0.101960786, 0.5176471), (0.20784314, 0.101960786, 0.5176471), (0.20784314, 0.101960786, 0.5176471), (0.20784314, 0.101960786, 0.5176471), (0.20784314, 0.101960786, 0.5176471), (0.20784314, 0.101960786, 0.5176471), (0.20784314, 0.101960786, 0.5176471), (0.20784314, 0.101960786, 0.5176471), (0.20784314, 0.101960786, 0.5176471), (0.20784314, 0.101960786, 0.5176471), (0.20784314, 0.101960786, 0.5176471), (0.20784314, 0.101960786, 0.5176471), (0.20784314, 0.101960786, 0.5176471), (0.20784314, 0.101960786, 0.5176471), (0.20784314, 0.101960786, 0.5176471), (0.20784314, 0.101960786, 0.5176471), (0.20784314, 0.101960786, 0.5176471), (0.20784314, 0.101960786, 0.5176471), (0.20784314, 0.101960786, 0.5176471), (0.20784314, 0.101960786, 0.5176471), (0.20784314, 0.101960786, 0.5176471), (0.20784314, 0.101960786, 0.5176471), (0.20784314, 0.101960786, 0.5176471), (0.20784314, 0.101960786, 0.5176471), (0.20784314, 0.101960786, 0.5176471), (0.20784314, 0.101960786, 0.5176471), (0.20784314, 0.101960786, 0.5176471), (0.20784314, 0.101960786, 0.5176471), (0.20784314, 0.101960786, 0.5176471), (0.20784314, 0.101960786, 0.5176471), (0.20784314, 0.101960786, 0.5176471), (0.20784314, 0.101960786, 0.5176471), (0.20784314, 0.101960786, 0.5176471), (0.20784314, 0.101960786, 0.5176471), (0.20784314, 0.101960786, 0.5176471), (0.20784314, 0.101960786, 0.5176471), (0.20784314, 0.101960786, 0.5176471), (0.20784314, 0.101960786, 0.5176471), (0.20784314, 0.101960786, 0.5176471), (0.20784314, 0.101960786, 0.5176471), (0.20784314, 0.101960786, 0.5176471), (0.20784314, 0.101960786, 0.5176471), (0.20784314, 0.101960786, 0.5176471), (0.20784314, 0.101960786, 0.5176471), (0.20784314, 0.101960786, 0.5176471), (0.20784314, 0.101960786, 0.5176471), (0.20784314, 0.101960786, 0.5176471), (0.20784314, 0.101960786, 0.5176471), (0.20784314, 0.101960786, 0.5176471), (0.20784314, 0.101960786, 0.5176471), (0.20784314, 0.101960786, 0.5176471), (0.20784314, 0.101960786, 0.5176471), (0.20784314, 0.101960786, 0.5176471), (0.20784314, 0.101960786, 0.5176471), (0.20784314, 0.101960786, 0.5176471), (0.20784314, 0.101960786, 0.5176471), (0.20784314, 0.101960786, 0.5176471), (0.20784314, 0.101960786, 0.5176471), (0.20784314, 0.101960786, 0.5176471), (0.20784314, 0.101960786, 0.5176471), (0.20784314, 0.101960786, 0.5176471), (0.20784314, 0.101960786, 0.5176471), (0.20784314, 0.101960786, 0.5176471), (0.20784314, 0.101960786, 0.5176471), (0.20784314, 0.101960786, 0.5176471), (0.20784314, 0.101960786, 0.5176471), (0.20784314, 0.101960786, 0.5176471), (0.20784314, 0.101960786, 0.5176471), (0.20784314, 0.101960786, 0.5176471), (0.20784314, 0.101960786, 0.5176471), (0.20784314, 0.101960786, 0.5176471), (0.20784314, 0.101960786, 0.5176471), (0.20784314, 0.101960786, 0.5176471), (0.20784314, 0.101960786, 0.5176471), (0.20784314, 0.101960786, 0.5176471), (0.20784314, 0.101960786, 0.5176471), (0.20784314, 0.101960786, 0.5176471), (0.20784314, 0.101960786, 0.5176471), (0.20784314, 0.101960786, 0.5176471), (0.20784314, 0.101960786, 0.5176471), (0.20784314, 0.101960786, 0.5176471), (0.20784314, 0.101960786, 0.5176471), (0.20784314, 0.101960786, 0.5176471), (0.20784314, 0.101960786, 0.5176471), (0.20784314, 0.101960786, 0.5176471), (0.20784314, 0.101960786, 0.5176471), (0.20784314, 0.101960786, 0.5176471), (0.20784314, 0.101960786, 0.5176471), (0.20784314, 0.101960786, 0.5176471), (0.20784314, 0.101960786, 0.5176471), (0.20784314, 0.101960786, 0.5176471), (0.20784314, 0.101960786, 0.5176471), (0.20784314, 0.101960786, 0.5176471), (0.20784314, 0.101960786, 0.5176471), (0.20784314, 0.101960786, 0.5176471), (0.20784314, 0.101960786, 0.5176471), (0.20784314, 0.101960786, 0.5176471), (0.20784314, 0.101960786, 0.5176471), (0.20784314, 0.101960786, 0.5176471), (0.20784314, 0.101960786, 0.5176471), (0.20784314, 0.101960786, 0.5176471), (0.20784314, 0.101960786, 0.5176471), (0.20784314, 0.101960786, 0.5176471), (0.20784314, 0.101960786, 0.5176471), (0.20784314, 0.101960786, 0.5176471), (0.20784314, 0.101960786, 0.5176471), (0.20784314, 0.101960786, 0.5176471), (0.20784314, 0.101960786, 0.5176471), (0.20784314, 0.101960786, 0.5176471), (0.20784314, 0.101960786, 0.5176471), (0.20784314, 0.101960786, 0.5176471), (0.20784314, 0.101960786, 0.5176471), (0.20784314, 0.101960786, 0.5176471), (0.20784314, 0.101960786, 0.5176471), (0.20784314, 0.101960786, 0.5176471), (0.20784314, 0.101960786, 0.5176471), (0.20784314, 0.101960786, 0.5176471), (0.20784314, 0.101960786, 0.5176471), (0.20784314, 0.101960786, 0.5176471), (0.20784314, 0.101960786, 0.5176471), (0.20784314, 0.101960786, 0.5176471), (0.20784314, 0.101960786, 0.5176471), (0.20784314, 0.101960786, 0.5176471), (0.20784314, 0.101960786, 0.5176471), (0.20784314, 0.101960786, 0.5176471), (0.20784314, 0.101960786, 0.5176471), (0.20784314, 0.101960786, 0.5176471), (0.20784314, 0.101960786, 0.5176471), (0.20784314, 0.101960786, 0.5176471), (0.20784314, 0.101960786, 0.5176471), (0.20784314, 0.101960786, 0.5176471), (0.20784314, 0.101960786, 0.5176471), (0.20784314, 0.101960786, 0.5176471), (0.20784314, 0.101960786, 0.5176471), (0.20784314, 0.101960786, 0.5176471), (0.20784314, 0.101960786, 0.5176471), (0.20784314, 0.101960786, 0.5176471), (0.20784314, 0.101960786, 0.5176471), (0.20784314, 0.101960786, 0.5176471), (0.20784314, 0.101960786, 0.5176471), (0.20784314, 0.101960786, 0.5176471), (0.20784314, 0.101960786, 0.5176471), (0.20784314, 0.101960786, 0.5176471), (0.20784314, 0.101960786, 0.5176471), (0.20784314, 0.101960786, 0.5176471), (0.20784314, 0.101960786, 0.5176471), (0.20784314, 0.101960786, 0.5176471), (0.20784314, 0.101960786, 0.5176471), (0.20784314, 0.101960786, 0.5176471), (0.20784314, 0.101960786, 0.5176471), (0.20784314, 0.101960786, 0.5176471), (0.20784314, 0.101960786, 0.5176471), (0.20784314, 0.101960786, 0.5176471), (0.20784314, 0.101960786, 0.5176471), (0.20784314, 0.101960786, 0.5176471), (0.20784314, 0.101960786, 0.5176471), (0.20784314, 0.101960786, 0.5176471), (0.20784314, 0.101960786, 0.5176471), (0.20784314, 0.101960786, 0.5176471), (0.20784314, 0.101960786, 0.5176471), (0.20784314, 0.101960786, 0.5176471), (0.20784314, 0.101960786, 0.5176471), (0.20784314, 0.101960786, 0.5176471), (0.20784314, 0.101960786, 0.5176471), (0.20784314, 0.101960786, 0.5176471), (0.20784314, 0.101960786, 0.5176471), (0.20784314, 0.101960786, 0.5176471), (0.20784314, 0.101960786, 0.5176471), (0.20784314, 0.101960786, 0.5176471), (0.20784314, 0.101960786, 0.5176471), (0.20784314, 0.101960786, 0.5176471), (0.20784314, 0.101960786, 0.5176471), (0.20784314, 0.101960786, 0.5176471), (0.20784314, 0.101960786, 0.5176471), (0.20784314, 0.101960786, 0.5176471), (0.20784314, 0.101960786, 0.5176471), (0.20784314, 0.101960786, 0.5176471), (0.20784314, 0.101960786, 0.5176471), (0.20784314, 0.101960786, 0.5176471), (0.20784314, 0.101960786, 0.5176471), (0.20784314, 0.101960786, 0.5176471), (0.20784314, 0.101960786, 0.5176471), (0.20784314, 0.101960786, 0.5176471), (0.20784314, 0.101960786, 0.5176471), (0.20784314, 0.101960786, 0.5176471), (0.20784314, 0.101960786, 0.5176471), (0.20784314, 0.101960786, 0.5176471), (0.20784314, 0.101960786, 0.5176471), (0.20784314, 0.101960786, 0.5176471), (0.20784314, 0.101960786, 0.5176471), (0.20784314, 0.101960786, 0.5176471), (0.20784314, 0.101960786, 0.5176471), (0.20784314, 0.101960786, 0.5176471), (0.20784314, 0.101960786, 0.5176471), (0.20784314, 0.101960786, 0.5176471), (0.20784314, 0.101960786, 0.5176471), (0.20784314, 0.101960786, 0.5176471), (0.20784314, 0.101960786, 0.5176471), (0.20784314, 0.101960786, 0.5176471), (0.20784314, 0.101960786, 0.5176471), (0.20784314, 0.101960786, 0.5176471), (0.20784314, 0.101960786, 0.5176471), (0.20784314, 0.101960786, 0.5176471), (0.20784314, 0.101960786, 0.5176471), (0.20784314, 0.101960786, 0.5176471), (0.20784314, 0.101960786, 0.5176471), (0.20784314, 0.101960786, 0.5176471), (0.20784314, 0.101960786, 0.5176471), (0.20784314, 0.101960786, 0.5176471), (0.20784314, 0.101960786, 0.5176471), (0.20784314, 0.101960786, 0.5176471), (0.20784314, 0.101960786, 0.5176471), (0.20784314, 0.101960786, 0.5176471), (0.20784314, 0.101960786, 0.5176471), (0.20784314, 0.101960786, 0.5176471), (0.20784314, 0.101960786, 0.5176471), (0.20784314, 0.101960786, 0.5176471), (0.20784314, 0.101960786, 0.5176471), (0.20784314, 0.101960786, 0.5176471), (0.20784314, 0.101960786, 0.5176471), (0.20784314, 0.101960786, 0.5176471), (0.20784314, 0.101960786, 0.5176471), (0.20784314, 0.101960786, 0.5176471), (0.20784314, 0.101960786, 0.5176471), (0.20784314, 0.101960786, 0.5176471), (0.20784314, 0.101960786, 0.5176471), (0.20784314, 0.101960786, 0.5176471), (0.20784314, 0.101960786, 0.5176471), (0.20784314, 0.101960786, 0.5176471), (0.20784314, 0.101960786, 0.5176471), (0.20784314, 0.101960786, 0.5176471), (0.20784314, 0.101960786, 0.5176471), (0.20784314, 0.101960786, 0.5176471), (0.20784314, 0.101960786, 0.5176471), (0.20784314, 0.101960786, 0.5176471), (0.20784314, 0.101960786, 0.5176471), (0.20784314, 0.101960786, 0.5176471), (0.20784314, 0.101960786, 0.5176471), (0.20784314, 0.101960786, 0.5176471), (0.20784314, 0.101960786, 0.5176471), (0.20784314, 0.101960786, 0.5176471), (0.20784314, 0.101960786, 0.5176471), (0.20784314, 0.101960786, 0.5176471), (0.20784314, 0.101960786, 0.5176471), (0.20784314, 0.101960786, 0.5176471), (0.20784314, 0.101960786, 0.5176471), (0.20784314, 0.101960786, 0.5176471), (0.20784314, 0.101960786, 0.5176471), (0.20784314, 0.101960786, 0.5176471), (0.20784314, 0.101960786, 0.5176471), (0.20784314, 0.101960786, 0.5176471), (0.20784314, 0.101960786, 0.5176471), (0.20784314, 0.101960786, 0.5176471), (0.20784314, 0.101960786, 0.5176471), (0.20784314, 0.101960786, 0.5176471), (0.20784314, 0.101960786, 0.5176471), (0.20784314, 0.101960786, 0.5176471), (0.20784314, 0.101960786, 0.5176471), (0.20784314, 0.101960786, 0.5176471), (0.20784314, 0.101960786, 0.5176471), (0.20784314, 0.101960786, 0.5176471), (0.20784314, 0.101960786, 0.5176471), (0.20784314, 0.101960786, 0.5176471), (0.20784314, 0.101960786, 0.5176471), (0.20784314, 0.101960786, 0.5176471), (0.20784314, 0.101960786, 0.5176471), (0.20784314, 0.101960786, 0.5176471), (0.20784314, 0.101960786, 0.5176471), (0.20784314, 0.101960786, 0.5176471), (0.20784314, 0.101960786, 0.5176471), (0.20784314, 0.101960786, 0.5176471), (0.20784314, 0.101960786, 0.5176471), (0.20784314, 0.101960786, 0.5176471), (0.20784314, 0.101960786, 0.5176471), (0.20784314, 0.101960786, 0.5176471), (0.20784314, 0.101960786, 0.5176471), (0.20784314, 0.101960786, 0.5176471), (0.20784314, 0.101960786, 0.5176471), (0.20784314, 0.101960786, 0.5176471), (0.20784314, 0.101960786, 0.5176471), (0.20784314, 0.101960786, 0.5176471), (0.20784314, 0.101960786, 0.5176471), (0.20784314, 0.101960786, 0.5176471), (0.20784314, 0.101960786, 0.5176471), (0.20784314, 0.101960786, 0.5176471), (0.20784314, 0.101960786, 0.5176471), (0.20784314, 0.101960786, 0.5176471), (0.20784314, 0.101960786, 0.5176471), (0.20784314, 0.101960786, 0.5176471), (0.20784314, 0.101960786, 0.5176471), (0.20784314, 0.101960786, 0.5176471), (0.20784314, 0.101960786, 0.5176471), (0.20784314, 0.101960786, 0.5176471), (0.20784314, 0.101960786, 0.5176471), (0.20784314, 0.101960786, 0.5176471), (0.20784314, 0.101960786, 0.5176471), (0.20784314, 0.101960786, 0.5176471), (0.20784314, 0.101960786, 0.5176471), (0.20784314, 0.101960786, 0.5176471), (0.20784314, 0.101960786, 0.5176471), (0.20784314, 0.101960786, 0.5176471), (0.20784314, 0.101960786, 0.5176471), (0.20784314, 0.101960786, 0.5176471), (0.20784314, 0.101960786, 0.5176471), (0.20784314, 0.101960786, 0.5176471), (0.20784314, 0.101960786, 0.5176471), (0.20784314, 0.101960786, 0.5176471), (0.20784314, 0.101960786, 0.5176471), (0.20784314, 0.101960786, 0.5176471), (0.20784314, 0.101960786, 0.5176471), (0.20784314, 0.101960786, 0.5176471), (0.20784314, 0.101960786, 0.5176471), (0.20784314, 0.101960786, 0.5176471), (0.20784314, 0.101960786, 0.5176471), (0.20784314, 0.101960786, 0.5176471), (0.20784314, 0.101960786, 0.5176471), (0.20784314, 0.101960786, 0.5176471), (0.20784314, 0.101960786, 0.5176471), (0.20784314, 0.101960786, 0.5176471), (0.20784314, 0.101960786, 0.5176471), (0.20784314, 0.101960786, 0.5176471), (0.20784314, 0.101960786, 0.5176471), (0.20784314, 0.101960786, 0.5176471), (0.20784314, 0.101960786, 0.5176471), (0.20784314, 0.101960786, 0.5176471), (0.20784314, 0.101960786, 0.5176471), (0.20784314, 0.101960786, 0.5176471), (0.20784314, 0.101960786, 0.5176471), (0.20784314, 0.101960786, 0.5176471), (0.20784314, 0.101960786, 0.5176471), (0.20784314, 0.101960786, 0.5176471), (0.20784314, 0.101960786, 0.5176471), (0.20784314, 0.101960786, 0.5176471), (0.20784314, 0.101960786, 0.5176471), (0.20784314, 0.101960786, 0.5176471), (0.20784314, 0.101960786, 0.5176471), (0.20784314, 0.101960786, 0.5176471), (0.20784314, 0.101960786, 0.5176471), (0.20784314, 0.101960786, 0.5176471), (0.20784314, 0.101960786, 0.5176471), (0.20784314, 0.101960786, 0.5176471), (0.20784314, 0.101960786, 0.5176471), (0.20784314, 0.101960786, 0.5176471), (0.20784314, 0.101960786, 0.5176471), (0.20784314, 0.101960786, 0.5176471), (0.20784314, 0.101960786, 0.5176471), (0.20784314, 0.101960786, 0.5176471), (0.20784314, 0.101960786, 0.5176471), (0.20784314, 0.101960786, 0.5176471), (0.20784314, 0.101960786, 0.5176471), (0.20784314, 0.101960786, 0.5176471), (0.20784314, 0.101960786, 0.5176471), (0.20784314, 0.101960786, 0.5176471), (0.20784314, 0.101960786, 0.5176471), (0.20784314, 0.101960786, 0.5176471), (0.20784314, 0.101960786, 0.5176471), (0.20784314, 0.101960786, 0.5176471), (0.20784314, 0.101960786, 0.5176471), (0.20784314, 0.101960786, 0.5176471), (0.20784314, 0.101960786, 0.5176471), (0.20784314, 0.101960786, 0.5176471), (0.20784314, 0.101960786, 0.5176471), (0.20784314, 0.101960786, 0.5176471), (0.20784314, 0.101960786, 0.5176471), (0.20784314, 0.101960786, 0.5176471), (0.20784314, 0.101960786, 0.5176471), (0.20784314, 0.101960786, 0.5176471), (0.20784314, 0.101960786, 0.5176471), (0.20784314, 0.101960786, 0.5176471), (0.20784314, 0.101960786, 0.5176471), (0.20784314, 0.101960786, 0.5176471), (0.20784314, 0.101960786, 0.5176471), (0.20784314, 0.101960786, 0.5176471), (0.20784314, 0.101960786, 0.5176471), (0.20784314, 0.101960786, 0.5176471), (0.20784314, 0.101960786, 0.5176471), (0.20784314, 0.101960786, 0.5176471), (0.20784314, 0.101960786, 0.5176471), (0.20784314, 0.101960786, 0.5176471), (0.20784314, 0.101960786, 0.5176471), (0.20784314, 0.101960786, 0.5176471), (0.20784314, 0.101960786, 0.5176471), (0.20784314, 0.101960786, 0.5176471), (0.20784314, 0.101960786, 0.5176471), (0.20784314, 0.101960786, 0.5176471), (0.20784314, 0.101960786, 0.5176471), (0.20784314, 0.101960786, 0.5176471), (0.20784314, 0.101960786, 0.5176471), (0.20784314, 0.101960786, 0.5176471), (0.20784314, 0.101960786, 0.5176471), (0.20784314, 0.101960786, 0.5176471), (0.20784314, 0.101960786, 0.5176471), (0.20784314, 0.101960786, 0.5176471), (0.20784314, 0.101960786, 0.5176471), (0.20784314, 0.101960786, 0.5176471), (0.20784314, 0.101960786, 0.5176471), (0.20784314, 0.101960786, 0.5176471), (0.20784314, 0.101960786, 0.5176471), (0.20784314, 0.101960786, 0.5176471), (0.20784314, 0.101960786, 0.5176471), (0.20784314, 0.101960786, 0.5176471), (0.20784314, 0.101960786, 0.5176471), (0.20784314, 0.101960786, 0.5176471), (0.20784314, 0.101960786, 0.5176471), (0.20784314, 0.101960786, 0.5176471), (0.20784314, 0.101960786, 0.5176471), (0.20784314, 0.101960786, 0.5176471), (0.20784314, 0.101960786, 0.5176471), (0.20784314, 0.101960786, 0.5176471), (0.20784314, 0.101960786, 0.5176471), (0.20784314, 0.101960786, 0.5176471), (0.20784314, 0.101960786, 0.5176471), (0.20784314, 0.101960786, 0.5176471), (0.20784314, 0.101960786, 0.5176471), (0.20784314, 0.101960786, 0.5176471), (0.20784314, 0.101960786, 0.5176471), (0.20784314, 0.101960786, 0.5176471), (0.20784314, 0.101960786, 0.5176471), (0.20784314, 0.101960786, 0.5176471), (0.20784314, 0.101960786, 0.5176471), (0.20784314, 0.101960786, 0.5176471), (0.20784314, 0.101960786, 0.5176471), (0.20784314, 0.101960786, 0.5176471), (0.20784314, 0.101960786, 0.5176471), (0.20784314, 0.101960786, 0.5176471), (0.20784314, 0.101960786, 0.5176471), (0.20784314, 0.101960786, 0.5176471), (0.20784314, 0.101960786, 0.5176471), (0.20784314, 0.101960786, 0.5176471), (0.20784314, 0.101960786, 0.5176471), (0.20784314, 0.101960786, 0.5176471), (0.20784314, 0.101960786, 0.5176471), (0.20784314, 0.101960786, 0.5176471), (0.20784314, 0.101960786, 0.5176471), (0.20784314, 0.101960786, 0.5176471), (0.20784314, 0.101960786, 0.5176471), (0.20784314, 0.101960786, 0.5176471), (0.20784314, 0.101960786, 0.5176471), (0.20784314, 0.101960786, 0.5176471), (0.20784314, 0.101960786, 0.5176471), (0.20784314, 0.101960786, 0.5176471), (0.20784314, 0.101960786, 0.5176471), (0.20784314, 0.101960786, 0.5176471), (0.20784314, 0.101960786, 0.5176471), (0.20784314, 0.101960786, 0.5176471), (0.20784314, 0.101960786, 0.5176471), (0.20784314, 0.101960786, 0.5176471), (0.20784314, 0.101960786, 0.5176471), (0.20784314, 0.101960786, 0.5176471), (0.20784314, 0.101960786, 0.5176471), (0.20784314, 0.101960786, 0.5176471), (0.20784314, 0.101960786, 0.5176471), (0.20784314, 0.101960786, 0.5176471), (0.20784314, 0.101960786, 0.5176471), (0.20784314, 0.101960786, 0.5176471), (0.20784314, 0.101960786, 0.5176471), (0.20784314, 0.101960786, 0.5176471), (0.20784314, 0.101960786, 0.5176471), (0.20784314, 0.101960786, 0.5176471), (0.20784314, 0.101960786, 0.5176471), (0.20784314, 0.101960786, 0.5176471), (0.20784314, 0.101960786, 0.5176471), (0.20784314, 0.101960786, 0.5176471), (0.20784314, 0.101960786, 0.5176471), (0.20784314, 0.101960786, 0.5176471), (0.20784314, 0.101960786, 0.5176471), (0.20784314, 0.101960786, 0.5176471), (0.20784314, 0.101960786, 0.5176471), (0.20784314, 0.101960786, 0.5176471), (0.20784314, 0.101960786, 0.5176471), (0.20784314, 0.101960786, 0.5176471), (0.20784314, 0.101960786, 0.5176471), (0.20784314, 0.101960786, 0.5176471), (0.20784314, 0.101960786, 0.5176471), (0.20784314, 0.101960786, 0.5176471), (0.20784314, 0.101960786, 0.5176471), (0.20784314, 0.101960786, 0.5176471), (0.20784314, 0.101960786, 0.5176471), (0.20784314, 0.101960786, 0.5176471), (0.20784314, 0.101960786, 0.5176471), (0.20784314, 0.101960786, 0.5176471), (0.20784314, 0.101960786, 0.5176471), (0.20784314, 0.101960786, 0.5176471), (0.20784314, 0.101960786, 0.5176471), (0.20784314, 0.101960786, 0.5176471), (0.20784314, 0.101960786, 0.5176471), (0.20784314, 0.101960786, 0.5176471), (0.20784314, 0.101960786, 0.5176471), (0.20784314, 0.101960786, 0.5176471), (0.20784314, 0.101960786, 0.5176471), (0.20784314, 0.101960786, 0.5176471), (0.20784314, 0.101960786, 0.5176471), (0.20784314, 0.101960786, 0.5176471), (0.20784314, 0.101960786, 0.5176471), (0.20784314, 0.101960786, 0.5176471), (0.20784314, 0.101960786, 0.5176471), (0.20784314, 0.101960786, 0.5176471), (0.20784314, 0.101960786, 0.5176471), (0.20784314, 0.101960786, 0.5176471), (0.20784314, 0.101960786, 0.5176471), (0.20784314, 0.101960786, 0.5176471), (0.20784314, 0.101960786, 0.5176471), (0.20784314, 0.101960786, 0.5176471), (0.20784314, 0.101960786, 0.5176471), (0.20784314, 0.101960786, 0.5176471), (0.20784314, 0.101960786, 0.5176471), (0.20784314, 0.101960786, 0.5176471), (0.20784314, 0.101960786, 0.5176471), (0.20784314, 0.101960786, 0.5176471), (0.20784314, 0.101960786, 0.5176471), (0.20784314, 0.101960786, 0.5176471), (0.20784314, 0.101960786, 0.5176471), (0.20784314, 0.101960786, 0.5176471), (0.20784314, 0.101960786, 0.5176471), (0.20784314, 0.101960786, 0.5176471), (0.20784314, 0.101960786, 0.5176471), (0.20784314, 0.101960786, 0.5176471), (0.20784314, 0.101960786, 0.5176471), (0.20784314, 0.101960786, 0.5176471), (0.20784314, 0.101960786, 0.5176471), (0.20784314, 0.101960786, 0.5176471), (0.20784314, 0.101960786, 0.5176471), (0.20784314, 0.101960786, 0.5176471), (0.20784314, 0.101960786, 0.5176471), (0.20784314, 0.101960786, 0.5176471), (0.20784314, 0.101960786, 0.5176471), (0.20784314, 0.101960786, 0.5176471), (0.20784314, 0.101960786, 0.5176471), (0.20784314, 0.101960786, 0.5176471), (0.20784314, 0.101960786, 0.5176471), (0.20784314, 0.101960786, 0.5176471), (0.20784314, 0.101960786, 0.5176471), (0.20784314, 0.101960786, 0.5176471), (0.20784314, 0.101960786, 0.5176471), (0.20784314, 0.101960786, 0.5176471), (0.20784314, 0.101960786, 0.5176471), (0.20784314, 0.101960786, 0.5176471), (0.20784314, 0.101960786, 0.5176471), (0.20784314, 0.101960786, 0.5176471), (0.20784314, 0.101960786, 0.5176471), (0.20784314, 0.101960786, 0.5176471), (0.20784314, 0.101960786, 0.5176471), (0.20784314, 0.101960786, 0.5176471), (0.20784314, 0.101960786, 0.5176471), (0.20784314, 0.101960786, 0.5176471), (0.20784314, 0.101960786, 0.5176471), (0.20784314, 0.101960786, 0.5176471), (0.20784314, 0.101960786, 0.5176471), (0.20784314, 0.101960786, 0.5176471), (0.20784314, 0.101960786, 0.5176471), (0.20784314, 0.101960786, 0.5176471), (0.20784314, 0.101960786, 0.5176471), (0.20784314, 0.101960786, 0.5176471), (0.20784314, 0.101960786, 0.5176471), (0.20784314, 0.101960786, 0.5176471), (0.20784314, 0.101960786, 0.5176471), (0.20784314, 0.101960786, 0.5176471), (0.20784314, 0.101960786, 0.5176471), (0.20784314, 0.101960786, 0.5176471), (0.20784314, 0.101960786, 0.5176471), (0.20784314, 0.101960786, 0.5176471), (0.20784314, 0.101960786, 0.5176471), (0.20784314, 0.101960786, 0.5176471), (0.20784314, 0.101960786, 0.5176471), (0.20784314, 0.101960786, 0.5176471), (0.20784314, 0.101960786, 0.5176471), (0.20784314, 0.101960786, 0.5176471), (0.20784314, 0.101960786, 0.5176471), (0.20784314, 0.101960786, 0.5176471), (0.20784314, 0.101960786, 0.5176471), (0.20784314, 0.101960786, 0.5176471), (0.20784314, 0.101960786, 0.5176471), (0.20784314, 0.101960786, 0.5176471), (0.20784314, 0.101960786, 0.5176471), (0.20784314, 0.101960786, 0.5176471), (0.20784314, 0.101960786, 0.5176471), (0.20784314, 0.101960786, 0.5176471), (0.20784314, 0.101960786, 0.5176471), (0.20784314, 0.101960786, 0.5176471), (0.20784314, 0.101960786, 0.5176471), (0.20784314, 0.101960786, 0.5176471), (0.20784314, 0.101960786, 0.5176471), (0.20784314, 0.101960786, 0.5176471), (0.20784314, 0.101960786, 0.5176471), (0.20784314, 0.101960786, 0.5176471), (0.20784314, 0.101960786, 0.5176471), (0.20784314, 0.101960786, 0.5176471), (0.20784314, 0.101960786, 0.5176471), (0.20784314, 0.101960786, 0.5176471), (0.20784314, 0.101960786, 0.5176471), (0.20784314, 0.101960786, 0.5176471), (0.20784314, 0.101960786, 0.5176471), (0.20784314, 0.101960786, 0.5176471), (0.20784314, 0.101960786, 0.5176471), (0.20784314, 0.101960786, 0.5176471), (0.20784314, 0.101960786, 0.5176471), (0.20784314, 0.101960786, 0.5176471), (0.20784314, 0.101960786, 0.5176471), (0.20784314, 0.101960786, 0.5176471), (0.20784314, 0.101960786, 0.5176471), (0.20784314, 0.101960786, 0.5176471), (0.20784314, 0.101960786, 0.5176471), (0.20784314, 0.101960786, 0.5176471), (0.20784314, 0.101960786, 0.5176471), (0.20784314, 0.101960786, 0.5176471), (0.20784314, 0.101960786, 0.5176471), (0.20784314, 0.101960786, 0.5176471), (0.20784314, 0.101960786, 0.5176471), (0.20784314, 0.101960786, 0.5176471), (0.20784314, 0.101960786, 0.5176471), (0.20784314, 0.101960786, 0.5176471), (0.20784314, 0.101960786, 0.5176471), (0.20784314, 0.101960786, 0.5176471), (0.20784314, 0.101960786, 0.5176471), (0.20784314, 0.101960786, 0.5176471), (0.20784314, 0.101960786, 0.5176471), (0.20784314, 0.101960786, 0.5176471), (0.20784314, 0.101960786, 0.5176471), (0.20784314, 0.101960786, 0.5176471), (0.20784314, 0.101960786, 0.5176471), (0.20784314, 0.101960786, 0.5176471), (0.20784314, 0.101960786, 0.5176471), (0.20784314, 0.101960786, 0.5176471), (0.20784314, 0.101960786, 0.5176471), (0.20784314, 0.101960786, 0.5176471), (0.20784314, 0.101960786, 0.5176471), (0.20784314, 0.101960786, 0.5176471), (0.20784314, 0.101960786, 0.5176471), (0.20784314, 0.101960786, 0.5176471), (0.20784314, 0.101960786, 0.5176471), (0.20784314, 0.101960786, 0.5176471), (0.20784314, 0.101960786, 0.5176471), (0.20784314, 0.101960786, 0.5176471), (0.20784314, 0.101960786, 0.5176471), (0.20784314, 0.101960786, 0.5176471), (0.20784314, 0.101960786, 0.5176471), (0.20784314, 0.101960786, 0.5176471), (0.20784314, 0.101960786, 0.5176471), (0.20784314, 0.101960786, 0.5176471), (0.20784314, 0.101960786, 0.5176471), (0.20784314, 0.101960786, 0.5176471), (0.20784314, 0.101960786, 0.5176471), (0.20784314, 0.101960786, 0.5176471), (0.20784314, 0.101960786, 0.5176471), (0.20784314, 0.101960786, 0.5176471), (0.20784314, 0.101960786, 0.5176471), (0.20784314, 0.101960786, 0.5176471), (0.20784314, 0.101960786, 0.5176471), (0.20784314, 0.101960786, 0.5176471), (0.20784314, 0.101960786, 0.5176471), (0.20784314, 0.101960786, 0.5176471), (0.20784314, 0.101960786, 0.5176471), (0.20784314, 0.101960786, 0.5176471), (0.20784314, 0.101960786, 0.5176471), (0.20784314, 0.101960786, 0.5176471), (0.20784314, 0.101960786, 0.5176471), (0.20784314, 0.101960786, 0.5176471), (0.20784314, 0.101960786, 0.5176471), (0.20784314, 0.101960786, 0.5176471), (0.20784314, 0.101960786, 0.5176471), (0.20784314, 0.101960786, 0.5176471), (0.20784314, 0.101960786, 0.5176471), (0.20784314, 0.101960786, 0.5176471), (0.20784314, 0.101960786, 0.5176471), (0.20784314, 0.101960786, 0.5176471), (0.20784314, 0.101960786, 0.5176471), (0.20784314, 0.101960786, 0.5176471), (0.20784314, 0.101960786, 0.5176471), (0.20784314, 0.101960786, 0.5176471), (0.20784314, 0.101960786, 0.5176471), (0.20784314, 0.101960786, 0.5176471), (0.20784314, 0.101960786, 0.5176471), (0.20784314, 0.101960786, 0.5176471), (0.20784314, 0.101960786, 0.5176471), (0.20784314, 0.101960786, 0.5176471), (0.20784314, 0.101960786, 0.5176471), (0.20784314, 0.101960786, 0.5176471), (0.20784314, 0.101960786, 0.5176471), (0.20784314, 0.101960786, 0.5176471), (0.20784314, 0.101960786, 0.5176471), (0.20784314, 0.101960786, 0.5176471), (0.20784314, 0.101960786, 0.5176471), (0.20784314, 0.101960786, 0.5176471), (0.20784314, 0.101960786, 0.5176471), (0.20784314, 0.101960786, 0.5176471), (0.20784314, 0.101960786, 0.5176471), (0.20784314, 0.101960786, 0.5176471), (0.20784314, 0.101960786, 0.5176471), (0.20784314, 0.101960786, 0.5176471), (0.20784314, 0.101960786, 0.5176471), (0.20784314, 0.101960786, 0.5176471), (0.20784314, 0.101960786, 0.5176471), (0.20784314, 0.101960786, 0.5176471), (0.20784314, 0.101960786, 0.5176471), (0.20784314, 0.101960786, 0.5176471), (0.20784314, 0.101960786, 0.5176471), (0.20784314, 0.101960786, 0.5176471), (0.20784314, 0.101960786, 0.5176471), (0.20784314, 0.101960786, 0.5176471), (0.20784314, 0.101960786, 0.5176471), (0.20784314, 0.101960786, 0.5176471), (0.20784314, 0.101960786, 0.5176471), (0.20784314, 0.101960786, 0.5176471), (0.20784314, 0.101960786, 0.5176471), (0.20784314, 0.101960786, 0.5176471), (0.20784314, 0.101960786, 0.5176471), (0.20784314, 0.101960786, 0.5176471), (0.20784314, 0.101960786, 0.5176471), (0.20784314, 0.101960786, 0.5176471), (0.20784314, 0.101960786, 0.5176471), (0.20784314, 0.101960786, 0.5176471), (0.20784314, 0.101960786, 0.5176471), (0.20784314, 0.101960786, 0.5176471), (0.20784314, 0.101960786, 0.5176471), (0.20784314, 0.101960786, 0.5176471), (0.20784314, 0.101960786, 0.5176471), (0.20784314, 0.101960786, 0.5176471), (0.20784314, 0.101960786, 0.5176471), (0.20784314, 0.101960786, 0.5176471), (0.20784314, 0.101960786, 0.5176471), (0.20784314, 0.101960786, 0.5176471), (0.20784314, 0.101960786, 0.5176471), (0.20784314, 0.101960786, 0.5176471), (0.20784314, 0.101960786, 0.5176471), (0.20784314, 0.101960786, 0.5176471), (0.20784314, 0.101960786, 0.5176471), (0.20784314, 0.101960786, 0.5176471), (0.20784314, 0.101960786, 0.5176471), (0.20784314, 0.101960786, 0.5176471), (0.20784314, 0.101960786, 0.5176471), (0.20784314, 0.101960786, 0.5176471), (0.20784314, 0.101960786, 0.5176471), (0.20784314, 0.101960786, 0.5176471), (0.20784314, 0.101960786, 0.5176471), (0.20784314, 0.101960786, 0.5176471), (0.20784314, 0.101960786, 0.5176471), (0.20784314, 0.101960786, 0.5176471), (0.20784314, 0.101960786, 0.5176471), (0.20784314, 0.101960786, 0.5176471), (0.20784314, 0.101960786, 0.5176471), (0.20784314, 0.101960786, 0.5176471), (0.20784314, 0.101960786, 0.5176471), (0.20784314, 0.101960786, 0.5176471), (0.20784314, 0.101960786, 0.5176471), (0.20784314, 0.101960786, 0.5176471), (0.20784314, 0.101960786, 0.5176471), (0.20784314, 0.101960786, 0.5176471), (0.20784314, 0.101960786, 0.5176471), (0.20784314, 0.101960786, 0.5176471), (0.20784314, 0.101960786, 0.5176471), (0.20784314, 0.101960786, 0.5176471), (0.20784314, 0.101960786, 0.5176471), (0.20784314, 0.101960786, 0.5176471), (0.20784314, 0.101960786, 0.5176471), (0.20784314, 0.101960786, 0.5176471), (0.20784314, 0.101960786, 0.5176471), (0.20784314, 0.101960786, 0.5176471), (0.20784314, 0.101960786, 0.5176471), (0.20784314, 0.101960786, 0.5176471), (0.20784314, 0.101960786, 0.5176471), (0.20784314, 0.101960786, 0.5176471), (0.20784314, 0.101960786, 0.5176471), (0.20784314, 0.101960786, 0.5176471), (0.20784314, 0.101960786, 0.5176471), (0.20784314, 0.101960786, 0.5176471), (0.20784314, 0.101960786, 0.5176471), (0.20784314, 0.101960786, 0.5176471), (0.20784314, 0.101960786, 0.5176471), (0.20784314, 0.101960786, 0.5176471), (0.20784314, 0.101960786, 0.5176471), (0.20784314, 0.101960786, 0.5176471), (0.20784314, 0.101960786, 0.5176471), (0.20784314, 0.101960786, 0.5176471), (0.20784314, 0.101960786, 0.5176471), (0.20784314, 0.101960786, 0.5176471), (0.20784314, 0.101960786, 0.5176471), (0.20784314, 0.101960786, 0.5176471), (0.20784314, 0.101960786, 0.5176471), (0.20784314, 0.101960786, 0.5176471), (0.20784314, 0.101960786, 0.5176471), (0.20784314, 0.101960786, 0.5176471), (0.20784314, 0.101960786, 0.5176471), (0.20784314, 0.101960786, 0.5176471), (0.20784314, 0.101960786, 0.5176471), (0.20784314, 0.101960786, 0.5176471), (0.20784314, 0.101960786, 0.5176471), (0.20784314, 0.101960786, 0.5176471), (0.20784314, 0.101960786, 0.5176471), (0.20784314, 0.101960786, 0.5176471), (0.20784314, 0.101960786, 0.5176471), (0.20784314, 0.101960786, 0.5176471), (0.20784314, 0.101960786, 0.5176471), (0.20784314, 0.101960786, 0.5176471), (0.20784314, 0.101960786, 0.5176471), (0.20784314, 0.101960786, 0.5176471), (0.20784314, 0.101960786, 0.5176471), (0.20784314, 0.101960786, 0.5176471), (0.20784314, 0.101960786, 0.5176471), (0.20784314, 0.101960786, 0.5176471), (0.20784314, 0.101960786, 0.5176471), (0.20784314, 0.101960786, 0.5176471), (0.20784314, 0.101960786, 0.5176471), (0.20784314, 0.101960786, 0.5176471), (0.20784314, 0.101960786, 0.5176471), (0.20784314, 0.101960786, 0.5176471), (0.20784314, 0.101960786, 0.5176471), (0.20784314, 0.101960786, 0.5176471), (0.20784314, 0.101960786, 0.5176471), (0.20784314, 0.101960786, 0.5176471), (0.20784314, 0.101960786, 0.5176471), (0.20784314, 0.101960786, 0.5176471), (0.20784314, 0.101960786, 0.5176471), (0.20784314, 0.101960786, 0.5176471), (0.20784314, 0.101960786, 0.5176471), (0.20784314, 0.101960786, 0.5176471), (0.20784314, 0.101960786, 0.5176471), (0.20784314, 0.101960786, 0.5176471), (0.20784314, 0.101960786, 0.5176471), (0.20784314, 0.101960786, 0.5176471), (0.20784314, 0.101960786, 0.5176471), (0.20784314, 0.101960786, 0.5176471), (0.20784314, 0.101960786, 0.5176471), (0.20784314, 0.101960786, 0.5176471), (0.20784314, 0.101960786, 0.5176471), (0.20784314, 0.101960786, 0.5176471), (0.20784314, 0.101960786, 0.5176471), (0.20784314, 0.101960786, 0.5176471), (0.20784314, 0.101960786, 0.5176471), (0.20784314, 0.101960786, 0.5176471), (0.20784314, 0.101960786, 0.5176471), (0.20784314, 0.101960786, 0.5176471), (0.20784314, 0.101960786, 0.5176471), (0.20784314, 0.101960786, 0.5176471), (0.20784314, 0.101960786, 0.5176471), (0.20784314, 0.101960786, 0.5176471), (0.20784314, 0.101960786, 0.5176471), (0.20784314, 0.101960786, 0.5176471), (0.20784314, 0.101960786, 0.5176471), (0.20784314, 0.101960786, 0.5176471), (0.20784314, 0.101960786, 0.5176471), (0.20784314, 0.101960786, 0.5176471), (0.20784314, 0.101960786, 0.5176471), (0.20784314, 0.101960786, 0.5176471), (0.20784314, 0.101960786, 0.5176471), (0.20784314, 0.101960786, 0.5176471), (0.20784314, 0.101960786, 0.5176471), (0.20784314, 0.101960786, 0.5176471), (0.20784314, 0.101960786, 0.5176471), (0.20784314, 0.101960786, 0.5176471), (0.20784314, 0.101960786, 0.5176471), (0.20784314, 0.101960786, 0.5176471), (0.20784314, 0.101960786, 0.5176471), (0.20784314, 0.101960786, 0.5176471), (0.20784314, 0.101960786, 0.5176471), (0.20784314, 0.101960786, 0.5176471), (0.20784314, 0.101960786, 0.5176471), (0.20784314, 0.101960786, 0.5176471), (0.20784314, 0.101960786, 0.5176471), (0.20784314, 0.101960786, 0.5176471), (0.20784314, 0.101960786, 0.5176471), (0.20784314, 0.101960786, 0.5176471), (0.20784314, 0.101960786, 0.5176471), (0.20784314, 0.101960786, 0.5176471), (0.20784314, 0.101960786, 0.5176471), (0.20784314, 0.101960786, 0.5176471), (0.20784314, 0.101960786, 0.5176471), (0.20784314, 0.101960786, 0.5176471), (0.20784314, 0.101960786, 0.5176471), (0.20784314, 0.101960786, 0.5176471), (0.20784314, 0.101960786, 0.5176471), (0.20784314, 0.101960786, 0.5176471), (0.20784314, 0.101960786, 0.5176471), (0.20784314, 0.101960786, 0.5176471), (0.20784314, 0.101960786, 0.5176471), (0.20784314, 0.101960786, 0.5176471), (0.20784314, 0.101960786, 0.5176471), (0.20784314, 0.101960786, 0.5176471), (0.20784314, 0.101960786, 0.5176471), (0.20784314, 0.101960786, 0.5176471), (0.20784314, 0.101960786, 0.5176471), (0.20784314, 0.101960786, 0.5176471), (0.20784314, 0.101960786, 0.5176471), (0.20784314, 0.101960786, 0.5176471), (0.20784314, 0.101960786, 0.5176471), (0.20784314, 0.101960786, 0.5176471), (0.20784314, 0.101960786, 0.5176471), (0.20784314, 0.101960786, 0.5176471), (0.20784314, 0.101960786, 0.5176471), (0.20784314, 0.101960786, 0.5176471), (0.20784314, 0.101960786, 0.5176471), (0.20784314, 0.101960786, 0.5176471), (0.20784314, 0.101960786, 0.5176471), (0.20784314, 0.101960786, 0.5176471), (0.20784314, 0.101960786, 0.5176471), (0.20784314, 0.101960786, 0.5176471), (0.20784314, 0.101960786, 0.5176471), (0.20784314, 0.101960786, 0.5176471), (0.20784314, 0.101960786, 0.5176471), (0.20784314, 0.101960786, 0.5176471), (0.20784314, 0.101960786, 0.5176471), (0.20784314, 0.101960786, 0.5176471), (0.20784314, 0.101960786, 0.5176471), (0.20784314, 0.101960786, 0.5176471), (0.20784314, 0.101960786, 0.5176471), (0.20784314, 0.101960786, 0.5176471), (0.20784314, 0.101960786, 0.5176471), (0.20784314, 0.101960786, 0.5176471), (0.20784314, 0.101960786, 0.5176471), (0.20784314, 0.101960786, 0.5176471), (0.20784314, 0.101960786, 0.5176471), (0.20784314, 0.101960786, 0.5176471), (0.20784314, 0.101960786, 0.5176471), (0.20784314, 0.101960786, 0.5176471), (0.20784314, 0.101960786, 0.5176471), (0.20784314, 0.101960786, 0.5176471), (0.20784314, 0.101960786, 0.5176471), (0.20784314, 0.101960786, 0.5176471), (0.20784314, 0.101960786, 0.5176471), (0.20784314, 0.101960786, 0.5176471), (0.20784314, 0.101960786, 0.5176471), (0.20784314, 0.101960786, 0.5176471), (0.20784314, 0.101960786, 0.5176471), (0.20784314, 0.101960786, 0.5176471), (0.20784314, 0.101960786, 0.5176471), (0.20784314, 0.101960786, 0.5176471), (0.20784314, 0.101960786, 0.5176471), (0.20784314, 0.101960786, 0.5176471), (0.20784314, 0.101960786, 0.5176471), (0.20784314, 0.101960786, 0.5176471), (0.20784314, 0.101960786, 0.5176471), (0.20784314, 0.101960786, 0.5176471), (0.20784314, 0.101960786, 0.5176471), (0.20784314, 0.101960786, 0.5176471), (0.20784314, 0.101960786, 0.5176471), (0.20784314, 0.101960786, 0.5176471), (0.20784314, 0.101960786, 0.5176471), (0.20784314, 0.101960786, 0.5176471), (0.20784314, 0.101960786, 0.5176471), (0.20784314, 0.101960786, 0.5176471), (0.20784314, 0.101960786, 0.5176471), (0.20784314, 0.101960786, 0.5176471), (0.20784314, 0.101960786, 0.5176471), (0.20784314, 0.101960786, 0.5176471), (0.20784314, 0.101960786, 0.5176471), (0.20784314, 0.101960786, 0.5176471), (0.20784314, 0.101960786, 0.5176471), (0.20784314, 0.101960786, 0.5176471), (0.20784314, 0.101960786, 0.5176471), (0.20784314, 0.101960786, 0.5176471), (0.20784314, 0.101960786, 0.5176471), (0.20784314, 0.101960786, 0.5176471), (0.20784314, 0.101960786, 0.5176471), (0.20784314, 0.101960786, 0.5176471), (0.20784314, 0.101960786, 0.5176471), (0.20784314, 0.101960786, 0.5176471), (0.20784314, 0.101960786, 0.5176471), (0.20784314, 0.101960786, 0.5176471), (0.20784314, 0.101960786, 0.5176471), (0.20784314, 0.101960786, 0.5176471), (0.20784314, 0.101960786, 0.5176471), (0.20784314, 0.101960786, 0.5176471), (0.20784314, 0.101960786, 0.5176471), (0.20784314, 0.101960786, 0.5176471), (0.20784314, 0.101960786, 0.5176471), (0.20784314, 0.101960786, 0.5176471), (0.20784314, 0.101960786, 0.5176471), (0.20784314, 0.101960786, 0.5176471), (0.20784314, 0.101960786, 0.5176471), (0.20784314, 0.101960786, 0.5176471), (0.20784314, 0.101960786, 0.5176471), (0.20784314, 0.101960786, 0.5176471), (0.20784314, 0.101960786, 0.5176471), (0.20784314, 0.101960786, 0.5176471), (0.20784314, 0.101960786, 0.5176471), (0.20784314, 0.101960786, 0.5176471), (0.20784314, 0.101960786, 0.5176471), (0.20784314, 0.101960786, 0.5176471), (0.20784314, 0.101960786, 0.5176471), (0.20784314, 0.101960786, 0.5176471), (0.20784314, 0.101960786, 0.5176471), (0.20784314, 0.101960786, 0.5176471), (0.20784314, 0.101960786, 0.5176471), (0.20784314, 0.101960786, 0.5176471), (0.20784314, 0.101960786, 0.5176471), (0.20784314, 0.101960786, 0.5176471), (0.20784314, 0.101960786, 0.5176471), (0.20784314, 0.101960786, 0.5176471), (0.20784314, 0.101960786, 0.5176471), (0.20784314, 0.101960786, 0.5176471), (0.20784314, 0.101960786, 0.5176471), (0.20784314, 0.101960786, 0.5176471), (0.20784314, 0.101960786, 0.5176471), (0.20784314, 0.101960786, 0.5176471), (0.20784314, 0.101960786, 0.5176471), (0.20784314, 0.101960786, 0.5176471), (0.20784314, 0.101960786, 0.5176471), (0.20784314, 0.101960786, 0.5176471), (0.20784314, 0.101960786, 0.5176471), (0.20784314, 0.101960786, 0.5176471), (0.20784314, 0.101960786, 0.5176471), (0.20784314, 0.101960786, 0.5176471), (0.20784314, 0.101960786, 0.5176471), (0.20784314, 0.101960786, 0.5176471), (0.20784314, 0.101960786, 0.5176471), (0.20784314, 0.101960786, 0.5176471), (0.20784314, 0.101960786, 0.5176471), (0.20784314, 0.101960786, 0.5176471), (0.20784314, 0.101960786, 0.5176471), (0.20784314, 0.101960786, 0.5176471), (0.20784314, 0.101960786, 0.5176471), (0.20784314, 0.101960786, 0.5176471), (0.20784314, 0.101960786, 0.5176471), (0.20784314, 0.101960786, 0.5176471), (0.20784314, 0.101960786, 0.5176471), (0.20784314, 0.101960786, 0.5176471), (0.20784314, 0.101960786, 0.5176471), (0.20784314, 0.101960786, 0.5176471), (0.20784314, 0.101960786, 0.5176471), (0.20784314, 0.101960786, 0.5176471), (0.20784314, 0.101960786, 0.5176471), (0.20784314, 0.101960786, 0.5176471), (0.20784314, 0.101960786, 0.5176471), (0.20784314, 0.101960786, 0.5176471), (0.20784314, 0.101960786, 0.5176471), (0.20784314, 0.101960786, 0.5176471), (0.20784314, 0.101960786, 0.5176471), (0.20784314, 0.101960786, 0.5176471), (0.20784314, 0.101960786, 0.5176471), (0.20784314, 0.101960786, 0.5176471), (0.20784314, 0.101960786, 0.5176471), (0.20784314, 0.101960786, 0.5176471), (0.20784314, 0.101960786, 0.5176471), (0.20784314, 0.101960786, 0.5176471), (0.20784314, 0.101960786, 0.5176471), (0.20784314, 0.101960786, 0.5176471), (0.20784314, 0.101960786, 0.5176471), (0.20784314, 0.101960786, 0.5176471), (0.20784314, 0.101960786, 0.5176471), (0.20784314, 0.101960786, 0.5176471), (0.20784314, 0.101960786, 0.5176471), (0.20784314, 0.101960786, 0.5176471), (0.20784314, 0.101960786, 0.5176471), (0.20784314, 0.101960786, 0.5176471), (0.20784314, 0.101960786, 0.5176471), (0.20784314, 0.101960786, 0.5176471), (0.20784314, 0.101960786, 0.5176471), (0.20784314, 0.101960786, 0.5176471), (0.20784314, 0.101960786, 0.5176471), (0.20784314, 0.101960786, 0.5176471), (0.20784314, 0.101960786, 0.5176471), (0.20784314, 0.101960786, 0.5176471), (0.20784314, 0.101960786, 0.5176471), (0.20784314, 0.101960786, 0.5176471), (0.20784314, 0.101960786, 0.5176471), (0.20784314, 0.101960786, 0.5176471), (0.20784314, 0.101960786, 0.5176471), (0.20784314, 0.101960786, 0.5176471), (0.20784314, 0.101960786, 0.5176471), (0.20784314, 0.101960786, 0.5176471), (0.20784314, 0.101960786, 0.5176471), (0.20784314, 0.101960786, 0.5176471), (0.20784314, 0.101960786, 0.5176471), (0.20784314, 0.101960786, 0.5176471), (0.20784314, 0.101960786, 0.5176471), (0.20784314, 0.101960786, 0.5176471), (0.20784314, 0.101960786, 0.5176471), (0.20784314, 0.101960786, 0.5176471), (0.20784314, 0.101960786, 0.5176471), (0.20784314, 0.101960786, 0.5176471), (0.20784314, 0.101960786, 0.5176471), (0.20784314, 0.101960786, 0.5176471), (0.20784314, 0.101960786, 0.5176471), (0.20784314, 0.101960786, 0.5176471), (0.20784314, 0.101960786, 0.5176471), (0.20784314, 0.101960786, 0.5176471), (0.20784314, 0.101960786, 0.5176471), (0.20784314, 0.101960786, 0.5176471), (0.20784314, 0.101960786, 0.5176471), (0.20784314, 0.101960786, 0.5176471), (0.20784314, 0.101960786, 0.5176471), (0.20784314, 0.101960786, 0.5176471), (0.20784314, 0.101960786, 0.5176471), (0.20784314, 0.101960786, 0.5176471), (0.20784314, 0.101960786, 0.5176471), (0.20784314, 0.101960786, 0.5176471), (0.20784314, 0.101960786, 0.5176471), (0.20784314, 0.101960786, 0.5176471), (0.20784314, 0.101960786, 0.5176471), (0.20784314, 0.101960786, 0.5176471), (0.20784314, 0.101960786, 0.5176471), (0.20784314, 0.101960786, 0.5176471), (0.20784314, 0.101960786, 0.5176471), (0.20784314, 0.101960786, 0.5176471), (0.20784314, 0.101960786, 0.5176471), (0.20784314, 0.101960786, 0.5176471), (0.20784314, 0.101960786, 0.5176471), (0.20784314, 0.101960786, 0.5176471), (0.20784314, 0.101960786, 0.5176471), (0.20784314, 0.101960786, 0.5176471), (0.20784314, 0.101960786, 0.5176471), (0.20784314, 0.101960786, 0.5176471), (0.20784314, 0.101960786, 0.5176471), (0.20784314, 0.101960786, 0.5176471), (0.20784314, 0.101960786, 0.5176471), (0.20784314, 0.101960786, 0.5176471), (0.20784314, 0.101960786, 0.5176471), (0.20784314, 0.101960786, 0.5176471), (0.20784314, 0.101960786, 0.5176471), (0.20784314, 0.101960786, 0.5176471), (0.20784314, 0.101960786, 0.5176471), (0.20784314, 0.101960786, 0.5176471), (0.20784314, 0.101960786, 0.5176471), (0.20784314, 0.101960786, 0.5176471), (0.20784314, 0.101960786, 0.5176471), (0.20784314, 0.101960786, 0.5176471), (0.20784314, 0.101960786, 0.5176471), (0.20784314, 0.101960786, 0.5176471), (0.20784314, 0.101960786, 0.5176471), (0.20784314, 0.101960786, 0.5176471), (0.20784314, 0.101960786, 0.5176471), (0.20784314, 0.101960786, 0.5176471), (0.20784314, 0.101960786, 0.5176471), (0.20784314, 0.101960786, 0.5176471), (0.20784314, 0.101960786, 0.5176471), (0.20784314, 0.101960786, 0.5176471), (0.20784314, 0.101960786, 0.5176471), (0.20784314, 0.101960786, 0.5176471), (0.20784314, 0.101960786, 0.5176471), (0.20784314, 0.101960786, 0.5176471), (0.20784314, 0.101960786, 0.5176471), (0.20784314, 0.101960786, 0.5176471), (0.20784314, 0.101960786, 0.5176471), (0.20784314, 0.101960786, 0.5176471), (0.20784314, 0.101960786, 0.5176471), (0.20784314, 0.101960786, 0.5176471), (0.20784314, 0.101960786, 0.5176471), (0.20784314, 0.101960786, 0.5176471), (0.20784314, 0.101960786, 0.5176471), (0.20784314, 0.101960786, 0.5176471), (0.20784314, 0.101960786, 0.5176471), (0.20784314, 0.101960786, 0.5176471), (0.20784314, 0.101960786, 0.5176471), (0.20784314, 0.101960786, 0.5176471), (0.20784314, 0.101960786, 0.5176471), (0.20784314, 0.101960786, 0.5176471), (0.20784314, 0.101960786, 0.5176471), (0.20784314, 0.101960786, 0.5176471), (0.20784314, 0.101960786, 0.5176471), (0.20784314, 0.101960786, 0.5176471), (0.20784314, 0.101960786, 0.5176471), (0.20784314, 0.101960786, 0.5176471), (0.20784314, 0.101960786, 0.5176471), (0.20784314, 0.101960786, 0.5176471), (0.20784314, 0.101960786, 0.5176471), (0.20784314, 0.101960786, 0.5176471), (0.20784314, 0.101960786, 0.5176471), (0.20784314, 0.101960786, 0.5176471), (0.20784314, 0.101960786, 0.5176471), (0.20784314, 0.101960786, 0.5176471), (0.20784314, 0.101960786, 0.5176471), (0.20784314, 0.101960786, 0.5176471), (0.20784314, 0.101960786, 0.5176471), (0.20784314, 0.101960786, 0.5176471), (0.20784314, 0.101960786, 0.5176471), (0.20784314, 0.101960786, 0.5176471), (0.20784314, 0.101960786, 0.5176471), (0.20784314, 0.101960786, 0.5176471), (0.20784314, 0.101960786, 0.5176471), (0.20784314, 0.101960786, 0.5176471), (0.20784314, 0.101960786, 0.5176471), (0.20784314, 0.101960786, 0.5176471), (0.20784314, 0.101960786, 0.5176471), (0.20784314, 0.101960786, 0.5176471), (0.20784314, 0.101960786, 0.5176471), (0.20784314, 0.101960786, 0.5176471), (0.20784314, 0.101960786, 0.5176471), (0.20784314, 0.101960786, 0.5176471), (0.20784314, 0.101960786, 0.5176471), (0.20784314, 0.101960786, 0.5176471), (0.20784314, 0.101960786, 0.5176471), (0.20784314, 0.101960786, 0.5176471), (0.20784314, 0.101960786, 0.5176471), (0.20784314, 0.101960786, 0.5176471), (0.20784314, 0.101960786, 0.5176471), (0.20784314, 0.101960786, 0.5176471), (0.20784314, 0.101960786, 0.5176471), (0.20784314, 0.101960786, 0.5176471), (0.20784314, 0.101960786, 0.5176471), (0.20784314, 0.101960786, 0.5176471), (0.20784314, 0.101960786, 0.5176471), (0.20784314, 0.101960786, 0.5176471), (0.20784314, 0.101960786, 0.5176471), (0.20784314, 0.101960786, 0.5176471), (0.20784314, 0.101960786, 0.5176471), (0.20784314, 0.101960786, 0.5176471), (0.20784314, 0.101960786, 0.5176471), (0.20784314, 0.101960786, 0.5176471), (0.20784314, 0.101960786, 0.5176471), (0.20784314, 0.101960786, 0.5176471), (0.20784314, 0.101960786, 0.5176471), (0.20784314, 0.101960786, 0.5176471), (0.20784314, 0.101960786, 0.5176471), (0.20784314, 0.101960786, 0.5176471), (0.20784314, 0.101960786, 0.5176471), (0.20784314, 0.101960786, 0.5176471), (0.20784314, 0.101960786, 0.5176471), (0.20784314, 0.101960786, 0.5176471), (0.20784314, 0.101960786, 0.5176471), (0.20784314, 0.101960786, 0.5176471), (0.20784314, 0.101960786, 0.5176471), (0.20784314, 0.101960786, 0.5176471), (0.20784314, 0.101960786, 0.5176471), (0.20784314, 0.101960786, 0.5176471), (0.20784314, 0.101960786, 0.5176471), (0.20784314, 0.101960786, 0.5176471), (0.20784314, 0.101960786, 0.5176471), (0.20784314, 0.101960786, 0.5176471), (0.20784314, 0.101960786, 0.5176471), (0.20784314, 0.101960786, 0.5176471), (0.20784314, 0.101960786, 0.5176471), (0.20784314, 0.101960786, 0.5176471), (0.20784314, 0.101960786, 0.5176471), (0.20784314, 0.101960786, 0.5176471), (0.20784314, 0.101960786, 0.5176471), (0.20784314, 0.101960786, 0.5176471), (0.20784314, 0.101960786, 0.5176471), (0.20784314, 0.101960786, 0.5176471), (0.20784314, 0.101960786, 0.5176471), (0.20784314, 0.101960786, 0.5176471), (0.20784314, 0.101960786, 0.5176471), (0.20784314, 0.101960786, 0.5176471), (0.20784314, 0.101960786, 0.5176471), (0.20784314, 0.101960786, 0.5176471), (0.20784314, 0.101960786, 0.5176471), (0.20784314, 0.101960786, 0.5176471), (0.20784314, 0.101960786, 0.5176471), (0.20784314, 0.101960786, 0.5176471), (0.20784314, 0.101960786, 0.5176471), (0.20784314, 0.101960786, 0.5176471), (0.20784314, 0.101960786, 0.5176471), (0.20784314, 0.101960786, 0.5176471), (0.20784314, 0.101960786, 0.5176471), (0.20784314, 0.101960786, 0.5176471), (0.20784314, 0.101960786, 0.5176471), (0.20784314, 0.101960786, 0.5176471), (0.20784314, 0.101960786, 0.5176471), (0.20784314, 0.101960786, 0.5176471), (0.20784314, 0.101960786, 0.5176471), (0.20784314, 0.101960786, 0.5176471), (0.20784314, 0.101960786, 0.5176471), (0.20784314, 0.101960786, 0.5176471), (0.20784314, 0.101960786, 0.5176471), (0.20784314, 0.101960786, 0.5176471), (0.20784314, 0.101960786, 0.5176471), (0.20784314, 0.101960786, 0.5176471), (0.20784314, 0.101960786, 0.5176471), (0.20784314, 0.101960786, 0.5176471), (0.20784314, 0.101960786, 0.5176471), (0.20784314, 0.101960786, 0.5176471), (0.20784314, 0.101960786, 0.5176471), (0.20784314, 0.101960786, 0.5176471), (0.20784314, 0.101960786, 0.5176471), (0.20784314, 0.101960786, 0.5176471), (0.20784314, 0.101960786, 0.5176471), (0.20784314, 0.101960786, 0.5176471), (0.20784314, 0.101960786, 0.5176471), (0.20784314, 0.101960786, 0.5176471), (0.20784314, 0.101960786, 0.5176471), (0.20784314, 0.101960786, 0.5176471), (0.20784314, 0.101960786, 0.5176471), (0.20784314, 0.101960786, 0.5176471), (0.20784314, 0.101960786, 0.5176471), (0.20784314, 0.101960786, 0.5176471), (0.20784314, 0.101960786, 0.5176471), (0.20784314, 0.101960786, 0.5176471), (0.20784314, 0.101960786, 0.5176471), (0.20784314, 0.101960786, 0.5176471), (0.20784314, 0.101960786, 0.5176471), (0.20784314, 0.101960786, 0.5176471), (0.20784314, 0.101960786, 0.5176471), (0.20784314, 0.101960786, 0.5176471), (0.20784314, 0.101960786, 0.5176471), (0.20784314, 0.101960786, 0.5176471), (0.20784314, 0.101960786, 0.5176471), (0.20784314, 0.101960786, 0.5176471), (0.20784314, 0.101960786, 0.5176471), (0.20784314, 0.101960786, 0.5176471), (0.20784314, 0.101960786, 0.5176471), (0.20784314, 0.101960786, 0.5176471), (0.20784314, 0.101960786, 0.5176471), (0.20784314, 0.101960786, 0.5176471), (0.20784314, 0.101960786, 0.5176471), (0.20784314, 0.101960786, 0.5176471), (0.20784314, 0.101960786, 0.5176471), (0.20784314, 0.101960786, 0.5176471), (0.20784314, 0.101960786, 0.5176471), (0.20784314, 0.101960786, 0.5176471), (0.20784314, 0.101960786, 0.5176471), (0.20784314, 0.101960786, 0.5176471), (0.20784314, 0.101960786, 0.5176471), (0.20784314, 0.101960786, 0.5176471), (0.20784314, 0.101960786, 0.5176471), (0.20784314, 0.101960786, 0.5176471), (0.20784314, 0.101960786, 0.5176471), (0.20784314, 0.101960786, 0.5176471), (0.20784314, 0.101960786, 0.5176471), (0.20784314, 0.101960786, 0.5176471), (0.20784314, 0.101960786, 0.5176471), (0.20784314, 0.101960786, 0.5176471), (0.20784314, 0.101960786, 0.5176471), (0.20784314, 0.101960786, 0.5176471), (0.20784314, 0.101960786, 0.5176471), (0.20784314, 0.101960786, 0.5176471), (0.20784314, 0.101960786, 0.5176471), (0.20784314, 0.101960786, 0.5176471), (0.20784314, 0.101960786, 0.5176471), (0.20784314, 0.101960786, 0.5176471), (0.20784314, 0.101960786, 0.5176471), (0.20784314, 0.101960786, 0.5176471), (0.20784314, 0.101960786, 0.5176471), (0.20784314, 0.101960786, 0.5176471), (0.20784314, 0.101960786, 0.5176471), (0.20784314, 0.101960786, 0.5176471), (0.20784314, 0.101960786, 0.5176471), (0.20784314, 0.101960786, 0.5176471), (0.20784314, 0.101960786, 0.5176471), (0.20784314, 0.101960786, 0.5176471), (0.20784314, 0.101960786, 0.5176471), (0.20784314, 0.101960786, 0.5176471), (0.20784314, 0.101960786, 0.5176471), (0.20784314, 0.101960786, 0.5176471), (0.20784314, 0.101960786, 0.5176471), (0.20784314, 0.101960786, 0.5176471), (0.20784314, 0.101960786, 0.5176471), (0.20784314, 0.101960786, 0.5176471), (0.20784314, 0.101960786, 0.5176471), (0.20784314, 0.101960786, 0.5176471), (0.20784314, 0.101960786, 0.5176471), (0.20784314, 0.101960786, 0.5176471), (0.20784314, 0.101960786, 0.5176471), (0.20784314, 0.101960786, 0.5176471), (0.20784314, 0.101960786, 0.5176471), (0.20784314, 0.101960786, 0.5176471), (0.20784314, 0.101960786, 0.5176471), (0.20784314, 0.101960786, 0.5176471), (0.20784314, 0.101960786, 0.5176471), (0.20784314, 0.101960786, 0.5176471), (0.20784314, 0.101960786, 0.5176471), (0.20784314, 0.101960786, 0.5176471), (0.20784314, 0.101960786, 0.5176471), (0.20784314, 0.101960786, 0.5176471), (0.20784314, 0.101960786, 0.5176471), (0.20784314, 0.101960786, 0.5176471), (0.20784314, 0.101960786, 0.5176471), (0.20784314, 0.101960786, 0.5176471), (0.20784314, 0.101960786, 0.5176471), (0.20784314, 0.101960786, 0.5176471), (0.20784314, 0.101960786, 0.5176471), (0.20784314, 0.101960786, 0.5176471), (0.20784314, 0.101960786, 0.5176471), (0.20784314, 0.101960786, 0.5176471), (0.20784314, 0.101960786, 0.5176471), (0.20784314, 0.101960786, 0.5176471), (0.20784314, 0.101960786, 0.5176471), (0.20784314, 0.101960786, 0.5176471), (0.20784314, 0.101960786, 0.5176471), (0.20784314, 0.101960786, 0.5176471), (0.20784314, 0.101960786, 0.5176471), (0.20784314, 0.101960786, 0.5176471), (0.20784314, 0.101960786, 0.5176471), (0.20784314, 0.101960786, 0.5176471), (0.20784314, 0.101960786, 0.5176471), (0.20784314, 0.101960786, 0.5176471), (0.20784314, 0.101960786, 0.5176471), (0.20784314, 0.101960786, 0.5176471), (0.20784314, 0.101960786, 0.5176471), (0.20784314, 0.101960786, 0.5176471), (0.20784314, 0.101960786, 0.5176471), (0.20784314, 0.101960786, 0.5176471), (0.20784314, 0.101960786, 0.5176471), (0.20784314, 0.101960786, 0.5176471), (0.20784314, 0.101960786, 0.5176471), (0.20784314, 0.101960786, 0.5176471), (0.20784314, 0.101960786, 0.5176471), (0.20784314, 0.101960786, 0.5176471), (0.20784314, 0.101960786, 0.5176471), (0.20784314, 0.101960786, 0.5176471), (0.20784314, 0.101960786, 0.5176471), (0.20784314, 0.101960786, 0.5176471), (0.20784314, 0.101960786, 0.5176471), (0.20784314, 0.101960786, 0.5176471), (0.20784314, 0.101960786, 0.5176471), (0.20784314, 0.101960786, 0.5176471), (0.20784314, 0.101960786, 0.5176471), (0.20784314, 0.101960786, 0.5176471), (0.20784314, 0.101960786, 0.5176471), (0.20784314, 0.101960786, 0.5176471), (0.20784314, 0.101960786, 0.5176471), (0.20784314, 0.101960786, 0.5176471), (0.20784314, 0.101960786, 0.5176471), (0.20784314, 0.101960786, 0.5176471), (0.20784314, 0.101960786, 0.5176471), (0.20784314, 0.101960786, 0.5176471), (0.20784314, 0.101960786, 0.5176471), (0.20784314, 0.101960786, 0.5176471), (0.20784314, 0.101960786, 0.5176471), (0.20784314, 0.101960786, 0.5176471), (0.20784314, 0.101960786, 0.5176471), (0.20784314, 0.101960786, 0.5176471), (0.20784314, 0.101960786, 0.5176471), (0.20784314, 0.101960786, 0.5176471), (0.20784314, 0.101960786, 0.5176471), (0.20784314, 0.101960786, 0.5176471), (0.20784314, 0.101960786, 0.5176471), (0.20784314, 0.101960786, 0.5176471), (0.20784314, 0.101960786, 0.5176471), (0.20784314, 0.101960786, 0.5176471), (0.20784314, 0.101960786, 0.5176471), (0.20784314, 0.101960786, 0.5176471), (0.20784314, 0.101960786, 0.5176471), (0.20784314, 0.101960786, 0.5176471), (0.20784314, 0.101960786, 0.5176471), (0.20784314, 0.101960786, 0.5176471), (0.20784314, 0.101960786, 0.5176471), (0.20784314, 0.101960786, 0.5176471), (0.20784314, 0.101960786, 0.5176471), (0.20784314, 0.101960786, 0.5176471), (0.20784314, 0.101960786, 0.5176471), (0.20784314, 0.101960786, 0.5176471), (0.20784314, 0.101960786, 0.5176471), (0.20784314, 0.101960786, 0.5176471), (0.20784314, 0.101960786, 0.5176471), (0.20784314, 0.101960786, 0.5176471), (0.20784314, 0.101960786, 0.5176471), (0.20784314, 0.101960786, 0.5176471), (0.20784314, 0.101960786, 0.5176471), (0.20784314, 0.101960786, 0.5176471), (0.20784314, 0.101960786, 0.5176471), (0.20784314, 0.101960786, 0.5176471), (0.20784314, 0.101960786, 0.5176471), (0.20784314, 0.101960786, 0.5176471), (0.20784314, 0.101960786, 0.5176471), (0.20784314, 0.101960786, 0.5176471), (0.20784314, 0.101960786, 0.5176471), (0.20784314, 0.101960786, 0.5176471), (0.20784314, 0.101960786, 0.5176471), (0.20784314, 0.101960786, 0.5176471), (0.20784314, 0.101960786, 0.5176471), (0.20784314, 0.101960786, 0.5176471), (0.20784314, 0.101960786, 0.5176471), (0.20784314, 0.101960786, 0.5176471), (0.20784314, 0.101960786, 0.5176471), (0.20784314, 0.101960786, 0.5176471), (0.20784314, 0.101960786, 0.5176471), (0.20784314, 0.101960786, 0.5176471), (0.20784314, 0.101960786, 0.5176471), (0.20784314, 0.101960786, 0.5176471), (0.20784314, 0.101960786, 0.5176471), (0.20784314, 0.101960786, 0.5176471), (0.20784314, 0.101960786, 0.5176471), (0.20784314, 0.101960786, 0.5176471), (0.20784314, 0.101960786, 0.5176471), (0.20784314, 0.101960786, 0.5176471), (0.20784314, 0.101960786, 0.5176471), (0.20784314, 0.101960786, 0.5176471), (0.20784314, 0.101960786, 0.5176471), (0.20784314, 0.101960786, 0.5176471), (0.20784314, 0.101960786, 0.5176471), (0.20784314, 0.101960786, 0.5176471), (0.20784314, 0.101960786, 0.5176471), (0.20784314, 0.101960786, 0.5176471), (0.20784314, 0.101960786, 0.5176471), (0.20784314, 0.101960786, 0.5176471), (0.20784314, 0.101960786, 0.5176471), (0.20784314, 0.101960786, 0.5176471), (0.20784314, 0.101960786, 0.5176471), (0.20784314, 0.101960786, 0.5176471), (0.20784314, 0.101960786, 0.5176471), (0.20784314, 0.101960786, 0.5176471), (0.20784314, 0.101960786, 0.5176471), (0.20784314, 0.101960786, 0.5176471), (0.20784314, 0.101960786, 0.5176471), (0.20784314, 0.101960786, 0.5176471), (0.20784314, 0.101960786, 0.5176471), (0.20784314, 0.101960786, 0.5176471), (0.20784314, 0.101960786, 0.5176471), (0.20784314, 0.101960786, 0.5176471), (0.20784314, 0.101960786, 0.5176471), (0.20784314, 0.101960786, 0.5176471), (0.20784314, 0.101960786, 0.5176471), (0.20784314, 0.101960786, 0.5176471), (0.20784314, 0.101960786, 0.5176471), (0.20784314, 0.101960786, 0.5176471), (0.20784314, 0.101960786, 0.5176471), (0.20784314, 0.101960786, 0.5176471), (0.20784314, 0.101960786, 0.5176471), (0.20784314, 0.101960786, 0.5176471), (0.20784314, 0.101960786, 0.5176471), (0.20784314, 0.101960786, 0.5176471), (0.20784314, 0.101960786, 0.5176471), (0.20784314, 0.101960786, 0.5176471), (0.20784314, 0.101960786, 0.5176471), (0.20784314, 0.101960786, 0.5176471), (0.20784314, 0.101960786, 0.5176471), (0.20784314, 0.101960786, 0.5176471), (0.20784314, 0.101960786, 0.5176471), (0.20784314, 0.101960786, 0.5176471), (0.20784314, 0.101960786, 0.5176471), (0.20784314, 0.101960786, 0.5176471), (0.20784314, 0.101960786, 0.5176471), (0.20784314, 0.101960786, 0.5176471), (0.20784314, 0.101960786, 0.5176471), (0.20784314, 0.101960786, 0.5176471), (0.20784314, 0.101960786, 0.5176471), (0.20784314, 0.101960786, 0.5176471), (0.20784314, 0.101960786, 0.5176471), (0.20784314, 0.101960786, 0.5176471), (0.20784314, 0.101960786, 0.5176471), (0.20784314, 0.101960786, 0.5176471), (0.20784314, 0.101960786, 0.5176471), (0.20784314, 0.101960786, 0.5176471), (0.20784314, 0.101960786, 0.5176471), (0.20784314, 0.101960786, 0.5176471), (0.20784314, 0.101960786, 0.5176471), (0.20784314, 0.101960786, 0.5176471), (0.20784314, 0.101960786, 0.5176471), (0.20784314, 0.101960786, 0.5176471), (0.20784314, 0.101960786, 0.5176471), (0.20784314, 0.101960786, 0.5176471), (0.20784314, 0.101960786, 0.5176471), (0.20784314, 0.101960786, 0.5176471), (0.20784314, 0.101960786, 0.5176471), (0.20784314, 0.101960786, 0.5176471), (0.20784314, 0.101960786, 0.5176471), (0.20784314, 0.101960786, 0.5176471), (0.20784314, 0.101960786, 0.5176471), (0.20784314, 0.101960786, 0.5176471), (0.20784314, 0.101960786, 0.5176471), (0.20784314, 0.101960786, 0.5176471), (0.20784314, 0.101960786, 0.5176471), (0.20784314, 0.101960786, 0.5176471), (0.20784314, 0.101960786, 0.5176471), (0.20784314, 0.101960786, 0.5176471), (0.20784314, 0.101960786, 0.5176471), (0.20784314, 0.101960786, 0.5176471), (0.20784314, 0.101960786, 0.5176471), (0.20784314, 0.101960786, 0.5176471), (0.20784314, 0.101960786, 0.5176471), (0.20784314, 0.101960786, 0.5176471), (0.20784314, 0.101960786, 0.5176471), (0.20784314, 0.101960786, 0.5176471), (0.20784314, 0.101960786, 0.5176471), (0.20784314, 0.101960786, 0.5176471), (0.20784314, 0.101960786, 0.5176471), (0.20784314, 0.101960786, 0.5176471), (0.20784314, 0.101960786, 0.5176471), (0.20784314, 0.101960786, 0.5176471), (0.20784314, 0.101960786, 0.5176471), (0.20784314, 0.101960786, 0.5176471), (0.20784314, 0.101960786, 0.5176471), (0.20784314, 0.101960786, 0.5176471), (0.20784314, 0.101960786, 0.5176471), (0.20784314, 0.101960786, 0.5176471), (0.20784314, 0.101960786, 0.5176471), (0.20784314, 0.101960786, 0.5176471), (0.20784314, 0.101960786, 0.5176471), (0.20784314, 0.101960786, 0.5176471), (0.20784314, 0.101960786, 0.5176471), (0.20784314, 0.101960786, 0.5176471), (0.20784314, 0.101960786, 0.5176471), (0.20784314, 0.101960786, 0.5176471), (0.20784314, 0.101960786, 0.5176471), (0.20784314, 0.101960786, 0.5176471), (0.20784314, 0.101960786, 0.5176471), (0.20784314, 0.101960786, 0.5176471), (0.20784314, 0.101960786, 0.5176471), (0.20784314, 0.101960786, 0.5176471), (0.20784314, 0.101960786, 0.5176471), (0.20784314, 0.101960786, 0.5176471), (0.20784314, 0.101960786, 0.5176471), (0.20784314, 0.101960786, 0.5176471), (0.20784314, 0.101960786, 0.5176471), (0.20784314, 0.101960786, 0.5176471), (0.20784314, 0.101960786, 0.5176471), (0.20784314, 0.101960786, 0.5176471), (0.20784314, 0.101960786, 0.5176471), (0.20784314, 0.101960786, 0.5176471), (0.20784314, 0.101960786, 0.5176471), (0.20784314, 0.101960786, 0.5176471), (0.20784314, 0.101960786, 0.5176471), (0.20784314, 0.101960786, 0.5176471), (0.20784314, 0.101960786, 0.5176471), (0.20784314, 0.101960786, 0.5176471), (0.20784314, 0.101960786, 0.5176471), (0.20784314, 0.101960786, 0.5176471), (0.20784314, 0.101960786, 0.5176471), (0.20784314, 0.101960786, 0.5176471), (0.20784314, 0.101960786, 0.5176471), (0.20784314, 0.101960786, 0.5176471), (0.20784314, 0.101960786, 0.5176471), (0.20784314, 0.101960786, 0.5176471), (0.20784314, 0.101960786, 0.5176471), (0.20784314, 0.101960786, 0.5176471), (0.20784314, 0.101960786, 0.5176471), (0.20784314, 0.101960786, 0.5176471), (0.20784314, 0.101960786, 0.5176471), (0.20784314, 0.101960786, 0.5176471), (0.20784314, 0.101960786, 0.5176471), (0.20784314, 0.101960786, 0.5176471), (0.20784314, 0.101960786, 0.5176471), (0.20784314, 0.101960786, 0.5176471), (0.20784314, 0.101960786, 0.5176471), (0.20784314, 0.101960786, 0.5176471), (0.20784314, 0.101960786, 0.5176471), (0.20784314, 0.101960786, 0.5176471), (0.20784314, 0.101960786, 0.5176471), (0.20784314, 0.101960786, 0.5176471), (0.20784314, 0.101960786, 0.5176471), (0.20784314, 0.101960786, 0.5176471), (0.20784314, 0.101960786, 0.5176471), (0.20784314, 0.101960786, 0.5176471), (0.20784314, 0.101960786, 0.5176471), (0.20784314, 0.101960786, 0.5176471), (0.20784314, 0.101960786, 0.5176471), (0.20784314, 0.101960786, 0.5176471), (0.20784314, 0.101960786, 0.5176471), (0.20784314, 0.101960786, 0.5176471), (0.20784314, 0.101960786, 0.5176471), (0.20784314, 0.101960786, 0.5176471), (0.20784314, 0.101960786, 0.5176471), (0.20784314, 0.101960786, 0.5176471), (0.20784314, 0.101960786, 0.5176471), (0.20784314, 0.101960786, 0.5176471), (0.20784314, 0.101960786, 0.5176471), (0.20784314, 0.101960786, 0.5176471), (0.20784314, 0.101960786, 0.5176471), (0.20784314, 0.101960786, 0.5176471), (0.20784314, 0.101960786, 0.5176471), (0.20784314, 0.101960786, 0.5176471), (0.20784314, 0.101960786, 0.5176471), (0.20784314, 0.101960786, 0.5176471), (0.20784314, 0.101960786, 0.5176471), (0.20784314, 0.101960786, 0.5176471), (0.20784314, 0.101960786, 0.5176471), (0.20784314, 0.101960786, 0.5176471), (0.20784314, 0.101960786, 0.5176471), (0.20784314, 0.101960786, 0.5176471), (0.20784314, 0.101960786, 0.5176471), (0.20784314, 0.101960786, 0.5176471), (0.20784314, 0.101960786, 0.5176471), (0.20784314, 0.101960786, 0.5176471), (0.20784314, 0.101960786, 0.5176471), (0.20784314, 0.101960786, 0.5176471), (0.20784314, 0.101960786, 0.5176471), (0.20784314, 0.101960786, 0.5176471), (0.20784314, 0.101960786, 0.5176471), (0.20784314, 0.101960786, 0.5176471), (0.20784314, 0.101960786, 0.5176471), (0.20784314, 0.101960786, 0.5176471), (0.20784314, 0.101960786, 0.5176471), (0.20784314, 0.101960786, 0.5176471), (0.20784314, 0.101960786, 0.5176471), (0.20784314, 0.101960786, 0.5176471), (0.20784314, 0.101960786, 0.5176471), (0.20784314, 0.101960786, 0.5176471), (0.20784314, 0.101960786, 0.5176471), (0.20784314, 0.101960786, 0.5176471), (0.20784314, 0.101960786, 0.5176471), (0.20784314, 0.101960786, 0.5176471), (0.20784314, 0.101960786, 0.5176471), (0.20784314, 0.101960786, 0.5176471), (0.20784314, 0.101960786, 0.5176471), (0.20784314, 0.101960786, 0.5176471), (0.20784314, 0.101960786, 0.5176471), (0.20784314, 0.101960786, 0.5176471), (0.20784314, 0.101960786, 0.5176471), (0.20784314, 0.101960786, 0.5176471), (0.20784314, 0.101960786, 0.5176471), (0.20784314, 0.101960786, 0.5176471), (0.20784314, 0.101960786, 0.5176471), (0.20784314, 0.101960786, 0.5176471), (0.20784314, 0.101960786, 0.5176471), (0.20784314, 0.101960786, 0.5176471), (0.20784314, 0.101960786, 0.5176471), (0.20784314, 0.101960786, 0.5176471), (0.20784314, 0.101960786, 0.5176471), (0.20784314, 0.101960786, 0.5176471), (0.20784314, 0.101960786, 0.5176471), (0.20784314, 0.101960786, 0.5176471), (0.20784314, 0.101960786, 0.5176471), (0.20784314, 0.101960786, 0.5176471), (0.20784314, 0.101960786, 0.5176471), (0.20784314, 0.101960786, 0.5176471), (0.20784314, 0.101960786, 0.5176471), (0.20784314, 0.101960786, 0.5176471), (0.20784314, 0.101960786, 0.5176471), (0.20784314, 0.101960786, 0.5176471), (0.20784314, 0.101960786, 0.5176471), (0.20784314, 0.101960786, 0.5176471), (0.20784314, 0.101960786, 0.5176471), (0.20784314, 0.101960786, 0.5176471), (0.20784314, 0.101960786, 0.5176471), (0.20784314, 0.101960786, 0.5176471), (0.20784314, 0.101960786, 0.5176471), (0.20784314, 0.101960786, 0.5176471), (0.20784314, 0.101960786, 0.5176471), (0.20784314, 0.101960786, 0.5176471), (0.20784314, 0.101960786, 0.5176471), (0.20784314, 0.101960786, 0.5176471), (0.20784314, 0.101960786, 0.5176471), (0.20784314, 0.101960786, 0.5176471), (0.20784314, 0.101960786, 0.5176471), (0.20784314, 0.101960786, 0.5176471), (0.20784314, 0.101960786, 0.5176471), (0.20784314, 0.101960786, 0.5176471), (0.20784314, 0.101960786, 0.5176471), (0.20784314, 0.101960786, 0.5176471), (0.20784314, 0.101960786, 0.5176471), (0.20784314, 0.101960786, 0.5176471), (0.20784314, 0.101960786, 0.5176471), (0.20784314, 0.101960786, 0.5176471), (0.20784314, 0.101960786, 0.5176471), (0.20784314, 0.101960786, 0.5176471), (0.20784314, 0.101960786, 0.5176471), (0.20784314, 0.101960786, 0.5176471), (0.20784314, 0.101960786, 0.5176471), (0.20784314, 0.101960786, 0.5176471), (0.20784314, 0.101960786, 0.5176471), (0.20784314, 0.101960786, 0.5176471), (0.20784314, 0.101960786, 0.5176471), (0.20784314, 0.101960786, 0.5176471), (0.20784314, 0.101960786, 0.5176471), (0.20784314, 0.101960786, 0.5176471), (0.20784314, 0.101960786, 0.5176471), (0.20784314, 0.101960786, 0.5176471), (0.20784314, 0.101960786, 0.5176471), (0.20784314, 0.101960786, 0.5176471), (0.20784314, 0.101960786, 0.5176471), (0.20784314, 0.101960786, 0.5176471), (0.20784314, 0.101960786, 0.5176471), (0.20784314, 0.101960786, 0.5176471), (0.20784314, 0.101960786, 0.5176471), (0.20784314, 0.101960786, 0.5176471), (0.20784314, 0.101960786, 0.5176471), (0.20784314, 0.101960786, 0.5176471), (0.20784314, 0.101960786, 0.5176471), (0.20784314, 0.101960786, 0.5176471), (0.20784314, 0.101960786, 0.5176471), (0.20784314, 0.101960786, 0.5176471), (0.20784314, 0.101960786, 0.5176471), (0.20784314, 0.101960786, 0.5176471), (0.20784314, 0.101960786, 0.5176471), (0.20784314, 0.101960786, 0.5176471), (0.20784314, 0.101960786, 0.5176471), (0.20784314, 0.101960786, 0.5176471), (0.20784314, 0.101960786, 0.5176471), (0.20784314, 0.101960786, 0.5176471), (0.20784314, 0.101960786, 0.5176471), (0.20784314, 0.101960786, 0.5176471), (0.20784314, 0.101960786, 0.5176471), (0.20784314, 0.101960786, 0.5176471), (0.20784314, 0.101960786, 0.5176471), (0.20784314, 0.101960786, 0.5176471), (0.20784314, 0.101960786, 0.5176471), (0.20784314, 0.101960786, 0.5176471), (0.20784314, 0.101960786, 0.5176471), (0.20784314, 0.101960786, 0.5176471), (0.20784314, 0.101960786, 0.5176471), (0.20784314, 0.101960786, 0.5176471), (0.20784314, 0.101960786, 0.5176471), (0.20784314, 0.101960786, 0.5176471), (0.20784314, 0.101960786, 0.5176471), (0.20784314, 0.101960786, 0.5176471), (0.20784314, 0.101960786, 0.5176471), (0.20784314, 0.101960786, 0.5176471), (0.20784314, 0.101960786, 0.5176471), (0.20784314, 0.101960786, 0.5176471), (0.20784314, 0.101960786, 0.5176471), (0.20784314, 0.101960786, 0.5176471), (0.20784314, 0.101960786, 0.5176471), (0.20784314, 0.101960786, 0.5176471), (0.20784314, 0.101960786, 0.5176471), (0.20784314, 0.101960786, 0.5176471), (0.20784314, 0.101960786, 0.5176471), (0.20784314, 0.101960786, 0.5176471), (0.20784314, 0.101960786, 0.5176471), (0.20784314, 0.101960786, 0.5176471), (0.20784314, 0.101960786, 0.5176471), (0.20784314, 0.101960786, 0.5176471), (0.20784314, 0.101960786, 0.5176471), (0.20784314, 0.101960786, 0.5176471), (0.20784314, 0.101960786, 0.5176471), (0.20784314, 0.101960786, 0.5176471), (0.20784314, 0.101960786, 0.5176471), (0.20784314, 0.101960786, 0.5176471), (0.20784314, 0.101960786, 0.5176471), (0.20784314, 0.101960786, 0.5176471), (0.20784314, 0.101960786, 0.5176471), (0.20784314, 0.101960786, 0.5176471), (0.20784314, 0.101960786, 0.5176471), (0.20784314, 0.101960786, 0.5176471), (0.20784314, 0.101960786, 0.5176471), (0.20784314, 0.101960786, 0.5176471), (0.20784314, 0.101960786, 0.5176471), (0.20784314, 0.101960786, 0.5176471), (0.20784314, 0.101960786, 0.5176471), (0.20784314, 0.101960786, 0.5176471), (0.20784314, 0.101960786, 0.5176471), (0.20784314, 0.101960786, 0.5176471), (0.20784314, 0.101960786, 0.5176471), (0.20784314, 0.101960786, 0.5176471), (0.20784314, 0.101960786, 0.5176471), (0.20784314, 0.101960786, 0.5176471), (0.20784314, 0.101960786, 0.5176471), (0.20784314, 0.101960786, 0.5176471), (0.20784314, 0.101960786, 0.5176471), (0.20784314, 0.101960786, 0.5176471), (0.20784314, 0.101960786, 0.5176471), (0.20784314, 0.101960786, 0.5176471), (0.20784314, 0.101960786, 0.5176471), (0.20784314, 0.101960786, 0.5176471), (0.20784314, 0.101960786, 0.5176471), (0.20784314, 0.101960786, 0.5176471), (0.20784314, 0.101960786, 0.5176471), (0.20784314, 0.101960786, 0.5176471), (0.20784314, 0.101960786, 0.5176471), (0.20784314, 0.101960786, 0.5176471), (0.20784314, 0.101960786, 0.5176471), (0.20784314, 0.101960786, 0.5176471), (0.20784314, 0.101960786, 0.5176471), (0.20784314, 0.101960786, 0.5176471), (0.20784314, 0.101960786, 0.5176471), (0.20784314, 0.101960786, 0.5176471), (0.20784314, 0.101960786, 0.5176471), (0.20784314, 0.101960786, 0.5176471), (0.20784314, 0.101960786, 0.5176471), (0.20784314, 0.101960786, 0.5176471), (0.20784314, 0.101960786, 0.5176471), (0.20784314, 0.101960786, 0.5176471), (0.20784314, 0.101960786, 0.5176471), (0.20784314, 0.101960786, 0.5176471), (0.20784314, 0.101960786, 0.5176471), (0.20784314, 0.101960786, 0.5176471), (0.20784314, 0.101960786, 0.5176471), (0.20784314, 0.101960786, 0.5176471), (0.20784314, 0.101960786, 0.5176471), (0.20784314, 0.101960786, 0.5176471), (0.20784314, 0.101960786, 0.5176471), (0.20784314, 0.101960786, 0.5176471), (0.20784314, 0.101960786, 0.5176471), (0.20784314, 0.101960786, 0.5176471), (0.20784314, 0.101960786, 0.5176471), (0.20784314, 0.101960786, 0.5176471), (0.20784314, 0.101960786, 0.5176471), (0.20784314, 0.101960786, 0.5176471), (0.20784314, 0.101960786, 0.5176471), (0.20784314, 0.101960786, 0.5176471), (0.20784314, 0.101960786, 0.5176471), (0.20784314, 0.101960786, 0.5176471), (0.20784314, 0.101960786, 0.5176471), (0.20784314, 0.101960786, 0.5176471), (0.20784314, 0.101960786, 0.5176471), (0.20784314, 0.101960786, 0.5176471), (0.20784314, 0.101960786, 0.5176471), (0.20784314, 0.101960786, 0.5176471), (0.20784314, 0.101960786, 0.5176471), (0.20784314, 0.101960786, 0.5176471), (0.20784314, 0.101960786, 0.5176471), (0.20784314, 0.101960786, 0.5176471), (0.20784314, 0.101960786, 0.5176471), (0.20784314, 0.101960786, 0.5176471), (0.20784314, 0.101960786, 0.5176471), (0.20784314, 0.101960786, 0.5176471), (0.20784314, 0.101960786, 0.5176471), (0.20784314, 0.101960786, 0.5176471), (0.20784314, 0.101960786, 0.5176471), (0.20784314, 0.101960786, 0.5176471), (0.20784314, 0.101960786, 0.5176471), (0.20784314, 0.101960786, 0.5176471), (0.20784314, 0.101960786, 0.5176471), (0.20784314, 0.101960786, 0.5176471), (0.20784314, 0.101960786, 0.5176471), (0.20784314, 0.101960786, 0.5176471), (0.20784314, 0.101960786, 0.5176471), (0.20784314, 0.101960786, 0.5176471), (0.20784314, 0.101960786, 0.5176471), (0.20784314, 0.101960786, 0.5176471), (0.20784314, 0.101960786, 0.5176471), (0.20784314, 0.101960786, 0.5176471), (0.20784314, 0.101960786, 0.5176471), (0.20784314, 0.101960786, 0.5176471), (0.20784314, 0.101960786, 0.5176471), (0.20784314, 0.101960786, 0.5176471), (0.20784314, 0.101960786, 0.5176471), (0.20784314, 0.101960786, 0.5176471), (0.20784314, 0.101960786, 0.5176471), (0.20784314, 0.101960786, 0.5176471), (0.20784314, 0.101960786, 0.5176471), (0.20784314, 0.101960786, 0.5176471), (0.20784314, 0.101960786, 0.5176471), (0.20784314, 0.101960786, 0.5176471), (0.20784314, 0.101960786, 0.5176471), (0.20784314, 0.101960786, 0.5176471), (0.20784314, 0.101960786, 0.5176471), (0.20784314, 0.101960786, 0.5176471), (0.20784314, 0.101960786, 0.5176471), (0.20784314, 0.101960786, 0.5176471), (0.20784314, 0.101960786, 0.5176471), (0.20784314, 0.101960786, 0.5176471), (0.20784314, 0.101960786, 0.5176471), (0.20784314, 0.101960786, 0.5176471), (0.20784314, 0.101960786, 0.5176471), (0.20784314, 0.101960786, 0.5176471), (0.20784314, 0.101960786, 0.5176471), (0.20784314, 0.101960786, 0.5176471), (0.20784314, 0.101960786, 0.5176471), (0.20784314, 0.101960786, 0.5176471), (0.20784314, 0.101960786, 0.5176471), (0.20784314, 0.101960786, 0.5176471), (0.20784314, 0.101960786, 0.5176471), (0.20784314, 0.101960786, 0.5176471), (0.20784314, 0.101960786, 0.5176471), (0.20784314, 0.101960786, 0.5176471), (0.20784314, 0.101960786, 0.5176471), (0.20784314, 0.101960786, 0.5176471), (0.20784314, 0.101960786, 0.5176471), (0.20784314, 0.101960786, 0.5176471), (0.20784314, 0.101960786, 0.5176471), (0.20784314, 0.101960786, 0.5176471), (0.20784314, 0.101960786, 0.5176471), (0.20784314, 0.101960786, 0.5176471), (0.20784314, 0.101960786, 0.5176471), (0.20784314, 0.101960786, 0.5176471), (0.20784314, 0.101960786, 0.5176471), (0.20784314, 0.101960786, 0.5176471), (0.20784314, 0.101960786, 0.5176471), (0.20784314, 0.101960786, 0.5176471), (0.20784314, 0.101960786, 0.5176471), (0.20784314, 0.101960786, 0.5176471), (0.20784314, 0.101960786, 0.5176471), (0.20784314, 0.101960786, 0.5176471), (0.20784314, 0.101960786, 0.5176471), (0.20784314, 0.101960786, 0.5176471), (0.20784314, 0.101960786, 0.5176471), (0.20784314, 0.101960786, 0.5176471), (0.20784314, 0.101960786, 0.5176471), (0.20784314, 0.101960786, 0.5176471), (0.20784314, 0.101960786, 0.5176471), (0.20784314, 0.101960786, 0.5176471), (0.20784314, 0.101960786, 0.5176471), (0.20784314, 0.101960786, 0.5176471), (0.20784314, 0.101960786, 0.5176471), (0.20784314, 0.101960786, 0.5176471), (0.20784314, 0.101960786, 0.5176471), (0.20784314, 0.101960786, 0.5176471), (0.20784314, 0.101960786, 0.5176471), (0.20784314, 0.101960786, 0.5176471), (0.20784314, 0.101960786, 0.5176471), (0.20784314, 0.101960786, 0.5176471), (0.20784314, 0.101960786, 0.5176471), (0.20784314, 0.101960786, 0.5176471), (0.20784314, 0.101960786, 0.5176471), (0.20784314, 0.101960786, 0.5176471), (0.20784314, 0.101960786, 0.5176471), (0.20784314, 0.101960786, 0.5176471), (0.20784314, 0.101960786, 0.5176471), (0.20784314, 0.101960786, 0.5176471), (0.20784314, 0.101960786, 0.5176471), (0.20784314, 0.101960786, 0.5176471), (0.20784314, 0.101960786, 0.5176471), (0.20784314, 0.101960786, 0.5176471), (0.20784314, 0.101960786, 0.5176471), (0.20784314, 0.101960786, 0.5176471), (0.20784314, 0.101960786, 0.5176471), (0.20784314, 0.101960786, 0.5176471), (0.20784314, 0.101960786, 0.5176471), (0.20784314, 0.101960786, 0.5176471), (0.20784314, 0.101960786, 0.5176471), (0.20784314, 0.101960786, 0.5176471), (0.20784314, 0.101960786, 0.5176471), (0.20784314, 0.101960786, 0.5176471), (0.20784314, 0.101960786, 0.5176471), (0.20784314, 0.101960786, 0.5176471), (0.20784314, 0.101960786, 0.5176471), (0.20784314, 0.101960786, 0.5176471), (0.20784314, 0.101960786, 0.5176471), (0.20784314, 0.101960786, 0.5176471), (0.20784314, 0.101960786, 0.5176471), (0.20784314, 0.101960786, 0.5176471), (0.20784314, 0.101960786, 0.5176471), (0.20784314, 0.101960786, 0.5176471), (0.20784314, 0.101960786, 0.5176471), (0.20784314, 0.101960786, 0.5176471), (0.20784314, 0.101960786, 0.5176471), (0.20784314, 0.101960786, 0.5176471), (0.20784314, 0.101960786, 0.5176471), (0.20784314, 0.101960786, 0.5176471), (0.20784314, 0.101960786, 0.5176471), (0.20784314, 0.101960786, 0.5176471), (0.20784314, 0.101960786, 0.5176471), (0.20784314, 0.101960786, 0.5176471), (0.20784314, 0.101960786, 0.5176471), (0.20784314, 0.101960786, 0.5176471), (0.20784314, 0.101960786, 0.5176471), (0.20784314, 0.101960786, 0.5176471), (0.20784314, 0.101960786, 0.5176471), (0.20784314, 0.101960786, 0.5176471), (0.20784314, 0.101960786, 0.5176471), (0.20784314, 0.101960786, 0.5176471), (0.20784314, 0.101960786, 0.5176471), (0.20784314, 0.101960786, 0.5176471), (0.20784314, 0.101960786, 0.5176471), (0.20784314, 0.101960786, 0.5176471), (0.20784314, 0.101960786, 0.5176471), (0.20784314, 0.101960786, 0.5176471), (0.20784314, 0.101960786, 0.5176471), (0.20784314, 0.101960786, 0.5176471), (0.20784314, 0.101960786, 0.5176471), (0.20784314, 0.101960786, 0.5176471), (0.20784314, 0.101960786, 0.5176471), (0.20784314, 0.101960786, 0.5176471), (0.20784314, 0.101960786, 0.5176471), (0.20784314, 0.101960786, 0.5176471), (0.20784314, 0.101960786, 0.5176471), (0.20784314, 0.101960786, 0.5176471), (0.20784314, 0.101960786, 0.5176471), (0.20784314, 0.101960786, 0.5176471), (0.20784314, 0.101960786, 0.5176471), (0.20784314, 0.101960786, 0.5176471), (0.20784314, 0.101960786, 0.5176471), (0.20784314, 0.101960786, 0.5176471), (0.20784314, 0.101960786, 0.5176471), (0.20784314, 0.101960786, 0.5176471), (0.20784314, 0.101960786, 0.5176471), (0.20784314, 0.101960786, 0.5176471), (0.20784314, 0.101960786, 0.5176471), (0.20784314, 0.101960786, 0.5176471), (0.20784314, 0.101960786, 0.5176471), (0.20784314, 0.101960786, 0.5176471), (0.20784314, 0.101960786, 0.5176471), (0.20784314, 0.101960786, 0.5176471), (0.20784314, 0.101960786, 0.5176471), (0.20784314, 0.101960786, 0.5176471), (0.20784314, 0.101960786, 0.5176471), (0.20784314, 0.101960786, 0.5176471), (0.20784314, 0.101960786, 0.5176471), (0.20784314, 0.101960786, 0.5176471), (0.20784314, 0.101960786, 0.5176471), (0.20784314, 0.101960786, 0.5176471), (0.20784314, 0.101960786, 0.5176471), (0.20784314, 0.101960786, 0.5176471), (0.20784314, 0.101960786, 0.5176471), (0.20784314, 0.101960786, 0.5176471), (0.20784314, 0.101960786, 0.5176471), (0.20784314, 0.101960786, 0.5176471), (0.20784314, 0.101960786, 0.5176471), (0.20784314, 0.101960786, 0.5176471), (0.20784314, 0.101960786, 0.5176471), (0.20784314, 0.101960786, 0.5176471), (0.20784314, 0.101960786, 0.5176471), (0.20784314, 0.101960786, 0.5176471), (0.20784314, 0.101960786, 0.5176471), (0.20784314, 0.101960786, 0.5176471), (0.20784314, 0.101960786, 0.5176471), (0.20784314, 0.101960786, 0.5176471), (0.20784314, 0.101960786, 0.5176471), (0.20784314, 0.101960786, 0.5176471), (0.20784314, 0.101960786, 0.5176471), (0.20784314, 0.101960786, 0.5176471), (0.20784314, 0.101960786, 0.5176471), (0.20784314, 0.101960786, 0.5176471), (0.20784314, 0.101960786, 0.5176471), (0.20784314, 0.101960786, 0.5176471), (0.20784314, 0.101960786, 0.5176471), (0.20784314, 0.101960786, 0.5176471), (0.20784314, 0.101960786, 0.5176471), (0.20784314, 0.101960786, 0.5176471), (0.20784314, 0.101960786, 0.5176471), (0.20784314, 0.101960786, 0.5176471), (0.20784314, 0.101960786, 0.5176471), (0.20784314, 0.101960786, 0.5176471), (0.20784314, 0.101960786, 0.5176471), (0.20784314, 0.101960786, 0.5176471), (0.20784314, 0.101960786, 0.5176471), (0.20784314, 0.101960786, 0.5176471), (0.20784314, 0.101960786, 0.5176471), (0.20784314, 0.101960786, 0.5176471), (0.20784314, 0.101960786, 0.5176471), (0.20784314, 0.101960786, 0.5176471), (0.20784314, 0.101960786, 0.5176471), (0.20784314, 0.101960786, 0.5176471), (0.20784314, 0.101960786, 0.5176471), (0.20784314, 0.101960786, 0.5176471), (0.20784314, 0.101960786, 0.5176471), (0.20784314, 0.101960786, 0.5176471), (0.20784314, 0.101960786, 0.5176471), (0.20784314, 0.101960786, 0.5176471), (0.20784314, 0.101960786, 0.5176471), (0.20784314, 0.101960786, 0.5176471), (0.20784314, 0.101960786, 0.5176471), (0.20784314, 0.101960786, 0.5176471), (0.20784314, 0.101960786, 0.5176471), (0.20784314, 0.101960786, 0.5176471), (0.20784314, 0.101960786, 0.5176471), (0.20784314, 0.101960786, 0.5176471), (0.20784314, 0.101960786, 0.5176471), (0.20784314, 0.101960786, 0.5176471), (0.20784314, 0.101960786, 0.5176471), (0.20784314, 0.101960786, 0.5176471), (0.20784314, 0.101960786, 0.5176471), (0.20784314, 0.101960786, 0.5176471), (0.20784314, 0.101960786, 0.5176471), (0.20784314, 0.101960786, 0.5176471), (0.20784314, 0.101960786, 0.5176471), (0.20784314, 0.101960786, 0.5176471), (0.20784314, 0.101960786, 0.5176471), (0.20784314, 0.101960786, 0.5176471), (0.20784314, 0.101960786, 0.5176471), (0.20784314, 0.101960786, 0.5176471), (0.20784314, 0.101960786, 0.5176471), (0.20784314, 0.101960786, 0.5176471), (0.20784314, 0.101960786, 0.5176471), (0.20784314, 0.101960786, 0.5176471), (0.20784314, 0.101960786, 0.5176471), (0.20784314, 0.101960786, 0.5176471), (0.20784314, 0.101960786, 0.5176471), (0.20784314, 0.101960786, 0.5176471), (0.20784314, 0.101960786, 0.5176471), (0.20784314, 0.101960786, 0.5176471), (0.20784314, 0.101960786, 0.5176471), (0.20784314, 0.101960786, 0.5176471), (0.20784314, 0.101960786, 0.5176471), (0.20784314, 0.101960786, 0.5176471), (0.20784314, 0.101960786, 0.5176471), (0.20784314, 0.101960786, 0.5176471), (0.20784314, 0.101960786, 0.5176471), (0.20784314, 0.101960786, 0.5176471), (0.20784314, 0.101960786, 0.5176471), (0.20784314, 0.101960786, 0.5176471), (0.20784314, 0.101960786, 0.5176471), (0.20784314, 0.101960786, 0.5176471), (0.20784314, 0.101960786, 0.5176471), (0.20784314, 0.101960786, 0.5176471), (0.20784314, 0.101960786, 0.5176471), (0.20784314, 0.101960786, 0.5176471), (0.20784314, 0.101960786, 0.5176471), (0.20784314, 0.101960786, 0.5176471), (0.20784314, 0.101960786, 0.5176471), (0.20784314, 0.101960786, 0.5176471), (0.20784314, 0.101960786, 0.5176471), (0.20784314, 0.101960786, 0.5176471), (0.20784314, 0.101960786, 0.5176471), (0.20784314, 0.101960786, 0.5176471), (0.20784314, 0.101960786, 0.5176471), (0.20784314, 0.101960786, 0.5176471), (0.20784314, 0.101960786, 0.5176471), (0.20784314, 0.101960786, 0.5176471), (0.20784314, 0.101960786, 0.5176471), (0.20784314, 0.101960786, 0.5176471), (0.20784314, 0.101960786, 0.5176471), (0.20784314, 0.101960786, 0.5176471), (0.20784314, 0.101960786, 0.5176471), (0.20784314, 0.101960786, 0.5176471), (0.20784314, 0.101960786, 0.5176471), (0.20784314, 0.101960786, 0.5176471), (0.20784314, 0.101960786, 0.5176471), (0.20784314, 0.101960786, 0.5176471), (0.20784314, 0.101960786, 0.5176471), (0.20784314, 0.101960786, 0.5176471), (0.20784314, 0.101960786, 0.5176471), (0.20784314, 0.101960786, 0.5176471), (0.20784314, 0.101960786, 0.5176471), (0.20784314, 0.101960786, 0.5176471), (0.20784314, 0.101960786, 0.5176471), (0.20784314, 0.101960786, 0.5176471), (0.20784314, 0.101960786, 0.5176471), (0.20784314, 0.101960786, 0.5176471), (0.20784314, 0.101960786, 0.5176471), (0.20784314, 0.101960786, 0.5176471), (0.20784314, 0.101960786, 0.5176471), (0.20784314, 0.101960786, 0.5176471), (0.20784314, 0.101960786, 0.5176471), (0.20784314, 0.101960786, 0.5176471), (0.20784314, 0.101960786, 0.5176471), (0.20784314, 0.101960786, 0.5176471), (0.20784314, 0.101960786, 0.5176471), (0.20784314, 0.101960786, 0.5176471), (0.20784314, 0.101960786, 0.5176471), (0.20784314, 0.101960786, 0.5176471), (0.20784314, 0.101960786, 0.5176471), (0.20784314, 0.101960786, 0.5176471), (0.20784314, 0.101960786, 0.5176471), (0.20784314, 0.101960786, 0.5176471), (0.20784314, 0.101960786, 0.5176471), (0.20784314, 0.101960786, 0.5176471), (0.20784314, 0.101960786, 0.5176471), (0.20784314, 0.101960786, 0.5176471), (0.20784314, 0.101960786, 0.5176471), (0.20784314, 0.101960786, 0.5176471), (0.20784314, 0.101960786, 0.5176471), (0.20784314, 0.101960786, 0.5176471), (0.20784314, 0.101960786, 0.5176471), (0.20784314, 0.101960786, 0.5176471), (0.20784314, 0.101960786, 0.5176471), (0.20784314, 0.101960786, 0.5176471), (0.20784314, 0.101960786, 0.5176471), (0.20784314, 0.101960786, 0.5176471), (0.20784314, 0.101960786, 0.5176471), (0.20784314, 0.101960786, 0.5176471), (0.20784314, 0.101960786, 0.5176471), (0.20784314, 0.101960786, 0.5176471), (0.20784314, 0.101960786, 0.5176471), (0.20784314, 0.101960786, 0.5176471), (0.20784314, 0.101960786, 0.5176471), (0.20784314, 0.101960786, 0.5176471), (0.20784314, 0.101960786, 0.5176471), (0.20784314, 0.101960786, 0.5176471), (0.20784314, 0.101960786, 0.5176471), (0.20784314, 0.101960786, 0.5176471), (0.20784314, 0.101960786, 0.5176471), (0.20784314, 0.101960786, 0.5176471), (0.20784314, 0.101960786, 0.5176471), (0.20784314, 0.101960786, 0.5176471), (0.20784314, 0.101960786, 0.5176471), (0.20784314, 0.101960786, 0.5176471), (0.20784314, 0.101960786, 0.5176471), (0.20784314, 0.101960786, 0.5176471), (0.20784314, 0.101960786, 0.5176471), (0.20784314, 0.101960786, 0.5176471), (0.20784314, 0.101960786, 0.5176471), (0.20784314, 0.101960786, 0.5176471), (0.20784314, 0.101960786, 0.5176471), (0.20784314, 0.101960786, 0.5176471), (0.20784314, 0.101960786, 0.5176471), (0.20784314, 0.101960786, 0.5176471), (0.20784314, 0.101960786, 0.5176471), (0.20784314, 0.101960786, 0.5176471), (0.20784314, 0.101960786, 0.5176471), (0.20784314, 0.101960786, 0.5176471), (0.20784314, 0.101960786, 0.5176471), (0.20784314, 0.101960786, 0.5176471), (0.20784314, 0.101960786, 0.5176471), (0.20784314, 0.101960786, 0.5176471), (0.20784314, 0.101960786, 0.5176471), (0.20784314, 0.101960786, 0.5176471), (0.20784314, 0.101960786, 0.5176471), (0.20784314, 0.101960786, 0.5176471), (0.20784314, 0.101960786, 0.5176471), (0.20784314, 0.101960786, 0.5176471), (0.20784314, 0.101960786, 0.5176471), (0.20784314, 0.101960786, 0.5176471), (0.20784314, 0.101960786, 0.5176471), (0.20784314, 0.101960786, 0.5176471), (0.20784314, 0.101960786, 0.5176471), (0.20784314, 0.101960786, 0.5176471), (0.20784314, 0.101960786, 0.5176471), (0.20784314, 0.101960786, 0.5176471), (0.20784314, 0.101960786, 0.5176471), (0.20784314, 0.101960786, 0.5176471), (0.20784314, 0.101960786, 0.5176471), (0.20784314, 0.101960786, 0.5176471), (0.20784314, 0.101960786, 0.5176471), (0.20784314, 0.101960786, 0.5176471), (0.20784314, 0.101960786, 0.5176471), (0.20784314, 0.101960786, 0.5176471), (0.20784314, 0.101960786, 0.5176471), (0.20784314, 0.101960786, 0.5176471), (0.20784314, 0.101960786, 0.5176471), (0.20784314, 0.101960786, 0.5176471), (0.20784314, 0.101960786, 0.5176471), (0.20784314, 0.101960786, 0.5176471), (0.20784314, 0.101960786, 0.5176471), (0.20784314, 0.101960786, 0.5176471), (0.20784314, 0.101960786, 0.5176471), (0.20784314, 0.101960786, 0.5176471), (0.20784314, 0.101960786, 0.5176471), (0.20784314, 0.101960786, 0.5176471), (0.20784314, 0.101960786, 0.5176471), (0.20784314, 0.101960786, 0.5176471), (0.20784314, 0.101960786, 0.5176471), (0.20784314, 0.101960786, 0.5176471), (0.20784314, 0.101960786, 0.5176471), (0.20784314, 0.101960786, 0.5176471), (0.20784314, 0.101960786, 0.5176471), (0.20784314, 0.101960786, 0.5176471), (0.20784314, 0.101960786, 0.5176471), (0.20784314, 0.101960786, 0.5176471), (0.20784314, 0.101960786, 0.5176471), (0.20784314, 0.101960786, 0.5176471), (0.20784314, 0.101960786, 0.5176471), (0.20784314, 0.101960786, 0.5176471), (0.20784314, 0.101960786, 0.5176471), (0.20784314, 0.101960786, 0.5176471), (0.20784314, 0.101960786, 0.5176471), (0.20784314, 0.101960786, 0.5176471), (0.20784314, 0.101960786, 0.5176471), (0.20784314, 0.101960786, 0.5176471), (0.20784314, 0.101960786, 0.5176471), (0.20784314, 0.101960786, 0.5176471), (0.20784314, 0.101960786, 0.5176471), (0.20784314, 0.101960786, 0.5176471), (0.20784314, 0.101960786, 0.5176471), (0.20784314, 0.101960786, 0.5176471), (0.20784314, 0.101960786, 0.5176471), (0.20784314, 0.101960786, 0.5176471), (0.20784314, 0.101960786, 0.5176471), (0.20784314, 0.101960786, 0.5176471), (0.20784314, 0.101960786, 0.5176471), (0.20784314, 0.101960786, 0.5176471), (0.20784314, 0.101960786, 0.5176471), (0.20784314, 0.101960786, 0.5176471), (0.20784314, 0.101960786, 0.5176471), (0.20784314, 0.101960786, 0.5176471), (0.20784314, 0.101960786, 0.5176471), (0.20784314, 0.101960786, 0.5176471), (0.20784314, 0.101960786, 0.5176471), (0.20784314, 0.101960786, 0.5176471), (0.20784314, 0.101960786, 0.5176471), (0.20784314, 0.101960786, 0.5176471), (0.20784314, 0.101960786, 0.5176471), (0.20784314, 0.101960786, 0.5176471), (0.20784314, 0.101960786, 0.5176471), (0.20784314, 0.101960786, 0.5176471), (0.20784314, 0.101960786, 0.5176471), (0.20784314, 0.101960786, 0.5176471), (0.20784314, 0.101960786, 0.5176471), (0.20784314, 0.101960786, 0.5176471), (0.20784314, 0.101960786, 0.5176471), (0.20784314, 0.101960786, 0.5176471), (0.20784314, 0.101960786, 0.5176471), (0.20784314, 0.101960786, 0.5176471), (0.20784314, 0.101960786, 0.5176471), (0.20784314, 0.101960786, 0.5176471), (0.20784314, 0.101960786, 0.5176471), (0.20784314, 0.101960786, 0.5176471), (0.20784314, 0.101960786, 0.5176471), (0.20784314, 0.101960786, 0.5176471), (0.20784314, 0.101960786, 0.5176471), (0.20784314, 0.101960786, 0.5176471), (0.20784314, 0.101960786, 0.5176471), (0.20784314, 0.101960786, 0.5176471), (0.20784314, 0.101960786, 0.5176471), (0.20784314, 0.101960786, 0.5176471), (0.20784314, 0.101960786, 0.5176471), (0.20784314, 0.101960786, 0.5176471), (0.20784314, 0.101960786, 0.5176471), (0.20784314, 0.101960786, 0.5176471), (0.20784314, 0.101960786, 0.5176471), (0.20784314, 0.101960786, 0.5176471), (0.20784314, 0.101960786, 0.5176471), (0.20784314, 0.101960786, 0.5176471), (0.20784314, 0.101960786, 0.5176471), (0.20784314, 0.101960786, 0.5176471), (0.20784314, 0.101960786, 0.5176471), (0.20784314, 0.101960786, 0.5176471), (0.20784314, 0.101960786, 0.5176471), (0.20784314, 0.101960786, 0.5176471), (0.20784314, 0.101960786, 0.5176471), (0.20784314, 0.101960786, 0.5176471), (0.20784314, 0.101960786, 0.5176471), (0.20784314, 0.101960786, 0.5176471), (0.20784314, 0.101960786, 0.5176471), (0.20784314, 0.101960786, 0.5176471), (0.20784314, 0.101960786, 0.5176471), (0.20784314, 0.101960786, 0.5176471), (0.20784314, 0.101960786, 0.5176471), (0.20784314, 0.101960786, 0.5176471), (0.20784314, 0.101960786, 0.5176471), (0.20784314, 0.101960786, 0.5176471), (0.20784314, 0.101960786, 0.5176471), (0.20784314, 0.101960786, 0.5176471), (0.20784314, 0.101960786, 0.5176471), (0.20784314, 0.101960786, 0.5176471), (0.20784314, 0.101960786, 0.5176471), (0.20784314, 0.101960786, 0.5176471), (0.20784314, 0.101960786, 0.5176471), (0.20784314, 0.101960786, 0.5176471), (0.20784314, 0.101960786, 0.5176471), (0.20784314, 0.101960786, 0.5176471), (0.20784314, 0.101960786, 0.5176471), (0.20784314, 0.101960786, 0.5176471), (0.20784314, 0.101960786, 0.5176471), (0.20784314, 0.101960786, 0.5176471), (0.20784314, 0.101960786, 0.5176471), (0.20784314, 0.101960786, 0.5176471), (0.20784314, 0.101960786, 0.5176471), (0.20784314, 0.101960786, 0.5176471), (0.20784314, 0.101960786, 0.5176471), (0.20784314, 0.101960786, 0.5176471), (0.20784314, 0.101960786, 0.5176471), (0.20784314, 0.101960786, 0.5176471), (0.20784314, 0.101960786, 0.5176471), (0.20784314, 0.101960786, 0.5176471), (0.20784314, 0.101960786, 0.5176471), (0.20784314, 0.101960786, 0.5176471), (0.20784314, 0.101960786, 0.5176471), (0.20784314, 0.101960786, 0.5176471), (0.20784314, 0.101960786, 0.5176471), (0.20784314, 0.101960786, 0.5176471), (0.20784314, 0.101960786, 0.5176471), (0.20784314, 0.101960786, 0.5176471), (0.20784314, 0.101960786, 0.5176471), (0.20784314, 0.101960786, 0.5176471), (0.20784314, 0.101960786, 0.5176471), (0.20784314, 0.101960786, 0.5176471), (0.20784314, 0.101960786, 0.5176471), (0.20784314, 0.101960786, 0.5176471), (0.20784314, 0.101960786, 0.5176471), (0.20784314, 0.101960786, 0.5176471), (0.20784314, 0.101960786, 0.5176471), (0.20784314, 0.101960786, 0.5176471), (0.20784314, 0.101960786, 0.5176471), (0.20784314, 0.101960786, 0.5176471), (0.20784314, 0.101960786, 0.5176471), (0.20784314, 0.101960786, 0.5176471), (0.20784314, 0.101960786, 0.5176471), (0.20784314, 0.101960786, 0.5176471), (0.20784314, 0.101960786, 0.5176471), (0.20784314, 0.101960786, 0.5176471), (0.20784314, 0.101960786, 0.5176471), (0.20784314, 0.101960786, 0.5176471), (0.20784314, 0.101960786, 0.5176471), (0.20784314, 0.101960786, 0.5176471), (0.20784314, 0.101960786, 0.5176471), (0.20784314, 0.101960786, 0.5176471), (0.20784314, 0.101960786, 0.5176471), (0.20784314, 0.101960786, 0.5176471), (0.20784314, 0.101960786, 0.5176471), (0.20784314, 0.101960786, 0.5176471), (0.20784314, 0.101960786, 0.5176471), (0.20784314, 0.101960786, 0.5176471), (0.20784314, 0.101960786, 0.5176471), (0.20784314, 0.101960786, 0.5176471), (0.20784314, 0.101960786, 0.5176471), (0.20784314, 0.101960786, 0.5176471), (0.20784314, 0.101960786, 0.5176471), (0.20784314, 0.101960786, 0.5176471), (0.20784314, 0.101960786, 0.5176471), (0.20784314, 0.101960786, 0.5176471), (0.20784314, 0.101960786, 0.5176471), (0.20784314, 0.101960786, 0.5176471), (0.20784314, 0.101960786, 0.5176471), (0.20784314, 0.101960786, 0.5176471), (0.20784314, 0.101960786, 0.5176471), (0.20784314, 0.101960786, 0.5176471), (0.20784314, 0.101960786, 0.5176471), (0.20784314, 0.101960786, 0.5176471), (0.20784314, 0.101960786, 0.5176471), (0.20784314, 0.101960786, 0.5176471), (0.20784314, 0.101960786, 0.5176471), (0.20784314, 0.101960786, 0.5176471), (0.20784314, 0.101960786, 0.5176471), (0.20784314, 0.101960786, 0.5176471), (0.20784314, 0.101960786, 0.5176471), (0.20784314, 0.101960786, 0.5176471), (0.20784314, 0.101960786, 0.5176471), (0.20784314, 0.101960786, 0.5176471), (0.20784314, 0.101960786, 0.5176471), (0.20784314, 0.101960786, 0.5176471), (0.20784314, 0.101960786, 0.5176471), (0.20784314, 0.101960786, 0.5176471), (0.20784314, 0.101960786, 0.5176471), (0.20784314, 0.101960786, 0.5176471), (0.20784314, 0.101960786, 0.5176471), (0.20784314, 0.101960786, 0.5176471), (0.20784314, 0.101960786, 0.5176471), (0.20784314, 0.101960786, 0.5176471), (0.20784314, 0.101960786, 0.5176471), (0.20784314, 0.101960786, 0.5176471), (0.20784314, 0.101960786, 0.5176471), (0.20784314, 0.101960786, 0.5176471), (0.20784314, 0.101960786, 0.5176471), (0.20784314, 0.101960786, 0.5176471), (0.20784314, 0.101960786, 0.5176471), (0.20784314, 0.101960786, 0.5176471), (0.20784314, 0.101960786, 0.5176471), (0.20784314, 0.101960786, 0.5176471), (0.20784314, 0.101960786, 0.5176471), (0.20784314, 0.101960786, 0.5176471), (0.20784314, 0.101960786, 0.5176471), (0.20784314, 0.101960786, 0.5176471), (0.20784314, 0.101960786, 0.5176471), (0.20784314, 0.101960786, 0.5176471), (0.20784314, 0.101960786, 0.5176471), (0.20784314, 0.101960786, 0.5176471), (0.20784314, 0.101960786, 0.5176471), (0.20784314, 0.101960786, 0.5176471), (0.20784314, 0.101960786, 0.5176471), (0.20784314, 0.101960786, 0.5176471), (0.20784314, 0.101960786, 0.5176471), (0.20784314, 0.101960786, 0.5176471), (0.20784314, 0.101960786, 0.5176471), (0.20784314, 0.101960786, 0.5176471), (0.20784314, 0.101960786, 0.5176471), (0.20784314, 0.101960786, 0.5176471), (0.20784314, 0.101960786, 0.5176471), (0.20784314, 0.101960786, 0.5176471), (0.20784314, 0.101960786, 0.5176471), (0.20784314, 0.101960786, 0.5176471), (0.20784314, 0.101960786, 0.5176471), (0.20784314, 0.101960786, 0.5176471), (0.20784314, 0.101960786, 0.5176471), (0.20784314, 0.101960786, 0.5176471), (0.20784314, 0.101960786, 0.5176471), (0.20784314, 0.101960786, 0.5176471), (0.20784314, 0.101960786, 0.5176471), (0.20784314, 0.101960786, 0.5176471), (0.20784314, 0.101960786, 0.5176471), (0.20784314, 0.101960786, 0.5176471), (0.20784314, 0.101960786, 0.5176471), (0.20784314, 0.101960786, 0.5176471), (0.20784314, 0.101960786, 0.5176471), (0.20784314, 0.101960786, 0.5176471), (0.20784314, 0.101960786, 0.5176471), (0.20784314, 0.101960786, 0.5176471), (0.20784314, 0.101960786, 0.5176471), (0.20784314, 0.101960786, 0.5176471), (0.20784314, 0.101960786, 0.5176471), (0.20784314, 0.101960786, 0.5176471), (0.20784314, 0.101960786, 0.5176471), (0.20784314, 0.101960786, 0.5176471), (0.20784314, 0.101960786, 0.5176471), (0.20784314, 0.101960786, 0.5176471), (0.20784314, 0.101960786, 0.5176471), (0.20784314, 0.101960786, 0.5176471), (0.20784314, 0.101960786, 0.5176471), (0.20784314, 0.101960786, 0.5176471), (0.20784314, 0.101960786, 0.5176471), (0.20784314, 0.101960786, 0.5176471), (0.20784314, 0.101960786, 0.5176471), (0.20784314, 0.101960786, 0.5176471), (0.20784314, 0.101960786, 0.5176471), (0.20784314, 0.101960786, 0.5176471), (0.20784314, 0.101960786, 0.5176471), (0.20784314, 0.101960786, 0.5176471), (0.20784314, 0.101960786, 0.5176471), (0.20784314, 0.101960786, 0.5176471), (0.20784314, 0.101960786, 0.5176471), (0.20784314, 0.101960786, 0.5176471), (0.20784314, 0.101960786, 0.5176471), (0.20784314, 0.101960786, 0.5176471), (0.20784314, 0.101960786, 0.5176471), (0.20784314, 0.101960786, 0.5176471), (0.20784314, 0.101960786, 0.5176471), (0.20784314, 0.101960786, 0.5176471), (0.20784314, 0.101960786, 0.5176471), (0.20784314, 0.101960786, 0.5176471), (0.20784314, 0.101960786, 0.5176471), (0.20784314, 0.101960786, 0.5176471), (0.20784314, 0.101960786, 0.5176471), (0.20784314, 0.101960786, 0.5176471), (0.20784314, 0.101960786, 0.5176471), (0.20784314, 0.101960786, 0.5176471), (0.20784314, 0.101960786, 0.5176471), (0.20784314, 0.101960786, 0.5176471), (0.20784314, 0.101960786, 0.5176471), (0.20784314, 0.101960786, 0.5176471), (0.20784314, 0.101960786, 0.5176471), (0.20784314, 0.101960786, 0.5176471), (0.20784314, 0.101960786, 0.5176471), (0.20784314, 0.101960786, 0.5176471), (0.20784314, 0.101960786, 0.5176471), (0.20784314, 0.101960786, 0.5176471), (0.20784314, 0.101960786, 0.5176471), (0.20784314, 0.101960786, 0.5176471), (0.20784314, 0.101960786, 0.5176471), (0.20784314, 0.101960786, 0.5176471), (0.20784314, 0.101960786, 0.5176471), (0.20784314, 0.101960786, 0.5176471), (0.20784314, 0.101960786, 0.5176471), (0.20784314, 0.101960786, 0.5176471), (0.20784314, 0.101960786, 0.5176471), (0.20784314, 0.101960786, 0.5176471), (0.20784314, 0.101960786, 0.5176471), (0.20784314, 0.101960786, 0.5176471), (0.20784314, 0.101960786, 0.5176471), (0.20784314, 0.101960786, 0.5176471), (0.20784314, 0.101960786, 0.5176471), (0.20784314, 0.101960786, 0.5176471), (0.20784314, 0.101960786, 0.5176471), (0.20784314, 0.101960786, 0.5176471), (0.20784314, 0.101960786, 0.5176471), (0.20784314, 0.101960786, 0.5176471), (0.20784314, 0.101960786, 0.5176471), (0.20784314, 0.101960786, 0.5176471), (0.20784314, 0.101960786, 0.5176471), (0.20784314, 0.101960786, 0.5176471), (0.20784314, 0.101960786, 0.5176471), (0.20784314, 0.101960786, 0.5176471), (0.20784314, 0.101960786, 0.5176471), (0.20784314, 0.101960786, 0.5176471), (0.20784314, 0.101960786, 0.5176471), (0.20784314, 0.101960786, 0.5176471), (0.20784314, 0.101960786, 0.5176471), (0.20784314, 0.101960786, 0.5176471), (0.20784314, 0.101960786, 0.5176471), (0.20784314, 0.101960786, 0.5176471), (0.20784314, 0.101960786, 0.5176471), (0.20784314, 0.101960786, 0.5176471), (0.20784314, 0.101960786, 0.5176471), (0.20784314, 0.101960786, 0.5176471), (0.20784314, 0.101960786, 0.5176471), (0.20784314, 0.101960786, 0.5176471), (0.20784314, 0.101960786, 0.5176471), (0.20784314, 0.101960786, 0.5176471), (0.20784314, 0.101960786, 0.5176471), (0.20784314, 0.101960786, 0.5176471), (0.20784314, 0.101960786, 0.5176471), (0.20784314, 0.101960786, 0.5176471), (0.20784314, 0.101960786, 0.5176471), (0.20784314, 0.101960786, 0.5176471), (0.20784314, 0.101960786, 0.5176471), (0.20784314, 0.101960786, 0.5176471), (0.20784314, 0.101960786, 0.5176471), (0.20784314, 0.101960786, 0.5176471), (0.20784314, 0.101960786, 0.5176471), (0.20784314, 0.101960786, 0.5176471), (0.20784314, 0.101960786, 0.5176471), (0.20784314, 0.101960786, 0.5176471), (0.20784314, 0.101960786, 0.5176471), (0.20784314, 0.101960786, 0.5176471), (0.20784314, 0.101960786, 0.5176471), (0.20784314, 0.101960786, 0.5176471), (0.20784314, 0.101960786, 0.5176471), (0.20784314, 0.101960786, 0.5176471), (0.20784314, 0.101960786, 0.5176471), (0.20784314, 0.101960786, 0.5176471), (0.20784314, 0.101960786, 0.5176471), (0.20784314, 0.101960786, 0.5176471), (0.20784314, 0.101960786, 0.5176471), (0.20784314, 0.101960786, 0.5176471), (0.20784314, 0.101960786, 0.5176471), (0.20784314, 0.101960786, 0.5176471), (0.20784314, 0.101960786, 0.5176471), (0.20784314, 0.101960786, 0.5176471), (0.20784314, 0.101960786, 0.5176471), (0.20784314, 0.101960786, 0.5176471), (0.20784314, 0.101960786, 0.5176471), (0.20784314, 0.101960786, 0.5176471), (0.20784314, 0.101960786, 0.5176471), (0.20784314, 0.101960786, 0.5176471), (0.20784314, 0.101960786, 0.5176471), (0.20784314, 0.101960786, 0.5176471), (0.20784314, 0.101960786, 0.5176471), (0.20784314, 0.101960786, 0.5176471), (0.20784314, 0.101960786, 0.5176471), (0.20784314, 0.101960786, 0.5176471), (0.20784314, 0.101960786, 0.5176471), (0.20784314, 0.101960786, 0.5176471), (0.20784314, 0.101960786, 0.5176471), (0.20784314, 0.101960786, 0.5176471), (0.20784314, 0.101960786, 0.5176471), (0.20784314, 0.101960786, 0.5176471), (0.20784314, 0.101960786, 0.5176471), (0.20784314, 0.101960786, 0.5176471), (0.20784314, 0.101960786, 0.5176471), (0.20784314, 0.101960786, 0.5176471), (0.20784314, 0.101960786, 0.5176471), (0.20784314, 0.101960786, 0.5176471), (0.20784314, 0.101960786, 0.5176471), (0.20784314, 0.101960786, 0.5176471), (0.20784314, 0.101960786, 0.5176471), (0.20784314, 0.101960786, 0.5176471), (0.20784314, 0.101960786, 0.5176471), (0.20784314, 0.101960786, 0.5176471), (0.20784314, 0.101960786, 0.5176471), (0.20784314, 0.101960786, 0.5176471), (0.20784314, 0.101960786, 0.5176471), (0.20784314, 0.101960786, 0.5176471), (0.20784314, 0.101960786, 0.5176471), (0.20784314, 0.101960786, 0.5176471), (0.20784314, 0.101960786, 0.5176471), (0.20784314, 0.101960786, 0.5176471), (0.20784314, 0.101960786, 0.5176471), (0.20784314, 0.101960786, 0.5176471), (0.20784314, 0.101960786, 0.5176471), (0.20784314, 0.101960786, 0.5176471), (0.20784314, 0.101960786, 0.5176471), (0.20784314, 0.101960786, 0.5176471), (0.20784314, 0.101960786, 0.5176471), (0.20784314, 0.101960786, 0.5176471), (0.20784314, 0.101960786, 0.5176471), (0.20784314, 0.101960786, 0.5176471), (0.20784314, 0.101960786, 0.5176471), (0.20784314, 0.101960786, 0.5176471), (0.20784314, 0.101960786, 0.5176471), (0.20784314, 0.101960786, 0.5176471), (0.20784314, 0.101960786, 0.5176471), (0.20784314, 0.101960786, 0.5176471), (0.20784314, 0.101960786, 0.5176471), (0.20784314, 0.101960786, 0.5176471), (0.20784314, 0.101960786, 0.5176471), (0.20784314, 0.101960786, 0.5176471), (0.20784314, 0.101960786, 0.5176471), (0.20784314, 0.101960786, 0.5176471), (0.20784314, 0.101960786, 0.5176471), (0.20784314, 0.101960786, 0.5176471), (0.20784314, 0.101960786, 0.5176471), (0.20784314, 0.101960786, 0.5176471), (0.20784314, 0.101960786, 0.5176471), (0.20784314, 0.101960786, 0.5176471), (0.20784314, 0.101960786, 0.5176471), (0.20784314, 0.101960786, 0.5176471), (0.20784314, 0.101960786, 0.5176471), (0.20784314, 0.101960786, 0.5176471), (0.20784314, 0.101960786, 0.5176471), (0.20784314, 0.101960786, 0.5176471), (0.20784314, 0.101960786, 0.5176471), (0.20784314, 0.101960786, 0.5176471), (0.20784314, 0.101960786, 0.5176471), (0.20784314, 0.101960786, 0.5176471), (0.20784314, 0.101960786, 0.5176471), (0.20784314, 0.101960786, 0.5176471), (0.20784314, 0.101960786, 0.5176471), (0.20784314, 0.101960786, 0.5176471), (0.20784314, 0.101960786, 0.5176471), (0.20784314, 0.101960786, 0.5176471), (0.20784314, 0.101960786, 0.5176471), (0.20784314, 0.101960786, 0.5176471), (0.20784314, 0.101960786, 0.5176471), (0.20784314, 0.101960786, 0.5176471), (0.20784314, 0.101960786, 0.5176471), (0.20784314, 0.101960786, 0.5176471), (0.20784314, 0.101960786, 0.5176471), (0.20784314, 0.101960786, 0.5176471), (0.20784314, 0.101960786, 0.5176471), (0.20784314, 0.101960786, 0.5176471), (0.20784314, 0.101960786, 0.5176471), (0.20784314, 0.101960786, 0.5176471), (0.20784314, 0.101960786, 0.5176471), (0.20784314, 0.101960786, 0.5176471), (0.20784314, 0.101960786, 0.5176471), (0.20784314, 0.101960786, 0.5176471), (0.20784314, 0.101960786, 0.5176471), (0.20784314, 0.101960786, 0.5176471), (0.20784314, 0.101960786, 0.5176471), (0.20784314, 0.101960786, 0.5176471), (0.20784314, 0.101960786, 0.5176471), (0.20784314, 0.101960786, 0.5176471), (0.20784314, 0.101960786, 0.5176471), (0.20784314, 0.101960786, 0.5176471), (0.20784314, 0.101960786, 0.5176471), (0.20784314, 0.101960786, 0.5176471), (0.20784314, 0.101960786, 0.5176471), (0.20784314, 0.101960786, 0.5176471), (0.20784314, 0.101960786, 0.5176471), (0.20784314, 0.101960786, 0.5176471), (0.20784314, 0.101960786, 0.5176471), (0.20784314, 0.101960786, 0.5176471), (0.20784314, 0.101960786, 0.5176471), (0.20784314, 0.101960786, 0.5176471), (0.20784314, 0.101960786, 0.5176471), (0.20784314, 0.101960786, 0.5176471), (0.20784314, 0.101960786, 0.5176471), (0.20784314, 0.101960786, 0.5176471), (0.20784314, 0.101960786, 0.5176471), (0.20784314, 0.101960786, 0.5176471), (0.20784314, 0.101960786, 0.5176471), (0.20784314, 0.101960786, 0.5176471), (0.20784314, 0.101960786, 0.5176471), (0.20784314, 0.101960786, 0.5176471), (0.20784314, 0.101960786, 0.5176471), (0.20784314, 0.101960786, 0.5176471), (0.20784314, 0.101960786, 0.5176471), (0.20784314, 0.101960786, 0.5176471), (0.20784314, 0.101960786, 0.5176471), (0.20784314, 0.101960786, 0.5176471), (0.20784314, 0.101960786, 0.5176471), (0.20784314, 0.101960786, 0.5176471), (0.20784314, 0.101960786, 0.5176471), (0.20784314, 0.101960786, 0.5176471), (0.20784314, 0.101960786, 0.5176471), (0.20784314, 0.101960786, 0.5176471), (0.20784314, 0.101960786, 0.5176471), (0.20784314, 0.101960786, 0.5176471), (0.20784314, 0.101960786, 0.5176471), (0.20784314, 0.101960786, 0.5176471), (0.20784314, 0.101960786, 0.5176471), (0.20784314, 0.101960786, 0.5176471), (0.20784314, 0.101960786, 0.5176471), (0.20784314, 0.101960786, 0.5176471), (0.20784314, 0.101960786, 0.5176471), (0.20784314, 0.101960786, 0.5176471), (0.20784314, 0.101960786, 0.5176471), (0.20784314, 0.101960786, 0.5176471), (0.20784314, 0.101960786, 0.5176471), (0.20784314, 0.101960786, 0.5176471), (0.20784314, 0.101960786, 0.5176471), (0.20784314, 0.101960786, 0.5176471), (0.20784314, 0.101960786, 0.5176471), (0.20784314, 0.101960786, 0.5176471), (0.20784314, 0.101960786, 0.5176471), (0.20784314, 0.101960786, 0.5176471), (0.20784314, 0.101960786, 0.5176471), (0.20784314, 0.101960786, 0.5176471), (0.20784314, 0.101960786, 0.5176471), (0.20784314, 0.101960786, 0.5176471), (0.20784314, 0.101960786, 0.5176471), (0.20784314, 0.101960786, 0.5176471), (0.20784314, 0.101960786, 0.5176471), (0.20784314, 0.101960786, 0.5176471), (0.20784314, 0.101960786, 0.5176471), (0.20784314, 0.101960786, 0.5176471), (0.20784314, 0.101960786, 0.5176471), (0.20784314, 0.101960786, 0.5176471), (0.20784314, 0.101960786, 0.5176471), (0.20784314, 0.101960786, 0.5176471), (0.20784314, 0.101960786, 0.5176471), (0.20784314, 0.101960786, 0.5176471), (0.20784314, 0.101960786, 0.5176471), (0.20784314, 0.101960786, 0.5176471), (0.20784314, 0.101960786, 0.5176471), (0.20784314, 0.101960786, 0.5176471), (0.20784314, 0.101960786, 0.5176471), (0.20784314, 0.101960786, 0.5176471), (0.20784314, 0.101960786, 0.5176471), (0.20784314, 0.101960786, 0.5176471), (0.20784314, 0.101960786, 0.5176471), (0.20784314, 0.101960786, 0.5176471), (0.20784314, 0.101960786, 0.5176471), (0.20784314, 0.101960786, 0.5176471), (0.20784314, 0.101960786, 0.5176471), (0.20784314, 0.101960786, 0.5176471), (0.20784314, 0.101960786, 0.5176471), (0.20784314, 0.101960786, 0.5176471), (0.20784314, 0.101960786, 0.5176471), (0.20784314, 0.101960786, 0.5176471), (0.20784314, 0.101960786, 0.5176471), (0.20784314, 0.101960786, 0.5176471), (0.20784314, 0.101960786, 0.5176471), (0.20784314, 0.101960786, 0.5176471), (0.20784314, 0.101960786, 0.5176471), (0.20784314, 0.101960786, 0.5176471), (0.20784314, 0.101960786, 0.5176471), (0.20784314, 0.101960786, 0.5176471), (0.20784314, 0.101960786, 0.5176471), (0.20784314, 0.101960786, 0.5176471), (0.20784314, 0.101960786, 0.5176471), (0.20784314, 0.101960786, 0.5176471), (0.20784314, 0.101960786, 0.5176471), (0.20784314, 0.101960786, 0.5176471), (0.20784314, 0.101960786, 0.5176471), (0.20784314, 0.101960786, 0.5176471), (0.20784314, 0.101960786, 0.5176471), (0.20784314, 0.101960786, 0.5176471), (0.20784314, 0.101960786, 0.5176471), (0.20784314, 0.101960786, 0.5176471), (0.20784314, 0.101960786, 0.5176471), (0.20784314, 0.101960786, 0.5176471), (0.20784314, 0.101960786, 0.5176471), (0.20784314, 0.101960786, 0.5176471), (0.20784314, 0.101960786, 0.5176471), (0.20784314, 0.101960786, 0.5176471), (0.20784314, 0.101960786, 0.5176471), (0.20784314, 0.101960786, 0.5176471), (0.20784314, 0.101960786, 0.5176471), (0.20784314, 0.101960786, 0.5176471), (0.20784314, 0.101960786, 0.5176471), (0.20784314, 0.101960786, 0.5176471), (0.20784314, 0.101960786, 0.5176471), (0.20784314, 0.101960786, 0.5176471), (0.20784314, 0.101960786, 0.5176471), (0.20784314, 0.101960786, 0.5176471), (0.20784314, 0.101960786, 0.5176471), (0.20784314, 0.101960786, 0.5176471), (0.20784314, 0.101960786, 0.5176471), (0.20784314, 0.101960786, 0.5176471), (0.20784314, 0.101960786, 0.5176471), (0.20784314, 0.101960786, 0.5176471), (0.20784314, 0.101960786, 0.5176471), (0.20784314, 0.101960786, 0.5176471), (0.20784314, 0.101960786, 0.5176471), (0.20784314, 0.101960786, 0.5176471), (0.20784314, 0.101960786, 0.5176471), (0.20784314, 0.101960786, 0.5176471), (0.20784314, 0.101960786, 0.5176471), (0.20784314, 0.101960786, 0.5176471), (0.20784314, 0.101960786, 0.5176471), (0.20784314, 0.101960786, 0.5176471), (0.20784314, 0.101960786, 0.5176471), (0.20784314, 0.101960786, 0.5176471), (0.20784314, 0.101960786, 0.5176471), (0.20784314, 0.101960786, 0.5176471), (0.20784314, 0.101960786, 0.5176471), (0.20784314, 0.101960786, 0.5176471), (0.20784314, 0.101960786, 0.5176471), (0.20784314, 0.101960786, 0.5176471), (0.20784314, 0.101960786, 0.5176471), (0.20784314, 0.101960786, 0.5176471), (0.20784314, 0.101960786, 0.5176471), (0.20784314, 0.101960786, 0.5176471), (0.20784314, 0.101960786, 0.5176471), (0.20784314, 0.101960786, 0.5176471), (0.20784314, 0.101960786, 0.5176471), (0.20784314, 0.101960786, 0.5176471), (0.20784314, 0.101960786, 0.5176471), (0.20784314, 0.101960786, 0.5176471), (0.20784314, 0.101960786, 0.5176471), (0.20784314, 0.101960786, 0.5176471), (0.20784314, 0.101960786, 0.5176471), (0.20784314, 0.101960786, 0.5176471), (0.20784314, 0.101960786, 0.5176471), (0.20784314, 0.101960786, 0.5176471), (0.20784314, 0.101960786, 0.5176471), (0.20784314, 0.101960786, 0.5176471), (0.20784314, 0.101960786, 0.5176471), (0.20784314, 0.101960786, 0.5176471), (0.20784314, 0.101960786, 0.5176471), (0.20784314, 0.101960786, 0.5176471), (0.20784314, 0.101960786, 0.5176471), (0.20784314, 0.101960786, 0.5176471), (0.20784314, 0.101960786, 0.5176471), (0.20784314, 0.101960786, 0.5176471), (0.20784314, 0.101960786, 0.5176471), (0.20784314, 0.101960786, 0.5176471), (0.20784314, 0.101960786, 0.5176471), (0.20784314, 0.101960786, 0.5176471), (0.20784314, 0.101960786, 0.5176471), (0.20784314, 0.101960786, 0.5176471), (0.20784314, 0.101960786, 0.5176471), (0.20784314, 0.101960786, 0.5176471), (0.20784314, 0.101960786, 0.5176471), (0.20784314, 0.101960786, 0.5176471), (0.20784314, 0.101960786, 0.5176471), (0.20784314, 0.101960786, 0.5176471), (0.20784314, 0.101960786, 0.5176471), (0.20784314, 0.101960786, 0.5176471), (0.20784314, 0.101960786, 0.5176471), (0.20784314, 0.101960786, 0.5176471), (0.20784314, 0.101960786, 0.5176471), (0.20784314, 0.101960786, 0.5176471), (0.20784314, 0.101960786, 0.5176471), (0.20784314, 0.101960786, 0.5176471), (0.20784314, 0.101960786, 0.5176471), (0.20784314, 0.101960786, 0.5176471), (0.20784314, 0.101960786, 0.5176471), (0.20784314, 0.101960786, 0.5176471), (0.20784314, 0.101960786, 0.5176471), (0.20784314, 0.101960786, 0.5176471), (0.20784314, 0.101960786, 0.5176471), (0.20784314, 0.101960786, 0.5176471), (0.20784314, 0.101960786, 0.5176471), (0.20784314, 0.101960786, 0.5176471), (0.20784314, 0.101960786, 0.5176471), (0.20784314, 0.101960786, 0.5176471), (0.20784314, 0.101960786, 0.5176471), (0.20784314, 0.101960786, 0.5176471), (0.20784314, 0.101960786, 0.5176471), (0.20784314, 0.101960786, 0.5176471), (0.20784314, 0.101960786, 0.5176471), (0.20784314, 0.101960786, 0.5176471), (0.20784314, 0.101960786, 0.5176471), (0.20784314, 0.101960786, 0.5176471), (0.20784314, 0.101960786, 0.5176471), (0.20784314, 0.101960786, 0.5176471), (0.20784314, 0.101960786, 0.5176471), (0.20784314, 0.101960786, 0.5176471), (0.20784314, 0.101960786, 0.5176471), (0.20784314, 0.101960786, 0.5176471), (0.20784314, 0.101960786, 0.5176471), (0.20784314, 0.101960786, 0.5176471), (0.20784314, 0.101960786, 0.5176471), (0.20784314, 0.101960786, 0.5176471), (0.20784314, 0.101960786, 0.5176471), (0.20784314, 0.101960786, 0.5176471), (0.20784314, 0.101960786, 0.5176471), (0.20784314, 0.101960786, 0.5176471), (0.20784314, 0.101960786, 0.5176471), (0.20784314, 0.101960786, 0.5176471), (0.20784314, 0.101960786, 0.5176471), (0.20784314, 0.101960786, 0.5176471), (0.20784314, 0.101960786, 0.5176471), (0.20784314, 0.101960786, 0.5176471), (0.20784314, 0.101960786, 0.5176471), (0.20784314, 0.101960786, 0.5176471), (0.20784314, 0.101960786, 0.5176471), (0.20784314, 0.101960786, 0.5176471), (0.20784314, 0.101960786, 0.5176471), (0.20784314, 0.101960786, 0.5176471), (0.20784314, 0.101960786, 0.5176471), (0.20784314, 0.101960786, 0.5176471), (0.20784314, 0.101960786, 0.5176471), (0.20784314, 0.101960786, 0.5176471), (0.20784314, 0.101960786, 0.5176471), (0.20784314, 0.101960786, 0.5176471), (0.20784314, 0.101960786, 0.5176471), (0.20784314, 0.101960786, 0.5176471), (0.20784314, 0.101960786, 0.5176471), (0.20784314, 0.101960786, 0.5176471), (0.20784314, 0.101960786, 0.5176471), (0.20784314, 0.101960786, 0.5176471), (0.20784314, 0.101960786, 0.5176471), (0.20784314, 0.101960786, 0.5176471), (0.20784314, 0.101960786, 0.5176471), (0.20784314, 0.101960786, 0.5176471), (0.20784314, 0.101960786, 0.5176471), (0.20784314, 0.101960786, 0.5176471), (0.20784314, 0.101960786, 0.5176471), (0.20784314, 0.101960786, 0.5176471), (0.20784314, 0.101960786, 0.5176471), (0.20784314, 0.101960786, 0.5176471), (0.20784314, 0.101960786, 0.5176471), (0.20784314, 0.101960786, 0.5176471), (0.20784314, 0.101960786, 0.5176471), (0.20784314, 0.101960786, 0.5176471), (0.20784314, 0.101960786, 0.5176471), (0.20784314, 0.101960786, 0.5176471), (0.20784314, 0.101960786, 0.5176471), (0.20784314, 0.101960786, 0.5176471), (0.20784314, 0.101960786, 0.5176471), (0.20784314, 0.101960786, 0.5176471), (0.20784314, 0.101960786, 0.5176471), (0.20784314, 0.101960786, 0.5176471), (0.20784314, 0.101960786, 0.5176471), (0.20784314, 0.101960786, 0.5176471), (0.20784314, 0.101960786, 0.5176471), (0.20784314, 0.101960786, 0.5176471), (0.20784314, 0.101960786, 0.5176471), (0.20784314, 0.101960786, 0.5176471), (0.20784314, 0.101960786, 0.5176471), (0.20784314, 0.101960786, 0.5176471), (0.20784314, 0.101960786, 0.5176471), (0.20784314, 0.101960786, 0.5176471), (0.20784314, 0.101960786, 0.5176471), (0.20784314, 0.101960786, 0.5176471), (0.20784314, 0.101960786, 0.5176471), (0.20784314, 0.101960786, 0.5176471), (0.20784314, 0.101960786, 0.5176471), (0.20784314, 0.101960786, 0.5176471), (0.20784314, 0.101960786, 0.5176471), (0.20784314, 0.101960786, 0.5176471), (0.20784314, 0.101960786, 0.5176471), (0.20784314, 0.101960786, 0.5176471), (0.20784314, 0.101960786, 0.5176471), (0.20784314, 0.101960786, 0.5176471), (0.20784314, 0.101960786, 0.5176471), (0.20784314, 0.101960786, 0.5176471), (0.20784314, 0.101960786, 0.5176471), (0.20784314, 0.101960786, 0.5176471), (0.20784314, 0.101960786, 0.5176471), (0.20784314, 0.101960786, 0.5176471), (0.20784314, 0.101960786, 0.5176471), (0.20784314, 0.101960786, 0.5176471), (0.20784314, 0.101960786, 0.5176471), (0.20784314, 0.101960786, 0.5176471), (0.20784314, 0.101960786, 0.5176471), (0.20784314, 0.101960786, 0.5176471), (0.20784314, 0.101960786, 0.5176471), (0.20784314, 0.101960786, 0.5176471), (0.20784314, 0.101960786, 0.5176471), (0.20784314, 0.101960786, 0.5176471), (0.20784314, 0.101960786, 0.5176471), (0.20784314, 0.101960786, 0.5176471), (0.20784314, 0.101960786, 0.5176471), (0.20784314, 0.101960786, 0.5176471), (0.20784314, 0.101960786, 0.5176471), (0.20784314, 0.101960786, 0.5176471), (0.20784314, 0.101960786, 0.5176471), (0.20784314, 0.101960786, 0.5176471), (0.20784314, 0.101960786, 0.5176471), (0.20784314, 0.101960786, 0.5176471), (0.20784314, 0.101960786, 0.5176471), (0.20784314, 0.101960786, 0.5176471), (0.20784314, 0.101960786, 0.5176471), (0.20784314, 0.101960786, 0.5176471), (0.20784314, 0.101960786, 0.5176471), (0.20784314, 0.101960786, 0.5176471), (0.20784314, 0.101960786, 0.5176471), (0.20784314, 0.101960786, 0.5176471), (0.20784314, 0.101960786, 0.5176471), (0.20784314, 0.101960786, 0.5176471), (0.20784314, 0.101960786, 0.5176471), (0.20784314, 0.101960786, 0.5176471), (0.20784314, 0.101960786, 0.5176471), (0.20784314, 0.101960786, 0.5176471), (0.20784314, 0.101960786, 0.5176471), (0.20784314, 0.101960786, 0.5176471), (0.20784314, 0.101960786, 0.5176471), (0.20784314, 0.101960786, 0.5176471), (0.20784314, 0.101960786, 0.5176471), (0.20784314, 0.101960786, 0.5176471), (0.20784314, 0.101960786, 0.5176471), (0.20784314, 0.101960786, 0.5176471), (0.20784314, 0.101960786, 0.5176471), (0.20784314, 0.101960786, 0.5176471), (0.20784314, 0.101960786, 0.5176471), (0.20784314, 0.101960786, 0.5176471), (0.20784314, 0.101960786, 0.5176471), (0.20784314, 0.101960786, 0.5176471), (0.20784314, 0.101960786, 0.5176471), (0.20784314, 0.101960786, 0.5176471), (0.20784314, 0.101960786, 0.5176471), (0.20784314, 0.101960786, 0.5176471), (0.20784314, 0.101960786, 0.5176471), (0.20784314, 0.101960786, 0.5176471), (0.20784314, 0.101960786, 0.5176471), (0.20784314, 0.101960786, 0.5176471), (0.20784314, 0.101960786, 0.5176471), (0.20784314, 0.101960786, 0.5176471), (0.20784314, 0.101960786, 0.5176471), (0.20784314, 0.101960786, 0.5176471), (0.20784314, 0.101960786, 0.5176471), (0.20784314, 0.101960786, 0.5176471), (0.20784314, 0.101960786, 0.5176471), (0.20784314, 0.101960786, 0.5176471), (0.20784314, 0.101960786, 0.5176471), (0.20784314, 0.101960786, 0.5176471), (0.20784314, 0.101960786, 0.5176471), (0.20784314, 0.101960786, 0.5176471), (0.20784314, 0.101960786, 0.5176471), (0.20784314, 0.101960786, 0.5176471), (0.20784314, 0.101960786, 0.5176471), (0.20784314, 0.101960786, 0.5176471), (0.20784314, 0.101960786, 0.5176471), (0.20784314, 0.101960786, 0.5176471), (0.20784314, 0.101960786, 0.5176471), (0.20784314, 0.101960786, 0.5176471), (0.20784314, 0.101960786, 0.5176471), (0.20784314, 0.101960786, 0.5176471), (0.20784314, 0.101960786, 0.5176471), (0.20784314, 0.101960786, 0.5176471), (0.20784314, 0.101960786, 0.5176471), (0.20784314, 0.101960786, 0.5176471), (0.20784314, 0.101960786, 0.5176471), (0.20784314, 0.101960786, 0.5176471), (0.20784314, 0.101960786, 0.5176471), (0.20784314, 0.101960786, 0.5176471), (0.20784314, 0.101960786, 0.5176471), (0.20784314, 0.101960786, 0.5176471), (0.20784314, 0.101960786, 0.5176471), (0.20784314, 0.101960786, 0.5176471), (0.20784314, 0.101960786, 0.5176471), (0.20784314, 0.101960786, 0.5176471), (0.20784314, 0.101960786, 0.5176471), (0.20784314, 0.101960786, 0.5176471), (0.20784314, 0.101960786, 0.5176471), (0.20784314, 0.101960786, 0.5176471), (0.20784314, 0.101960786, 0.5176471), (0.20784314, 0.101960786, 0.5176471), (0.20784314, 0.101960786, 0.5176471), (0.20784314, 0.101960786, 0.5176471), (0.20784314, 0.101960786, 0.5176471), (0.20784314, 0.101960786, 0.5176471), (0.20784314, 0.101960786, 0.5176471), (0.20784314, 0.101960786, 0.5176471), (0.20784314, 0.101960786, 0.5176471), (0.20784314, 0.101960786, 0.5176471), (0.20784314, 0.101960786, 0.5176471), (0.20784314, 0.101960786, 0.5176471), (0.20784314, 0.101960786, 0.5176471), (0.20784314, 0.101960786, 0.5176471), (0.20784314, 0.101960786, 0.5176471), (0.20784314, 0.101960786, 0.5176471), (0.20784314, 0.101960786, 0.5176471), (0.20784314, 0.101960786, 0.5176471), (0.20784314, 0.101960786, 0.5176471), (0.20784314, 0.101960786, 0.5176471), (0.20784314, 0.101960786, 0.5176471), (0.20784314, 0.101960786, 0.5176471), (0.20784314, 0.101960786, 0.5176471), (0.20784314, 0.101960786, 0.5176471), (0.20784314, 0.101960786, 0.5176471), (0.20784314, 0.101960786, 0.5176471), (0.20784314, 0.101960786, 0.5176471), (0.20784314, 0.101960786, 0.5176471), (0.20784314, 0.101960786, 0.5176471), (0.20784314, 0.101960786, 0.5176471), (0.20784314, 0.101960786, 0.5176471), (0.20784314, 0.101960786, 0.5176471), (0.20784314, 0.101960786, 0.5176471), (0.20784314, 0.101960786, 0.5176471), (0.20784314, 0.101960786, 0.5176471), (0.20784314, 0.101960786, 0.5176471), (0.20784314, 0.101960786, 0.5176471), (0.20784314, 0.101960786, 0.5176471), (0.20784314, 0.101960786, 0.5176471), (0.20784314, 0.101960786, 0.5176471), (0.20784314, 0.101960786, 0.5176471), (0.20784314, 0.101960786, 0.5176471), (0.20784314, 0.101960786, 0.5176471), (0.20784314, 0.101960786, 0.5176471), (0.20784314, 0.101960786, 0.5176471), (0.20784314, 0.101960786, 0.5176471), (0.20784314, 0.101960786, 0.5176471), (0.20784314, 0.101960786, 0.5176471), (0.20784314, 0.101960786, 0.5176471), (0.20784314, 0.101960786, 0.5176471), (0.20784314, 0.101960786, 0.5176471), (0.20784314, 0.101960786, 0.5176471), (0.20784314, 0.101960786, 0.5176471), (0.20784314, 0.101960786, 0.5176471), (0.20784314, 0.101960786, 0.5176471), (0.20784314, 0.101960786, 0.5176471), (0.20784314, 0.101960786, 0.5176471), (0.20784314, 0.101960786, 0.5176471), (0.20784314, 0.101960786, 0.5176471), (0.20784314, 0.101960786, 0.5176471), (0.20784314, 0.101960786, 0.5176471), (0.20784314, 0.101960786, 0.5176471), (0.20784314, 0.101960786, 0.5176471), (0.20784314, 0.101960786, 0.5176471), (0.20784314, 0.101960786, 0.5176471), (0.20784314, 0.101960786, 0.5176471), (0.20784314, 0.101960786, 0.5176471), (0.20784314, 0.101960786, 0.5176471), (0.20784314, 0.101960786, 0.5176471), (0.20784314, 0.101960786, 0.5176471), (0.20784314, 0.101960786, 0.5176471), (0.20784314, 0.101960786, 0.5176471), (0.20784314, 0.101960786, 0.5176471), (0.20784314, 0.101960786, 0.5176471), (0.20784314, 0.101960786, 0.5176471), (0.20784314, 0.101960786, 0.5176471), (0.20784314, 0.101960786, 0.5176471), (0.20784314, 0.101960786, 0.5176471), (0.20784314, 0.101960786, 0.5176471), (0.20784314, 0.101960786, 0.5176471), (0.20784314, 0.101960786, 0.5176471), (0.20784314, 0.101960786, 0.5176471), (0.20784314, 0.101960786, 0.5176471), (0.20784314, 0.101960786, 0.5176471), (0.20784314, 0.101960786, 0.5176471), (0.20784314, 0.101960786, 0.5176471), (0.20784314, 0.101960786, 0.5176471), (0.20784314, 0.101960786, 0.5176471), (0.20784314, 0.101960786, 0.5176471), (0.20784314, 0.101960786, 0.5176471), (0.20784314, 0.101960786, 0.5176471), (0.20784314, 0.101960786, 0.5176471), (0.20784314, 0.101960786, 0.5176471), (0.20784314, 0.101960786, 0.5176471), (0.20784314, 0.101960786, 0.5176471), (0.20784314, 0.101960786, 0.5176471), (0.20784314, 0.101960786, 0.5176471), (0.20784314, 0.101960786, 0.5176471), (0.20784314, 0.101960786, 0.5176471), (0.20784314, 0.101960786, 0.5176471), (0.20784314, 0.101960786, 0.5176471), (0.20784314, 0.101960786, 0.5176471), (0.20784314, 0.101960786, 0.5176471), (0.20784314, 0.101960786, 0.5176471), (0.20784314, 0.101960786, 0.5176471), (0.20784314, 0.101960786, 0.5176471), (0.20784314, 0.101960786, 0.5176471), (0.20784314, 0.101960786, 0.5176471), (0.20784314, 0.101960786, 0.5176471), (0.20784314, 0.101960786, 0.5176471), (0.20784314, 0.101960786, 0.5176471), (0.20784314, 0.101960786, 0.5176471), (0.20784314, 0.101960786, 0.5176471), (0.20784314, 0.101960786, 0.5176471), (0.20784314, 0.101960786, 0.5176471), (0.20784314, 0.101960786, 0.5176471), (0.20784314, 0.101960786, 0.5176471), (0.20784314, 0.101960786, 0.5176471), (0.20784314, 0.101960786, 0.5176471), (0.20784314, 0.101960786, 0.5176471), (0.20784314, 0.101960786, 0.5176471), (0.20784314, 0.101960786, 0.5176471), (0.20784314, 0.101960786, 0.5176471), (0.20784314, 0.101960786, 0.5176471), (0.20784314, 0.101960786, 0.5176471), (0.20784314, 0.101960786, 0.5176471), (0.20784314, 0.101960786, 0.5176471), (0.20784314, 0.101960786, 0.5176471), (0.20784314, 0.101960786, 0.5176471), (0.20784314, 0.101960786, 0.5176471), (0.20784314, 0.101960786, 0.5176471), (0.20784314, 0.101960786, 0.5176471), (0.20784314, 0.101960786, 0.5176471), (0.20784314, 0.101960786, 0.5176471), (0.20784314, 0.101960786, 0.5176471), (0.20784314, 0.101960786, 0.5176471), (0.20784314, 0.101960786, 0.5176471), (0.20784314, 0.101960786, 0.5176471), (0.20784314, 0.101960786, 0.5176471), (0.20784314, 0.101960786, 0.5176471), (0.20784314, 0.101960786, 0.5176471), (0.20784314, 0.101960786, 0.5176471), (0.20784314, 0.101960786, 0.5176471), (0.20784314, 0.101960786, 0.5176471), (0.20784314, 0.101960786, 0.5176471), (0.20784314, 0.101960786, 0.5176471), (0.20784314, 0.101960786, 0.5176471), (0.20784314, 0.101960786, 0.5176471), (0.20784314, 0.101960786, 0.5176471), (0.20784314, 0.101960786, 0.5176471), (0.20784314, 0.101960786, 0.5176471), (0.20784314, 0.101960786, 0.5176471), (0.20784314, 0.101960786, 0.5176471), (0.20784314, 0.101960786, 0.5176471), (0.20784314, 0.101960786, 0.5176471), (0.20784314, 0.101960786, 0.5176471), (0.20784314, 0.101960786, 0.5176471), (0.20784314, 0.101960786, 0.5176471), (0.20784314, 0.101960786, 0.5176471), (0.20784314, 0.101960786, 0.5176471), (0.20784314, 0.101960786, 0.5176471), (0.20784314, 0.101960786, 0.5176471), (0.20784314, 0.101960786, 0.5176471), (0.20784314, 0.101960786, 0.5176471), (0.20784314, 0.101960786, 0.5176471), (0.20784314, 0.101960786, 0.5176471), (0.20784314, 0.101960786, 0.5176471), (0.20784314, 0.101960786, 0.5176471), (0.20784314, 0.101960786, 0.5176471), (0.20784314, 0.101960786, 0.5176471), (0.20784314, 0.101960786, 0.5176471), (0.20784314, 0.101960786, 0.5176471), (0.20784314, 0.101960786, 0.5176471), (0.20784314, 0.101960786, 0.5176471), (0.20784314, 0.101960786, 0.5176471), (0.20784314, 0.101960786, 0.5176471), (0.20784314, 0.101960786, 0.5176471), (0.20784314, 0.101960786, 0.5176471), (0.20784314, 0.101960786, 0.5176471), (0.20784314, 0.101960786, 0.5176471), (0.20784314, 0.101960786, 0.5176471), (0.20784314, 0.101960786, 0.5176471), (0.20784314, 0.101960786, 0.5176471), (0.20784314, 0.101960786, 0.5176471), (0.20784314, 0.101960786, 0.5176471), (0.20784314, 0.101960786, 0.5176471), (0.20784314, 0.101960786, 0.5176471), (0.20784314, 0.101960786, 0.5176471), (0.20784314, 0.101960786, 0.5176471), (0.20784314, 0.101960786, 0.5176471), (0.20784314, 0.101960786, 0.5176471), (0.20784314, 0.101960786, 0.5176471), (0.20784314, 0.101960786, 0.5176471), (0.20784314, 0.101960786, 0.5176471), (0.20784314, 0.101960786, 0.5176471), (0.20784314, 0.101960786, 0.5176471), (0.20784314, 0.101960786, 0.5176471), (0.20784314, 0.101960786, 0.5176471), (0.20784314, 0.101960786, 0.5176471), (0.20784314, 0.101960786, 0.5176471), (0.20784314, 0.101960786, 0.5176471), (0.20784314, 0.101960786, 0.5176471), (0.20784314, 0.101960786, 0.5176471), (0.20784314, 0.101960786, 0.5176471), (0.20784314, 0.101960786, 0.5176471), (0.20784314, 0.101960786, 0.5176471), (0.20784314, 0.101960786, 0.5176471), (0.20784314, 0.101960786, 0.5176471), (0.20784314, 0.101960786, 0.5176471), (0.20784314, 0.101960786, 0.5176471), (0.20784314, 0.101960786, 0.5176471), (0.20784314, 0.101960786, 0.5176471), (0.20784314, 0.101960786, 0.5176471), (0.20784314, 0.101960786, 0.5176471), (0.20784314, 0.101960786, 0.5176471), (0.20784314, 0.101960786, 0.5176471), (0.20784314, 0.101960786, 0.5176471), (0.20784314, 0.101960786, 0.5176471), (0.20784314, 0.101960786, 0.5176471), (0.20784314, 0.101960786, 0.5176471), (0.20784314, 0.101960786, 0.5176471), (0.20784314, 0.101960786, 0.5176471), (0.20784314, 0.101960786, 0.5176471), (0.20784314, 0.101960786, 0.5176471), (0.20784314, 0.101960786, 0.5176471), (0.20784314, 0.101960786, 0.5176471), (0.20784314, 0.101960786, 0.5176471), (0.20784314, 0.101960786, 0.5176471), (0.20784314, 0.101960786, 0.5176471), (0.20784314, 0.101960786, 0.5176471), (0.20784314, 0.101960786, 0.5176471), (0.20784314, 0.101960786, 0.5176471), (0.20784314, 0.101960786, 0.5176471), (0.20784314, 0.101960786, 0.5176471), (0.20784314, 0.101960786, 0.5176471), (0.20784314, 0.101960786, 0.5176471), (0.20784314, 0.101960786, 0.5176471), (0.20784314, 0.101960786, 0.5176471), (0.20784314, 0.101960786, 0.5176471), (0.20784314, 0.101960786, 0.5176471), (0.20784314, 0.101960786, 0.5176471), (0.20784314, 0.101960786, 0.5176471), (0.20784314, 0.101960786, 0.5176471), (0.20784314, 0.101960786, 0.5176471), (0.20784314, 0.101960786, 0.5176471), (0.20784314, 0.101960786, 0.5176471), (0.20784314, 0.101960786, 0.5176471), (0.20784314, 0.101960786, 0.5176471), (0.20784314, 0.101960786, 0.5176471), (0.20784314, 0.101960786, 0.5176471), (0.20784314, 0.101960786, 0.5176471), (0.20784314, 0.101960786, 0.5176471), (0.20784314, 0.101960786, 0.5176471), (0.20784314, 0.101960786, 0.5176471), (0.20784314, 0.101960786, 0.5176471), (0.20784314, 0.101960786, 0.5176471), (0.20784314, 0.101960786, 0.5176471), (0.20784314, 0.101960786, 0.5176471), (0.20784314, 0.101960786, 0.5176471), (0.20784314, 0.101960786, 0.5176471), (0.20784314, 0.101960786, 0.5176471), (0.20784314, 0.101960786, 0.5176471), (0.20784314, 0.101960786, 0.5176471), (0.20784314, 0.101960786, 0.5176471), (0.20784314, 0.101960786, 0.5176471), (0.20784314, 0.101960786, 0.5176471), (0.20784314, 0.101960786, 0.5176471), (0.20784314, 0.101960786, 0.5176471), (0.20784314, 0.101960786, 0.5176471), (0.20784314, 0.101960786, 0.5176471), (0.20784314, 0.101960786, 0.5176471), (0.20784314, 0.101960786, 0.5176471), (0.20784314, 0.101960786, 0.5176471), (0.20784314, 0.101960786, 0.5176471), (0.20784314, 0.101960786, 0.5176471), (0.20784314, 0.101960786, 0.5176471), (0.20784314, 0.101960786, 0.5176471), (0.20784314, 0.101960786, 0.5176471), (0.20784314, 0.101960786, 0.5176471), (0.20784314, 0.101960786, 0.5176471), (0.20784314, 0.101960786, 0.5176471), (0.20784314, 0.101960786, 0.5176471), (0.20784314, 0.101960786, 0.5176471), (0.20784314, 0.101960786, 0.5176471), (0.20784314, 0.101960786, 0.5176471), (0.20784314, 0.101960786, 0.5176471), (0.20784314, 0.101960786, 0.5176471), (0.20784314, 0.101960786, 0.5176471), (0.20784314, 0.101960786, 0.5176471), (0.20784314, 0.101960786, 0.5176471), (0.20784314, 0.101960786, 0.5176471), (0.20784314, 0.101960786, 0.5176471), (0.20784314, 0.101960786, 0.5176471), (0.20784314, 0.101960786, 0.5176471), (0.20784314, 0.101960786, 0.5176471), (0.20784314, 0.101960786, 0.5176471), (0.20784314, 0.101960786, 0.5176471), (0.20784314, 0.101960786, 0.5176471), (0.20784314, 0.101960786, 0.5176471), (0.20784314, 0.101960786, 0.5176471), (0.20784314, 0.101960786, 0.5176471), (0.20784314, 0.101960786, 0.5176471), (0.20784314, 0.101960786, 0.5176471), (0.20784314, 0.101960786, 0.5176471), (0.20784314, 0.101960786, 0.5176471), (0.20784314, 0.101960786, 0.5176471), (0.20784314, 0.101960786, 0.5176471), (0.20784314, 0.101960786, 0.5176471), (0.20784314, 0.101960786, 0.5176471), (0.20784314, 0.101960786, 0.5176471), (0.20784314, 0.101960786, 0.5176471), (0.20784314, 0.101960786, 0.5176471), (0.20784314, 0.101960786, 0.5176471), (0.20784314, 0.101960786, 0.5176471), (0.20784314, 0.101960786, 0.5176471), (0.20784314, 0.101960786, 0.5176471), (0.20784314, 0.101960786, 0.5176471), (0.20784314, 0.101960786, 0.5176471), (0.20784314, 0.101960786, 0.5176471), (0.20784314, 0.101960786, 0.5176471), (0.20784314, 0.101960786, 0.5176471), (0.20784314, 0.101960786, 0.5176471), (0.20784314, 0.101960786, 0.5176471), (0.20784314, 0.101960786, 0.5176471), (0.20784314, 0.101960786, 0.5176471), (0.20784314, 0.101960786, 0.5176471), (0.20784314, 0.101960786, 0.5176471), (0.20784314, 0.101960786, 0.5176471), (0.20784314, 0.101960786, 0.5176471), (0.20784314, 0.101960786, 0.5176471), (0.20784314, 0.101960786, 0.5176471), (0.20784314, 0.101960786, 0.5176471), (0.20784314, 0.101960786, 0.5176471), (0.20784314, 0.101960786, 0.5176471), (0.20784314, 0.101960786, 0.5176471), (0.20784314, 0.101960786, 0.5176471), (0.20784314, 0.101960786, 0.5176471), (0.20784314, 0.101960786, 0.5176471), (0.20784314, 0.101960786, 0.5176471), (0.20784314, 0.101960786, 0.5176471), (0.20784314, 0.101960786, 0.5176471), (0.20784314, 0.101960786, 0.5176471), (0.20784314, 0.101960786, 0.5176471), (0.20784314, 0.101960786, 0.5176471), (0.20784314, 0.101960786, 0.5176471), (0.20784314, 0.101960786, 0.5176471)] (
                interpolation = "faceVarying"
            )
            texCoord2f[] primvars:st = [(0.89369065, 7.00202e-9), (0.82720476, 9.758201e-9), (0.43698543, 1.2783281e-8), (0.66597307, 2.2664363e-8), (0.91661817, 0.00024387249), (0.92391837, 0.00024387486), (0.9770725, 0.00024387961), (0.96977234, 0.00024388194), (0.65400887, 0.00043934662), (0.102539875, 0.0004399301), (0.4489496, 0.00043995946), (0.12635627, 0.00081697037), (0.4251332, 0.00081700936), (0.6778253, 0.0008176465), (0.91312075, 0.00095457543), (0.92741615, 0.0009545801), (0.9805699, 0.0009545826), (0.9662745, 0.0009545871), (0.9098072, 0.0021006474), (0.9307299, 0.0021006542), (0.98388344, 0.0021006546), (0.9629607, 0.0021006614), (0.64202774, 0.0021687062), (0.090558834, 0.0021699267), (0.46093062, 0.0021699672), (0.13800156, 0.0028577587), (0.4134879, 0.0028577868), (0.6894704, 0.0028590572), (0.89369065, 0.002973432), (0.82720476, 0.0029734345), (0.90670896, 0.003650659), (0.9869817, 0.003650666), (0.93382823, 0.0036506676), (0.9598624, 0.0036506748), (0.6301247, 0.0052212593), (0.07865599, 0.005223123), (0.47283348, 0.005223153), (0.9038574, 0.005573202), (0.98983324, 0.005573209), (0.9366797, 0.0055732126), (0.9570109, 0.0055732196), (0.1493448, 0.0060892273), (0.40214467, 0.0060892547), (0.70081353, 0.006091115), (0.89369065, 0.0061919075), (0.82720476, 0.006191932), (0.9012841, 0.007836825), (0.9924066, 0.007836832), (0.9392529, 0.007836837), (0.95443773, 0.007836844), (0.6186198, 0.009538375), (0.0671513, 0.009540755), (0.48433816, 0.009540786), (0.89369065, 0.009626427), (0.82720476, 0.009626451), (0.8990203, 0.010410098), (0.99467033, 0.010410105), (0.94151646, 0.010410112), (0.9521742, 0.010410119), (0.16029102, 0.010478235), (0.39119846, 0.010478272), (0.7117595, 0.010480715), (0.8970977, 0.013261613), (0.996593, 0.013261621), (0.9434389, 0.013261628), (0.9502518, 0.013261636), (0.60780907, 0.014985129), (0.056340683, 0.014987644), (0.49514878, 0.014987685), (0.17074509, 0.01599167), (0.38074437, 0.015991697), (0.72221327, 0.015994705), (0.8955475, 0.016359897), (0.99814314, 0.016359905), (0.9449887, 0.016359914), (0.9487019, 0.016359922), (0.8944014, 0.019673565), (0.94613475, 0.019673582), (0.94755596, 0.01967359), (0.9992893, 0.019673595), (0.59775144, 0.021480286), (0.046283055, 0.021482179), (0.5052064, 0.02148221), (0.18061201, 0.022596408), (0.37087744, 0.022596436), (0.7320798, 0.022599977), (0.8936906, 0.023171142), (0.94684535, 0.023171159), (0.9468453, 0.023171166), (1.0000001, 0.023171172), (0.58850604, 0.028942646), (0.037037343, 0.028942749), (0.5144521, 0.02894278), (0.18979669, 0.030259311), (0.3616928, 0.030259334), (0.7412641, 0.030263368), (0.028662443, 0.03728772), (0.522827, 0.037287764), (0.5801319, 0.03729093), (0.19820412, 0.03894725), (0.35328534, 0.038947273), (0.74967104, 0.03895175), (0.021217296, 0.046435505), (0.5302722, 0.04643554), (0.572688, 0.046443935), (0.014760828, 0.056304473), (0.5367286, 0.056304507), (0.56623346, 0.056320395), (0.009351933, 0.06681302), (0.5421375, 0.06681306), (0.5608273, 0.066839084), (0.005049559, 0.07787955), (0.5464399, 0.07787959), (0.55652857, 0.07791875), (0.0019126013, 0.08942244), (0.5495769, 0.08942247), (0.5533963, 0.08947818), (5.1897824e-9, 0.10136006), (0.5514895, 0.10136009), (0.5514895, 0.10143612), (0.27186686, 0.14431082), (0.2796226, 0.14431083), (0.8233271, 0.14431956), (0.27375144, 0.1486765), (0.27773803, 0.14867651), (0.82521176, 0.14868526), (0.27501872, 0.15317462), (0.27647075, 0.15317464), (0.826479, 0.1531834), (0.27567956, 0.15774651), (0.2758099, 0.15774652), (0.82713974, 0.15775526), (0.27574474, 0.1623334), (0.27574474, 0.16233341), (0.8272047, 0.16234215), (0.275225, 0.16687664), (0.27626446, 0.16687667), (0.82668483, 0.16688535), (0.27413124, 0.1713175), (0.27735823, 0.17131753), (0.8255908, 0.17132616), (0.2724742, 0.17559728), (0.27901527, 0.1755973), (0.8239334, 0.17560586), (0.27026471, 0.17965725), (0.28122473, 0.17965727), (0.8217236, 0.17966576), (0.2675136, 0.1834387), (0.28397587, 0.18343872), (0.81897205, 0.18344714), (0.26423162, 0.18688296), (0.28725785, 0.18688297), (0.8156896, 0.18689129), (0.26042956, 0.1899313), (0.2910599, 0.18993132), (0.81188715, 0.18993953), (0.7730224, 0.19116211), (0.80884445, 0.19184618), (0.25730202, 0.19189209), (0.29418743, 0.19189212), (0.7760221, 0.19278598), (0.805687, 0.19341032), (0.25408587, 0.1934899), (0.2974036, 0.19348991), (0.77914435, 0.19411045), (0.80243856, 0.19463627), (0.25080463, 0.19471802), (0.30068484, 0.19471803), (0.78236544, 0.1951312), (0.7991228, 0.19552834), (0.78566164, 0.19584392), (0.7957635, 0.19609083), (0.7890092, 0.1962443), (0.7923844, 0.19632804), (0.27098778, 0.22292756), (0.2805017, 0.22292759), (0.27206737, 0.22560358), (0.2794221, 0.2256036), (0.27268425, 0.2283504), (0.2788052, 0.22835043), (2.0928224e-9, 0.22991943), (0.5514895, 0.22991945), (0.5514895, 0.23002118), (0.27285597, 0.23111777), (0.2786335, 0.2311178), (0.27260002, 0.23385541), (0.27888945, 0.23385544), (0.00095631107, 0.2345774), (0.5505332, 0.23457743), (0.55244565, 0.23467875), (0.271934, 0.23651308), (0.27955547, 0.23651311), (0.0024945368, 0.23899023), (0.5489949, 0.23899025), (0.2708754, 0.2390405), (0.28061408, 0.23904052), (0.5539838, 0.23909134), (0.6195557, 0.23959412), (0.71382755, 0.24131392), (0.26944172, 0.24138741), (0.28204772, 0.24138746), (0.61802673, 0.24264157), (0.0045721955, 0.24311596), (0.54691726, 0.24311598), (0.5560613, 0.243217), (0.26765057, 0.24350357), (0.28383887, 0.2435036), (0.26551947, 0.24533871), (0.28597, 0.24533874), (0.61622477, 0.24551052), (0.69677204, 0.24668357), (0.2630659, 0.24684255), (0.28842354, 0.24684258), (0.007146776, 0.24691266), (0.5443427, 0.24691269), (0.5586358, 0.24701378), (0.61416703, 0.24818498), (0.010175794, 0.25033844), (0.54131365, 0.25033846), (0.56166464, 0.2504397), (0.61187094, 0.2506489), (0.60935384, 0.25288624), (0.013616764, 0.25335133), (0.5378727, 0.25335136), (0.5651054, 0.25345278), (0.24133347, 0.2539396), (0.310156, 0.25393966), (0.606633, 0.254881), (0.017427186, 0.25590944), (0.53406227, 0.25590947), (0.56891555, 0.2560111), (0.6037258, 0.2566171), (0.021564558, 0.25797087), (0.5299249, 0.2579709), (0.57305264, 0.2580726), (0.6006495, 0.25807855), (0.046141725, 0.25916466), (0.5053477, 0.2591647), (0.59742147, 0.2592493), (0.025986398, 0.25949362), (0.52550304, 0.25949362), (0.57747406, 0.25959542), (0.042678844, 0.26006022), (0.50881064, 0.26006025), (0.59405905, 0.2601133), (0.030650208, 0.2604358), (0.5208393, 0.26043582), (0.58213747, 0.26053756), (0.039128184, 0.26059324), (0.5123613, 0.26059327), (0.5905795, 0.26065454), (0.0355135, 0.26075548), (0.51597595, 0.2607555), (0.58700025, 0.26085702), (0.1731125, 0.27542183), (0.37837696, 0.27542186), (0.15605725, 0.2807924), (0.3954322, 0.28079242), (0.045577817, 0.29086113), (0.50591165, 0.29086116), (0.04578607, 0.29384172), (0.5057034, 0.29384175), (0.046449516, 0.29664877), (0.50503993, 0.2966488), (0.047526047, 0.29925087), (0.5039634, 0.2992509), (0.04897361, 0.30161646), (0.50251585, 0.30161652), (0.08783627, 0.3022746), (0.46365318, 0.30227464), (0.050750118, 0.30371413), (0.50073934, 0.30371416), (0.052813496, 0.30551234), (0.49867597, 0.30551237), (0.055121694, 0.30697957), (0.49636775, 0.3069796), (0.05763262, 0.30808437), (0.49385685, 0.3080844), (0.060304217, 0.30879524), (0.49118525, 0.30879527), (0.06596112, 0.30890924), (0.48552832, 0.30890927), (0.0630944, 0.3090807), (0.48839507, 0.30908072), (0.27470547, 0.36100388), (0.27678397, 0.36100388), (0.8261553, 0.36101243), (0.27519915, 0.36573246), (0.27629033, 0.3657325), (0.8266486, 0.36574107), (0.27506536, 0.3704039), (0.27642408, 0.37040392), (0.8265145, 0.37041253), (0.27433187, 0.37496504), (0.2771576, 0.37496507), (0.82578063, 0.37497368), (0.27302617, 0.37936294), (0.27846327, 0.37936297), (0.82447463, 0.37937155), (0.2071062, 0.3822903), (0.34438324, 0.38229033), (0.7585548, 0.3822953), (0.271176, 0.38354456), (0.28031346, 0.3835446), (0.8226241, 0.3835531), (0.2094111, 0.38644856), (0.34207836, 0.3864486), (0.76085943, 0.3864537), (0.26880893, 0.38745686), (0.2826805, 0.3874569), (0.82025677, 0.3874653), (0.18942927, 0.38785663), (0.3620602, 0.38785666), (0.7408776, 0.38786066), (0.21219751, 0.39020044), (0.33929193, 0.39020047), (0.7636455, 0.39020574), (0.26595265, 0.39104682), (0.28553683, 0.39104685), (0.8174002, 0.3910551), (0.18992291, 0.39258522), (0.36156654, 0.39258525), (0.7413709, 0.3925893), (0.21541232, 0.3935183), (0.33607712, 0.39351833), (0.76686007, 0.3935238), (0.26263466, 0.3942614), (0.28885478, 0.39426142), (0.81408215, 0.3942695), (0.21900253, 0.39637455), (0.33248693, 0.39637458), (0.77045, 0.3963803), (0.25888276, 0.3970476), (0.2926067, 0.39704764), (0.81033015, 0.39705548), (0.18978915, 0.39725664), (0.3617003, 0.39725667), (0.74123687, 0.39726076), (0.22291504, 0.39874154), (0.32857442, 0.39874157), (0.77436227, 0.39874753), (0.25472447, 0.3993523), (0.29676497, 0.39935234), (0.8061719, 0.3993599), (0.22709678, 0.40059167), (0.32439265, 0.40059173), (0.7785439, 0.4005979), (0.25018743, 0.40112263), (0.30130202, 0.40112266), (0.8016351, 0.4011299), (0.18905564, 0.4018178), (0.36243382, 0.40181783), (0.74050295, 0.4018219), (0.23149475, 0.4018973), (0.3199947, 0.40189734), (0.78294176, 0.40190378), (0.24545525, 0.40227112), (0.3060342, 0.40227115), (0.79690254, 0.40227824), (0.23605585, 0.40263084), (0.3154336, 0.4026309), (0.7875028, 0.40263757), (0.24072704, 0.40276468), (0.3107624, 0.4027647), (0.7921741, 0.4027716), (0.18774995, 0.40621573), (0.3637395, 0.40621576), (0.73919696, 0.40621978), (0.121829964, 0.4091431), (0.4296595, 0.40914312), (0.6732772, 0.40914354), (0.18589978, 0.41039735), (0.36558968, 0.41039738), (0.7373464, 0.41040134), (0.124134876, 0.41330132), (0.42735457, 0.41330138), (0.6755818, 0.41330191), (0.18353273, 0.41430962), (0.36795673, 0.41430965), (0.73497915, 0.41431355), (0.12692127, 0.41705322), (0.42456818, 0.41705325), (0.6783679, 0.417054), (0.18067642, 0.41789958), (0.37081304, 0.4178996), (0.7321226, 0.41790336), (0.13013609, 0.4203711), (0.42135337, 0.42037112), (0.68158245, 0.42037204), (0.17735846, 0.42111418), (0.374131, 0.4211142), (0.7288045, 0.42111775), (0.13372628, 0.4232273), (0.41776317, 0.42322737), (0.6851723, 0.42322853), (0.17360653, 0.42390037), (0.37788293, 0.4239004), (0.72505254, 0.42390373), (0.13763879, 0.42559433), (0.41385067, 0.42559436), (0.68908465, 0.42559576), (0.16944823, 0.4262051), (0.38204122, 0.42620516), (0.7208943, 0.42620817), (0.14182055, 0.42744446), (0.4096689, 0.4274445), (0.6932662, 0.42744616), (0.1649112, 0.4279754), (0.38657823, 0.42797545), (0.71635747, 0.42797816), (0.14621851, 0.4287501), (0.40527093, 0.42875013), (0.6976641, 0.42875203), (0.16017903, 0.4291239), (0.39131042, 0.42912394), (0.7116249, 0.42912647), (0.15077963, 0.42948362), (0.4007098, 0.42948365), (0.7022252, 0.4294858), (0.15545082, 0.42961746), (0.34220114, 0.42961746), (0.40868706, 0.42961746), (0.40868708, 0.42961746), (0.47517297, 0.42961746), (0.16123168, 0.4296175), (0.27571526, 0.4296175), (0.34220117, 0.4296175), (0.39603862, 0.4296175), (0.47517297, 0.4296175), (0.5416589, 0.4296175), (0.7068965, 0.42961985), (0.17319588, 0.4300568), (0.14937948, 0.43043512), (0.18517701, 0.43178618), (0.13773431, 0.43247652), (0.27571526, 0.43255672), (0.34220117, 0.43255672), (0.19708002, 0.43483874), (0.27571526, 0.4356849), (0.34220117, 0.4356849), (0.12639122, 0.43570858), (0.27571526, 0.43895873), (0.34220117, 0.43895873), (0.34220114, 0.43909094), (0.40868706, 0.43909094), (0.40868708, 0.43909094), (0.47517297, 0.43909094), (0.2085849, 0.43915585), (0.11544525, 0.44009817), (0.27571526, 0.4423351), (0.34220117, 0.4423351), (0.21939568, 0.44460258), (0.104991466, 0.44561216), (0.27571526, 0.44577077), (0.34220117, 0.44577077), (0.34220114, 0.4492122), (0.40868706, 0.4492122), (0.40868708, 0.4492122), (0.47517297, 0.4492122), (0.27571526, 0.44922253), (0.34220117, 0.44922253), (0.22945328, 0.45109776), (0.09512492, 0.45221743), (0.27571526, 0.45264715), (0.34220117, 0.45264715), (0.27571526, 0.4560015), (0.34220117, 0.4560015), (0.23869869, 0.4585601), (0.6579762, 0.45948374), (0.6652694, 0.45948377), (0.7151874, 0.45948377), (0.78167325, 0.45948377), (0.7816733, 0.45948377), (0.8154213, 0.45948377), (0.8179931, 0.45948377), (0.8202625, 0.45948377), (0.8222097, 0.45948377), (0.5416589, 0.4594838), (0.60814476, 0.4594838), (0.085940644, 0.45988083), (0.34220114, 0.45988783), (0.40868706, 0.45988783), (0.40868708, 0.45988783), (0.47517297, 0.45988783), (0.6509163, 0.4604387), (0.67249674, 0.46046135), (0.6441577, 0.46228898), (0.6793649, 0.462354), (0.6377688, 0.46497506), (0.6858145, 0.46509352), (0.24707285, 0.4669084), (0.63181764, 0.4684373), (0.07753368, 0.4685692), (0.6917857, 0.46861175), (0.34220114, 0.4710244), (0.40868708, 0.4710244), (0.47517297, 0.4710244), (0.40868706, 0.47102442), (0.62637246, 0.4726162), (0.6972191, 0.4728405), (0.25451672, 0.4760614), (0.6215014, 0.4774521), (0.702055, 0.47771153), (0.34220114, 0.4825285), (0.40868706, 0.4825285), (0.40868708, 0.4825285), (0.47517297, 0.4825285), (0.6172727, 0.48288545), (0.70623386, 0.4831567), (0.26097125, 0.48593786), (0.61375445, 0.4888567), (0.7096961, 0.48910788), (0.40868708, 0.49430665), (0.34220114, 0.49430668), (0.40868706, 0.49430668), (0.47517297, 0.49430668), (0.6110149, 0.49530622), (0.7123822, 0.4954968), (0.26637742, 0.49645656), (0.6091223, 0.50217444), (0.71423244, 0.5022554), (0.47517297, 0.50626546), (0.34220114, 0.5062655), (0.40868706, 0.5062655), (0.40868708, 0.5062655), (0.27067617, 0.50753623), (0.7151874, 0.5093153), (0.6081447, 0.5094018), (0.7151874, 0.5166085), (0.6081447, 0.51669496), (0.34220114, 0.51831156), (0.40868706, 0.51831156), (0.40868708, 0.51831156), (0.47517297, 0.51831156), (0.27380845, 0.51909566), (0.6090996, 0.52375495), (0.71420985, 0.5238358), (0.7816733, 0.5259697), (0.7816734, 0.5259697), (0.78411704, 0.5259697), (0.786837, 0.5259697), (0.78979343, 0.5259697), (0.7929469, 0.5259697), (0.79625744, 0.5259697), (0.7996856, 0.5259697), (0.8031916, 0.5259697), (0.80673575, 0.5259697), (0.81027836, 0.5259697), (0.8136674, 0.5259697), (0.8154213, 0.5259697), (0.8167653, 0.5259697), (0.8179931, 0.5259697), (0.81955206, 0.5259697), (0.8202625, 0.5259697), (0.8220077, 0.5259697), (0.8222097, 0.5259697), (0.61094993, 0.53051347), (0.71231717, 0.530704), (0.27571526, 0.5310536), (0.89369065, 0.5339932), (0.82720476, 0.53399324), (0.61363596, 0.53690237), (0.7095777, 0.5371536), (0.89369065, 0.5375344), (0.82720476, 0.5375345), (0.82720476, 0.5409248), (0.89369065, 0.5409248), (0.6170983, 0.54285353), (0.70605946, 0.5431248), (0.82720476, 0.5441305), (0.89369065, 0.5441305), (0.82720476, 0.547118), (0.89369065, 0.547118), (0.62127715, 0.5482987), (0.70183074, 0.5485582), (0.8936906, 0.5490159), (0.9468453, 0.5490159), (0.94684535, 0.5490159), (1.0000001, 0.5490159), (0.82720476, 0.5498536), (0.89369065, 0.5498536), (0.82720476, 0.55230355), (0.89369065, 0.55230355), (0.8944014, 0.55251366), (0.94613475, 0.5525137), (0.9475559, 0.5525137), (0.9992893, 0.5525137), (0.62611306, 0.5531698), (0.6969597, 0.5533941), (0.82720476, 0.55443424), (0.89369065, 0.55443424), (0.8955475, 0.55582744), (0.9449887, 0.55582744), (0.99814314, 0.55582744), (0.9487019, 0.5558275), (0.6315464, 0.5573985), (0.6915145, 0.55757296), (0.89709765, 0.5589258), (0.9434388, 0.5589258), (0.9502518, 0.5589258), (0.996593, 0.5589258), (0.63751763, 0.5609168), (0.6855633, 0.5610352), (0.8990203, 0.5617773), (0.94151646, 0.5617773), (0.9521742, 0.5617773), (0.99467033, 0.5617773), (0.64396715, 0.5636563), (0.67917436, 0.5637213), (0.9012841, 0.5643505), (0.9392529, 0.5643505), (0.95443773, 0.5643505), (0.9924066, 0.5643505), (0.6508354, 0.56554896), (0.67241585, 0.56557155), (0.65806276, 0.5665264), (0.6653556, 0.5665264), (0.65806276, 0.5665265), (0.6653559, 0.5665265), (0.9038574, 0.566614), (0.9366797, 0.56661403), (0.9570109, 0.56661403), (0.98983324, 0.56661403), (0.6724154, 0.56748134), (0.6508351, 0.56750405), (0.90670896, 0.5685364), (0.93382823, 0.5685364), (0.9598624, 0.5685364), (0.9869817, 0.5685364), (0.67917377, 0.56933165), (0.6439667, 0.5693967), (0.9098072, 0.5700863), (0.9307299, 0.5700863), (0.9629607, 0.5700863), (0.98388344, 0.5700863), (0.91312075, 0.57123226), (0.92741615, 0.57123226), (0.9805699, 0.57123226), (0.9662745, 0.5712323), (0.91661817, 0.57194287), (0.92391837, 0.5719429), (0.96977234, 0.5719429), (0.9770725, 0.5719429), (0.6855627, 0.5720177), (0.63751704, 0.5721362), (0.92026794, 0.5721867), (0.9734227, 0.57218677), (0.0038775925, 0.573937), (0.69151384, 0.57548), (0.6315458, 0.57565445), (0.001992983, 0.5783027), (0.69695914, 0.5796589), (0.6261124, 0.5798831), (0.0007257226, 0.58280087), (0.70183027, 0.58449477), (0.6212766, 0.58475417), (0.00006498326, 0.5873727), (0.7060591, 0.58992815), (0.61709785, 0.59019935), (-8.344682e-9, 0.5919596), (0.7816734, 0.59245557), (0.78411704, 0.59245557), (0.7868369, 0.59245557), (0.78979343, 0.59245557), (0.7929469, 0.59245557), (0.79625744, 0.59245557), (0.7996856, 0.59245557), (0.8031916, 0.59245557), (0.80673575, 0.59245557), (0.81027836, 0.59245557), (0.8136674, 0.59245557), (0.8167653, 0.59245557), (0.81955206, 0.59245557), (0.8220077, 0.59245557), (0.70957744, 0.59589934), (0.6136357, 0.5961505), (0.0005199151, 0.5965028), (0.0016139591, 0.6009436), (0.71231705, 0.60234886), (0.61094975, 0.6025394), (0.0032712994, 0.6052233), (0.47517297, 0.6069984), (0.5416589, 0.6069984), (0.5416589, 0.60699844), (0.60814476, 0.60699844), (0.7142098, 0.6092171), (0.005481137, 0.6092832), (0.60909957, 0.609298), (0.7151874, 0.6111185), (0.78167325, 0.6111185), (0.47517297, 0.61171496), (0.5416589, 0.61171496), (0.5416589, 0.611715), (0.60814476, 0.611715), (0.008232676, 0.6130646), (0.7151874, 0.61459666), (0.78167325, 0.61459666), (0.47517297, 0.6162328), (0.5416589, 0.6162328), (0.5416589, 0.6162329), (0.60814476, 0.6162329), (0.6081447, 0.6163579), (0.71518743, 0.61644447), (0.0115151, 0.6165087), (0.71518743, 0.61756414), (0.7816733, 0.61756414), (0.7816734, 0.61756414), (0.8481592, 0.61756414), (0.84815925, 0.61756414), (0.9146451, 0.61756414), (0.91464514, 0.61756414), (0.91645277, 0.61756414), (0.9185464, 0.61756414), (0.92088246, 0.61756414), (0.9234174, 0.61756414), (0.9261075, 0.61756414), (0.9289093, 0.61756414), (0.93177915, 0.61756414), (0.95356166, 0.61756414), (0.7151874, 0.6175642), (0.78167325, 0.6175642), (0.015317593, 0.61955696), (0.47517297, 0.6205065), (0.5416589, 0.6205065), (0.5416589, 0.6205066), (0.60814476, 0.6205066), (0.054182313, 0.6207796), (0.018360293, 0.62146366), (0.051182624, 0.62240344), (0.021517731, 0.6230278), (0.8481592, 0.6234491), (0.9146451, 0.6234491), (0.6081447, 0.6236511), (0.048060376, 0.6237279), (0.7151874, 0.62373763), (0.024766188, 0.62425375), (0.47517297, 0.6244908), (0.5416588, 0.6244908), (0.5416589, 0.62449086), (0.60814476, 0.62449086), (0.0448393, 0.62474865), (0.02808193, 0.6251458), (0.041543096, 0.62546134), (0.031441223, 0.6257083), (0.03819554, 0.62586176), (0.034820337, 0.6259455), (0.47517297, 0.62814033), (0.5416588, 0.62814033), (0.5416589, 0.6281404), (0.60814476, 0.6281404), (0.8481592, 0.6297143), (0.9146451, 0.6297143), (0.7142324, 0.63079756), (0.6091223, 0.63087845), (0.47517297, 0.63140976), (0.5416589, 0.63140976), (0.5416589, 0.6314098), (0.60814476, 0.6314098), (0.47517294, 0.63425374), (0.47517297, 0.63425374), (0.5416588, 0.63425374), (0.5416588, 0.63425374), (0.5416589, 0.63425374), (0.6081447, 0.63425374), (0.5416589, 0.6342538), (0.60814476, 0.6342538), (0.8481592, 0.63627183), (0.9146451, 0.63627183), (0.71238196, 0.63755614), (0.61101484, 0.63774663), (0.8481592, 0.6430336), (0.9146451, 0.6430336), (0.40868708, 0.64306235), (0.47517297, 0.64306235), (0.40868706, 0.64306295), (0.34220117, 0.643063), (0.5416588, 0.64380926), (0.6081447, 0.64380926), (0.47517294, 0.6438267), (0.5416588, 0.6438268), (0.70969576, 0.64394504), (0.6137543, 0.6441962), (0.40868708, 0.64735115), (0.47517297, 0.64735115), (0.34220117, 0.64735156), (0.40868706, 0.64735156), (0.7062334, 0.6498962), (0.8481592, 0.64991164), (0.9146451, 0.64991164), (0.6172723, 0.65016747), (0.40868708, 0.6512614), (0.47517297, 0.65126145), (0.34220117, 0.65126175), (0.40868706, 0.65126175), (0.5416588, 0.65418553), (0.6081447, 0.65418553), (0.47517294, 0.6542244), (0.5416588, 0.6542244), (0.40868708, 0.6547628), (0.47517297, 0.6547628), (0.34220117, 0.65476304), (0.40868706, 0.65476304), (0.70205444, 0.65534145), (0.6215009, 0.6556008), (0.8481592, 0.6568179), (0.9146451, 0.6568179), (0.40868708, 0.65782493), (0.45104328, 0.65782493), (0.45318598, 0.65782493), (0.45557407, 0.65782493), (0.45819476, 0.65782493), (0.45819476, 0.65782493), (0.47517297, 0.65782493), (0.47517297, 0.65782493), (0.34220117, 0.6578251), (0.40868706, 0.6578251), (0.39941233, 0.6578252), (0.39211914, 0.65782523), (0.40647227, 0.6587801), (0.38489184, 0.65880275), (0.27571526, 0.65963864), (0.6972184, 0.66021246), (0.62637186, 0.6604367), (0.4132308, 0.6606304), (0.3780236, 0.66069543), (0.41961977, 0.6633165), (0.37157407, 0.6634349), (0.8481592, 0.66366434), (0.9146451, 0.66366434), (0.27475908, 0.6642962), (0.691785, 0.66444117), (0.631817, 0.66461563), (0.4255709, 0.66677874), (0.36560282, 0.66695315), (0.68581384, 0.6679594), (0.6377681, 0.6680779), (0.27322093, 0.6687088), (0.20764899, 0.66921157), (0.8481592, 0.6703629), (0.9146451, 0.6703629), (0.67936444, 0.6706989), (0.64415705, 0.67076397), (0.113377154, 0.6709314), (0.4310161, 0.6709576), (0.3601695, 0.6711819), (0.20917799, 0.67225903), (0.6724964, 0.6725915), (0.6509157, 0.6726142), (0.2711434, 0.67283446), (0.6652694, 0.6735691), (0.65797585, 0.67356914), (0.65797657, 0.67356926), (0.66526943, 0.67356926), (0.6509168, 0.6745242), (0.6724971, 0.6745469), (0.21097998, 0.675128), (0.43588716, 0.6757935), (0.35533357, 0.6760529), (0.13043268, 0.676301), (0.6441584, 0.6763745), (0.6793655, 0.6764395), (0.26856896, 0.6766313), (0.8481592, 0.6768256), (0.9146451, 0.6768256), (0.21303768, 0.67780244), (0.6377695, 0.6790606), (0.68581516, 0.6791791), (0.2655401, 0.68005717), (0.21533376, 0.6802663), (0.4401159, 0.6812269), (0.35115469, 0.6814981), (0.2178509, 0.6825037), (0.63181835, 0.68252283), (0.6917864, 0.68269724), (0.8481592, 0.68277687), (0.9146451, 0.68277687), (0.26209933, 0.68307024), (0.9146451, 0.68405), (0.91464514, 0.68405), (0.91645277, 0.68405), (0.91736937, 0.68405), (0.9185464, 0.68405), (0.92041516, 0.68405), (0.92088246, 0.68405), (0.9234174, 0.68405), (0.9237636, 0.68405), (0.9261075, 0.68405), (0.92727774, 0.68405), (0.9289093, 0.68405), (0.9308078, 0.68405), (0.93177915, 0.68405), (0.9343136, 0.68405), (0.93775475, 0.68405), (0.94109094, 0.68405), (0.944282, 0.68405), (0.94728756, 0.68405), (0.9500674, 0.68405), (0.95356166, 0.68405), (0.22057173, 0.6844985), (0.2582892, 0.68562853), (0.22347894, 0.6862346), (0.62637305, 0.6867017), (0.6972197, 0.68692595), (0.44363412, 0.6871981), (0.34769243, 0.6874493), (0.2541521, 0.6876901), (0.22655524, 0.68769604), (0.8481592, 0.6879859), (0.9146451, 0.6879859), (0.22978325, 0.68886673), (0.24973063, 0.6892129), (0.23314568, 0.68973076), (0.24506725, 0.690155), (0.2366252, 0.69027203), (0.2402045, 0.69047445), (0.6215019, 0.6915376), (0.7020556, 0.691797), (0.84815913, 0.69243133), (0.9146451, 0.69243133), (0.8481592, 0.6924314), (0.9146451, 0.6924314), (0.44637364, 0.6936476), (0.34500638, 0.69383824), (0.61727303, 0.69697094), (0.70623434, 0.6972422), (0.84815913, 0.6983163), (0.9146451, 0.6983163), (0.44826627, 0.70051587), (0.34315607, 0.70059675), (0.61375475, 0.7029422), (0.7096965, 0.70319337), (0.84815913, 0.7045815), (0.9146451, 0.7045815), (0.34220114, 0.70765674), (0.44924384, 0.7077432), (0.6110151, 0.7093917), (0.71238244, 0.70958227), (0.84815913, 0.71113896), (0.9146451, 0.71113896), (0.34220117, 0.7149499), (0.44924384, 0.7150364), (0.6091224, 0.71625996), (0.71423256, 0.71634084), (0.84815913, 0.71790075), (0.9146451, 0.71790075), (0.44828892, 0.7220963), (0.34317872, 0.7221772), (0.71518743, 0.7234008), (0.60814476, 0.7234873), (0.45104328, 0.7243108), (0.45318598, 0.7243108), (0.45557407, 0.7243108), (0.45819476, 0.7243108), (0.45819476, 0.7243108), (0.47517294, 0.7243108), (0.84815913, 0.7247787), (0.9146451, 0.7247787), (0.44643864, 0.7288549), (0.34507138, 0.72904545), (0.71518743, 0.7294176), (0.7816733, 0.7294176), (0.7816734, 0.7294177), (0.84815925, 0.7294177), (0.71518743, 0.73069394), (0.60814476, 0.7307804), (0.84815913, 0.73168486), (0.9146451, 0.73168486), (0.71518743, 0.7341342), (0.7816733, 0.7341342), (0.7816734, 0.73413426), (0.84815925, 0.73413426), (0.4437526, 0.7352438), (0.34781086, 0.73549503), (0.6090998, 0.7378404), (0.7142099, 0.7379213), (0.84815913, 0.73853123), (0.9146451, 0.73853123), (0.71518743, 0.73865205), (0.7816733, 0.73865205), (0.7816734, 0.73865205), (0.84815925, 0.73865205), (0.4402903, 0.74119496), (0.3513291, 0.7414662), (0.71518743, 0.74292576), (0.7816733, 0.74292576), (0.7816734, 0.74292576), (0.84815925, 0.74292576), (0.6109502, 0.7445989), (0.71231735, 0.7447895), (0.84815913, 0.7452298), (0.9146451, 0.7452298), (0.43611142, 0.74664015), (0.35555783, 0.7468996), (0.71518743, 0.74691004), (0.7816733, 0.74691004), (0.7816734, 0.7469101), (0.84815925, 0.7469101), (0.9146451, 0.75053596), (0.91736937, 0.75053596), (0.92041516, 0.75053596), (0.9237636, 0.75053596), (0.92727774, 0.75053596), (0.9308078, 0.75053596), (0.9343136, 0.75053596), (0.9377547, 0.75053596), (0.94109094, 0.75053596), (0.944282, 0.75053596), (0.94728756, 0.75053596), (0.9500674, 0.75053596), (0.71518743, 0.75055957), (0.7816733, 0.75055957), (0.7816734, 0.7505596), (0.84815925, 0.7505596), (0.6136364, 0.7509879), (0.7095779, 0.75123906), (0.43127552, 0.7515112), (0.8481592, 0.7516925), (0.9146451, 0.7516925), (0.3604289, 0.7517355), (0.71518743, 0.753829), (0.7816733, 0.753829), (0.7816734, 0.75382906), (0.84815925, 0.75382906), (0.4258422, 0.7557399), (0.36587408, 0.7559144), (0.71518743, 0.756673), (0.7816733, 0.756673), (0.7816733, 0.756673), (0.71518743, 0.75667304), (0.78167325, 0.75667304), (0.7816734, 0.75667304), (0.84815913, 0.75667304), (0.84815925, 0.75667304), (0.61709875, 0.756939), (0.7060598, 0.7572103), (0.8481592, 0.75764376), (0.9146451, 0.75764376), (0.41987094, 0.75925815), (0.37182525, 0.75937665), (0.41342142, 0.7619977), (0.37821418, 0.76206267), (0.62127775, 0.76238424), (0.7018312, 0.76264364), (0.8481592, 0.76285285), (0.9146451, 0.76285285), (0.40655318, 0.7638903), (0.38497272, 0.763913), (0.34220114, 0.7648679), (0.39203265, 0.7648679), (0.39932585, 0.7648679), (0.40868703, 0.7648679), (0.40868706, 0.7648679), (0.47517297, 0.7648679), (0.71518743, 0.7664426), (0.78167325, 0.7664426), (0.7816733, 0.7664426), (0.84815913, 0.7664426), (0.6261138, 0.7672553), (0.8481592, 0.76729834), (0.9146451, 0.76729834), (0.9146451, 0.7672984), (0.9316232, 0.7672984), (0.8481592, 0.76729846), (0.91464514, 0.76729846), (0.6969603, 0.76747954), (0.63154715, 0.771484), (0.6915152, 0.7716585), (0.8481592, 0.7732422), (0.91464514, 0.7732422), (0.5416588, 0.7735715), (0.6081447, 0.7735715), (0.47517294, 0.7736367), (0.5416588, 0.77363676), (0.63751835, 0.77500224), (0.68556404, 0.77512074), (0.71518743, 0.7770094), (0.7816733, 0.7770094), (0.78167325, 0.7770095), (0.84815913, 0.7770095), (0.64396775, 0.77774173), (0.6791751, 0.7778068), (0.5416588, 0.7782518), (0.6081447, 0.7782518), (0.47517294, 0.7783167), (0.5416588, 0.7783167), (0.65083575, 0.77963436), (0.67241645, 0.77965707), (0.8481592, 0.77967024), (0.91464514, 0.77967024), (0.6746307, 0.7806119), (0.67770755, 0.7806119), (0.68119043, 0.7806119), (0.68503624, 0.7806119), (0.68920183, 0.7806119), (0.69364417, 0.7806119), (0.6983202, 0.7806119), (0.7031869, 0.7806119), (0.70687073, 0.7806119), (0.71041423, 0.7806119), (0.7137946, 0.7806119), (0.6580628, 0.78061193), (0.60814476, 0.780612), (0.66535634, 0.780612), (0.67463064, 0.780612), (0.5416588, 0.7829204), (0.6081447, 0.7829204), (0.47517294, 0.78298503), (0.5416588, 0.78298503), (0.8481592, 0.7865235), (0.91464514, 0.7865235), (0.5416588, 0.7875225), (0.6081447, 0.7875225), (0.47517294, 0.787587), (0.5416588, 0.787587), (0.71518743, 0.78831816), (0.78167325, 0.7883182), (0.7816733, 0.7883182), (0.84815913, 0.7883182), (0.0010494286, 0.79062986), (0.5416588, 0.7920034), (0.6081447, 0.7920034), (0.47517294, 0.7920679), (0.5416588, 0.7920679), (0.8481592, 0.79374313), (0.91464514, 0.79374313), (0.0005561051, 0.79535854), (0.5416588, 0.7963084), (0.6081447, 0.7963084), (0.47517294, 0.79637283), (0.5416588, 0.79637283), (0.0006902043, 0.80003), (0.71518743, 0.80007905), (0.78167325, 0.80007905), (0.7816733, 0.80007905), (0.84815913, 0.80007905), (0.5416588, 0.8003828), (0.6081447, 0.8003828), (0.47517294, 0.8004472), (0.5416588, 0.8004473), (0.8481592, 0.801036), (0.91464514, 0.801036), (0.5416588, 0.8041719), (0.6081447, 0.8041719), (0.47517294, 0.80423635), (0.5416588, 0.80423635), (0.0014240919, 0.8045911), (0.5416588, 0.8076211), (0.6081447, 0.8076211), (0.47517294, 0.8076853), (0.5416588, 0.8076853), (0.8481592, 0.80810314), (0.91464514, 0.80810314), (0.0027301072, 0.808989), (0.5416588, 0.81067556), (0.6081447, 0.81067556), (0.5416589, 0.8106756), (0.60814476, 0.8106756), (0.47517294, 0.8107395), (0.5416588, 0.8107395), (0.4751729, 0.8107396), (0.5416588, 0.8107396), (0.068649895, 0.8119128), (0.78167325, 0.81197476), (0.84815913, 0.81197476), (0.71518743, 0.81197494), (0.7816733, 0.81197494), (0.004580602, 0.81317055), (0.8481592, 0.8148759), (0.91464514, 0.8148759), (0.5416589, 0.815571), (0.60814476, 0.815571), (0.4751729, 0.8156348), (0.5416588, 0.8156348), (0.066345274, 0.81607115), (0.006947951, 0.81708276), (0.08632709, 0.8174781), (0.06355917, 0.8198232), (0.009804484, 0.8206726), (0.60814476, 0.82102036), (0.5416589, 0.8210204), (0.4751729, 0.82108414), (0.5416588, 0.82108414), (0.8481592, 0.8212855), (0.91464514, 0.8212855), (0.08583377, 0.8222068), (0.06034464, 0.8231413), (0.01312258, 0.823887), (0.78167325, 0.823909), (0.84815913, 0.823909), (0.71518743, 0.8239096), (0.7816733, 0.8239096), (0.056754716, 0.82599777), (0.016874546, 0.826673), (0.085967846, 0.8268782), (0.5416589, 0.826943), (0.60814476, 0.826943), (0.4751729, 0.8270066), (0.5416588, 0.8270066), (0.8481592, 0.82726336), (0.91464514, 0.82726336), (0.052842434, 0.82836497), (0.02103278, 0.8289774), (0.048660826, 0.8302154), (0.025569612, 0.83074737), (0.08670172, 0.8314394), (0.044262968, 0.8315213), (0.030302156, 0.8318957), (0.039701883, 0.832255), (0.035030585, 0.83238906), (0.8481592, 0.8327409), (0.91464514, 0.8327409), (0.5416589, 0.8332578), (0.60814476, 0.8332578), (0.4751729, 0.83332133), (0.5416588, 0.83332133), (0.9146451, 0.8337843), (0.9316232, 0.8337843), (0.78167325, 0.8357854), (0.84815913, 0.8357854), (0.71518743, 0.8357868), (0.7816733, 0.8357868), (0.08800776, 0.83583724), (0.8481592, 0.83764935), (0.91464514, 0.83764935), (0.15392752, 0.838761), (0.60814476, 0.83988404), (0.5416589, 0.8398841), (0.4751729, 0.8399475), (0.5416588, 0.8399476), (0.089858264, 0.8400188), (0.91464514, 0.84192014), (0.91797847, 0.84192014), (0.9211712, 0.84192014), (0.92419916, 0.84192014), (0.9279586, 0.84192014), (0.93119246, 0.84192014), (0.8481592, 0.8419202), (0.8481592, 0.8419202), (0.91464514, 0.8419202), (0.91464514, 0.8419202), (0.15162292, 0.8429194), (0.09222558, 0.843931), (0.14883682, 0.84667146), (0.5416589, 0.84674084), (0.60814476, 0.84674084), (0.4751729, 0.8468044), (0.5416588, 0.8468044), (0.6746307, 0.84709775), (0.67770755, 0.84709775), (0.68119043, 0.84709775), (0.68503624, 0.84709775), (0.68920183, 0.84709775), (0.6936442, 0.84709775), (0.6983202, 0.84709775), (0.7031869, 0.84709775), (0.7068707, 0.84709775), (0.71041423, 0.84709775), (0.7137946, 0.84709775), (0.78167325, 0.84750754), (0.84815913, 0.8475076), (0.71518743, 0.8475103), (0.7816733, 0.84751034), (0.095082134, 0.8475208), (0.8481592, 0.8478639), (0.91464514, 0.8478639), (0.14562228, 0.84998953), (0.098400205, 0.8507352), (0.14203237, 0.85284597), (0.10215219, 0.85352117), (0.5416589, 0.85374725), (0.60814476, 0.85374725), (0.4751729, 0.85381085), (0.5416588, 0.85381085), (0.8481592, 0.854292), (0.91464514, 0.854292), (0.13812009, 0.8552132), (0.10631043, 0.85582566), (0.13393848, 0.8570636), (0.11084725, 0.8575956), (0.12954062, 0.85836947), (0.115579806, 0.85874397), (0.78167325, 0.85897905), (0.84815913, 0.8589791), (0.71518743, 0.8589838), (0.7816733, 0.8589838), (0.12497952, 0.85910326), (4.1505728e-9, 0.85923725), (0.066485904, 0.85923725), (0.066485904, 0.8592373), (0.120308235, 0.8592373), (0.1329718, 0.8592373), (0.1329718, 0.8592373), (0.13604863, 0.8592373), (0.13953152, 0.8592373), (0.14337738, 0.8592373), (0.14754313, 0.8592373), (0.1519857, 0.8592373), (0.15666202, 0.8592373), (0.16152897, 0.8592373), (0.16511229, 0.8592373), (0.16858855, 0.8592373), (0.17194103, 0.8592373), (0.17515302, 0.8592373), (0.17820773, 0.8592373), (0.18108843, 0.8592373), (0.18377842, 0.8592373), (0.18626094, 0.8592373), (0.18851924, 0.8592373), (0.18851925, 0.8592373), (0.1917802, 0.8592373), (0.19541001, 0.8592373), (0.19935527, 0.8592373), (0.20356251, 0.8592373), (0.20797834, 0.8592373), (0.21254933, 0.8592373), (0.21722205, 0.8592373), (0.22194305, 0.8592373), (0.22665896, 0.8592373), (0.2311704, 0.8592373), (0.23529574, 0.8592373), (0.2390081, 0.8592373), (0.24228054, 0.8592373), (0.24228056, 0.8592373), (0.2639086, 0.8592373), (0.26633504, 0.8592373), (0.26843232, 0.8592373), (0.27018473, 0.8592373), (0.40868706, 0.86035645), (0.47517297, 0.86035645), (0.60814476, 0.8608224), (0.5416589, 0.86082244), (0.4751729, 0.8608862), (0.5416588, 0.8608862), (0.8481592, 0.8611453), (0.91464514, 0.8611453), (0.40868706, 0.8638346), (0.47517297, 0.8638346), (6.145891e-9, 0.86467516), (0.066485904, 0.86467516), (0.066485904, 0.86467516), (0.1329718, 0.86467516), (0.40868703, 0.8668022), (0.40868706, 0.8668022), (0.411948, 0.8668022), (0.41557786, 0.8668022), (0.4195231, 0.8668022), (0.42373034, 0.8668022), (0.42814618, 0.8668022), (0.4327171, 0.8668022), (0.43738988, 0.8668022), (0.44211087, 0.8668022), (0.44682676, 0.8668022), (0.4513382, 0.8668022), (0.45546353, 0.8668022), (0.45917588, 0.8668022), (0.46244833, 0.8668022), (0.47517297, 0.8668022), (0.5416589, 0.8678854), (0.60814476, 0.8678854), (0.4751729, 0.86794955), (0.5416588, 0.86794955), (0.8481592, 0.8683649), (0.91464514, 0.8683649), (0.78167325, 0.8701036), (0.84815913, 0.8701036), (0.71518743, 0.87011117), (0.7816733, 0.87011117), (0.066485904, 0.87075), (0.1329718, 0.87075), (5.2993014e-9, 0.8707502), (0.066485904, 0.8707502), (0.5416589, 0.8746411), (0.60814476, 0.8746411), (0.4751729, 0.87470496), (0.5416588, 0.87470496), (0.8481592, 0.87565774), (0.91464514, 0.87565774), (0.60814476, 0.8761005), (0.67463064, 0.8761005), (0.066485904, 0.87742347), (0.1329718, 0.87742347), (4.369269e-9, 0.87742394), (0.066485904, 0.87742394), (0.60814476, 0.87957865), (0.67463064, 0.8795787), (0.78167325, 0.8807847), (0.84815913, 0.8807847), (0.71518743, 0.88079596), (0.7816733, 0.88079596), (0.5416589, 0.88082093), (0.60814476, 0.88082093), (0.4751729, 0.8808846), (0.5416588, 0.8808846), (0.60814476, 0.8825461), (0.6114056, 0.8825461), (0.61503536, 0.8825461), (0.61898047, 0.8825461), (0.62318766, 0.8825461), (0.6276035, 0.8825461), (0.63217443, 0.8825461), (0.63684726, 0.8825461), (0.6415685, 0.8825461), (0.64628464, 0.8825461), (0.6507958, 0.8825461), (0.65492094, 0.8825461), (0.6586332, 0.8825462), (0.66190565, 0.8825462), (0.60814476, 0.88254625), (0.6619055, 0.88254625), (0.66386294, 0.88254625), (0.6660818, 0.88254625), (0.6685171, 0.88254625), (0.67112416, 0.88254625), (0.6738579, 0.88254625), (0.67463064, 0.88254625), (0.6766737, 0.88254625), (0.6795266, 0.88254625), (0.6823718, 0.88254625), (0.7115973, 0.88254625), (0.8481592, 0.8827249), (0.91464514, 0.8827249), (0.066485904, 0.884431), (0.1329718, 0.884431), (6.145891e-9, 0.8844312), (0.066485904, 0.8844312), (0.5416589, 0.8863842), (0.60814476, 0.8863842), (0.4751729, 0.8864477), (0.5416588, 0.8864477), (0.8481592, 0.88949764), (0.91464514, 0.88949764), (0.34220114, 0.8908609), (0.40868703, 0.8908609), (0.7816733, 0.8909259), (0.78493416, 0.8909259), (0.78856385, 0.8909259), (0.792509, 0.8909259), (0.79671615, 0.8909259), (0.80113196, 0.8909259), (0.805703, 0.8909259), (0.8103758, 0.8909259), (0.815097, 0.8909259), (0.8198132, 0.8909259), (0.8243243, 0.8909259), (0.8284495, 0.8909259), (0.8321617, 0.8909259), (0.83543414, 0.8909259), (0.78167325, 0.890926), (0.84815913, 0.890926), (0.71518743, 0.89094204), (0.7816733, 0.89094204), (0.71518743, 0.8909421), (0.718209, 0.8909421), (0.72134787, 0.8909421), (0.7245805, 0.8909421), (0.72788364, 0.8909421), (0.7312337, 0.8909421), (0.7346073, 0.8909421), (0.737981, 0.8909421), (0.7413314, 0.8909421), (0.74463505, 0.8909421), (0.7478685, 0.8909421), (0.75100833, 0.8909421), (0.7540312, 0.8909421), (0.75779057, 0.8909421), (0.7610243, 0.8909421), (0.60814476, 0.8912902), (0.5416589, 0.89129025), (0.4751729, 0.89135367), (0.5416588, 0.89135367), (0.066485904, 0.8914791), (0.1329718, 0.8914791), (5.163717e-9, 0.89147913), (0.066485904, 0.89147913), (0.34220114, 0.8943391), (0.40868703, 0.8943391), (0.8481592, 0.8959072), (0.91464514, 0.8959072), (0.34220114, 0.8973066), (0.40868703, 0.8973066), (4.187325e-9, 0.89848554), (0.066485904, 0.89848554), (0.066485904, 0.89848566), (0.1329718, 0.89848566), (0.8481592, 0.9018851), (0.91464514, 0.9018851), (0.27571526, 0.9045448), (0.34220117, 0.9045448), (5.9812613e-9, 0.90536857), (0.066485904, 0.90536857), (0.066485904, 0.90536875), (0.1329718, 0.90536875), (0.27571526, 0.90715754), (0.34220117, 0.90715754), (0.8481592, 0.90736264), (0.91464514, 0.90736264), (0.91464514, 0.908406), (0.91797847, 0.908406), (0.9211712, 0.908406), (0.9241991, 0.908406), (0.9279586, 0.908406), (0.93119246, 0.908406), (0.27571526, 0.90938604), (0.34220117, 0.90938604), (5.050698e-9, 0.91204613), (0.066485904, 0.9120462), (0.066485904, 0.91204625), (0.1329718, 0.91204625), (0.8481592, 0.9122711), (0.91464514, 0.9122711), (0.8481592, 0.9165419), (0.91464514, 0.9165419), (4.1602077e-9, 0.91843617), (0.066485904, 0.91843617), (0.066485904, 0.91843617), (0.1329718, 0.9184362), (0.0664859, 0.92445654), (0.1329718, 0.92445654), (3.3212209e-9, 0.9244566), (0.0664859, 0.9244566), (0.13297178, 0.9257232), (0.13604861, 0.9257232), (0.13953152, 0.9257232), (0.14337738, 0.9257232), (0.14754313, 0.9257232), (0.1519857, 0.9257232), (0.15666202, 0.9257232), (0.16152897, 0.9257232), (0.16511229, 0.9257232), (0.16858853, 0.9257232), (0.17194103, 0.9257232), (0.175153, 0.9257232), (0.17820771, 0.9257232), (0.18108842, 0.9257232), (0.18377842, 0.9257232), (0.18626094, 0.9257232), (0.18851924, 0.9257232), (0.18851925, 0.9257232), (0.1917802, 0.9257232), (0.19541001, 0.9257232), (0.19935527, 0.9257232), (0.20356251, 0.9257232), (0.20797834, 0.9257232), (0.21254933, 0.9257232), (0.21722205, 0.9257232), (0.22194305, 0.9257232), (0.22665894, 0.9257232), (0.2311704, 0.9257232), (0.23529573, 0.9257232), (0.2390081, 0.9257232), (0.24228054, 0.9257232), (0.24228056, 0.9257232), (0.2639086, 0.9257232), (0.266335, 0.9257232), (0.2684323, 0.9257232), (0.27018473, 0.9257232), (0.066485904, 0.9300253), (0.1329718, 0.9300253), (2.5451676e-9, 0.93002546), (0.0664859, 0.93002546), (0.40868703, 0.9332881), (0.411948, 0.9332881), (0.41557783, 0.9332881), (0.4195231, 0.9332881), (0.42373034, 0.9332881), (0.42814618, 0.9332881), (0.4327171, 0.9332881), (0.43738985, 0.9332881), (0.44211087, 0.9332881), (0.44682673, 0.9332881), (0.4513382, 0.9332881), (0.45546353, 0.9332881), (0.45917588, 0.9332881), (0.46244833, 0.9332881), (0.61503536, 0.949032), (0.61898047, 0.949032), (0.62318766, 0.949032), (0.6276034, 0.949032), (0.63217443, 0.949032), (0.63684726, 0.949032), (0.6415685, 0.949032), (0.60814476, 0.94903207), (0.6114056, 0.94903207), (0.64628464, 0.94903207), (0.6507958, 0.94903207), (0.65492094, 0.94903207), (0.6586332, 0.94903207), (0.66190565, 0.94903207), (0.6619055, 0.9490321), (0.663863, 0.9490321), (0.6660818, 0.9490321), (0.6685171, 0.9490321), (0.67112416, 0.9490321), (0.673858, 0.9490321), (0.67667377, 0.9490321), (0.6795266, 0.9490321), (0.6823718, 0.9490321), (0.7115973, 0.9490321), (0.7816733, 0.95741177), (0.78493416, 0.95741177), (0.78856385, 0.95741177), (0.792509, 0.95741177), (0.79671615, 0.95741177), (0.80113196, 0.95741177), (0.805703, 0.95741177), (0.8103758, 0.95741177), (0.815097, 0.95741177), (0.8198132, 0.95741177), (0.8243243, 0.95741177), (0.8284495, 0.95741177), (0.83216166, 0.95741177), (0.83543414, 0.95741177), (0.72134787, 0.957428), (0.7245805, 0.957428), (0.72788364, 0.957428), (0.7312337, 0.957428), (0.7346073, 0.957428), (0.71518743, 0.95742804), (0.718209, 0.95742804), (0.737981, 0.95742804), (0.7413314, 0.95742804), (0.74463505, 0.95742804), (0.7478685, 0.95742804), (0.75100833, 0.95742804), (0.7540312, 0.95742804), (0.75779057, 0.95742804), (0.7610243, 0.95742804), (0.9734227, -2.5349518e-9), (0.92026794, -9.6231005e-9), (0.11450404, -1.6109272e-8)] (
                interpolation = "faceVarying"
            )
            int[] primvars:st:indices = [182, 235, 230, 933, 922, 870, 86, 37, 4, 99, 166, 236, 1085, 1073, 1057, 820, 867, 911, 519, 510, 501, 88, 40, 7, 94, 42, 103, 616, 629, 648, 1128, 1122, 1129, 1582, 1395, 1574, 1498, 1233, 1499, 1121, 1113, 1122, 1574, 1396, 1575, 1112, 1107, 1113, 1575, 1397, 1576, 1256, 1099, 1257, 1106, 1084, 1107, 1576, 1398, 1577, 1083, 1072, 1084, 1577, 1399, 1578, 1069, 795, 1070, 1578, 1400, 1579, 1579, 1401, 1580, 1580, 1402, 1583, 1584, 1402, 1403, 1584, 1404, 1585, 1585, 1405, 1586, 1500, 1233, 1234, 1586, 1406, 1587, 1500, 1235, 1501, 1032, 1021, 1022, 1154, 1146, 1147, 1022, 1011, 1012, 1147, 1141, 1142, 1012, 995, 996, 1142, 1135, 1136, 996, 985, 986, 1136, 1126, 1127, 986, 979, 980, 1127, 1119, 1120, 980, 969, 970, 1120, 1110, 1111, 970, 961, 962, 1105, 1110, 1104, 797, 778, 779, 960, 704, 705, 1105, 1081, 1082, 778, 760, 779, 1124, 1108, 1109, 1082, 1069, 1070, 1449, 1388, 1450, 1109, 1087, 1088, 533, 772, 532, 1388, 1365, 1366, 1088, 1067, 1068, 1365, 1284, 1366, 1068, 1062, 1063, 1283, 1261, 1284, 1559, 1518, 1519, 1260, 1220, 1261, 1519, 1512, 1513, 1219, 1190, 1220, 1513, 1504, 1505, 1189, 1165, 1190, 1505, 1488, 1489, 1164, 1133, 1165, 1489, 1480, 1481, 1131, 1116, 1133, 1481, 1472, 1473, 1114, 1076, 1116, 1473, 1423, 1424, 1075, 1055, 1076, 1424, 1381, 1382, 1053, 1027, 1055, 1382, 1369, 1370, 423, 445, 422, 1370, 1337, 1338, 446, 457, 445, 1338, 1286, 1287, 458, 482, 457, 917, 926, 925, 777, 794, 776, 483, 495, 482, 925, 932, 931, 777, 761, 763, 496, 505, 495, 931, 938, 937, 1448, 1385, 1386, 506, 512, 505, 937, 944, 943, 1386, 1363, 1364, 515, 524, 512, 943, 956, 955, 1364, 1281, 1282, 524, 533, 532, 955, 966, 965, 1282, 1258, 1259, 965, 976, 975, 1259, 1217, 1218, 975, 990, 989, 1218, 1187, 1188, 989, 1017, 1016, 1163, 1187, 1162, 1016, 1036, 1035, 1163, 1132, 1134, 1035, 1044, 1043, 1134, 1115, 1117, 1043, 1059, 1058, 1117, 1077, 1078, 1159, 1172, 1171, 1078, 1054, 1056, 1171, 1181, 1180, 1056, 1029, 1031, 1180, 1197, 1196, 420, 444, 443, 1196, 1214, 1213, 443, 456, 455, 1213, 1228, 1227, 455, 481, 480, 1227, 1246, 1245, 480, 497, 494, 1245, 1272, 1271, 503, 497, 504, 531, 775, 530, 1331, 1272, 1332, 503, 514, 513, 773, 782, 772, 1331, 1360, 1359, 513, 523, 522, 782, 791, 790, 1359, 1374, 1373, 522, 531, 530, 791, 798, 790, 1373, 1392, 1391, 799, 806, 798, 1391, 1428, 1427, 1291, 1521, 1520, 1468, 1428, 1469, 1292, 1522, 1521, 1238, 1222, 1223, 1293, 1523, 1522, 1223, 1209, 1210, 1294, 1524, 1523, 1210, 1198, 1199, 1295, 1525, 1524, 1199, 1182, 1183, 1296, 1526, 1525, 1183, 1167, 1168, 1526, 1298, 1527, 1168, 1150, 1151, 1527, 1299, 1528, 1151, 1139, 1140, 1299, 1529, 1528, 1140, 1123, 1124, 1300, 1530, 1529, 885, 999, 882, 1301, 1531, 1530, 882, 998, 880, 1302, 1532, 1531, 880, 997, 877, 472, 549, 537, 1532, 1304, 1533, 425, 436, 435, 775, 785, 784, 1533, 1305, 1534, 435, 439, 438, 784, 793, 792, 1305, 1535, 1534, 438, 442, 441, 792, 801, 800, 1306, 1537, 1535, 441, 450, 449, 800, 815, 814, 807, 950, 949, 449, 454, 453, 1247, 1090, 1248, 808, 951, 950, 453, 460, 459, 1248, 1091, 1249, 809, 953, 951, 459, 464, 463, 1249, 1092, 1250, 463, 466, 465, 1250, 1093, 1251, 560, 53, 559, 1251, 1094, 1252, 1252, 1095, 1253, 1253, 1096, 1254, 1496, 1231, 1497, 1497, 1232, 1498, 1050, 1431, 1047, 689, 695, 688, 696, 719, 695, 1254, 1097, 1255, 1307, 1538, 1536, 1486, 1493, 1492, 1309, 1539, 1538, 1492, 1503, 1502, 1310, 1540, 1539, 661, 538, 539, 1311, 1541, 1540, 661, 540, 662, 1312, 1542, 1541, 662, 541, 663, 1313, 1543, 1542, 663, 542, 664, 1314, 1544, 1543, 664, 543, 665, 1315, 1545, 1544, 665, 544, 666, 1316, 1546, 1545, 666, 545, 667, 1317, 1547, 1546, 667, 546, 668, 1318, 1548, 1547, 668, 547, 669, 1319, 1549, 1548, 669, 548, 670, 1255, 1098, 1256, 1320, 1550, 1549, 670, 550, 671, 764, 757, 765, 671, 552, 672, 890, 718, 897, 756, 749, 757, 672, 554, 673, 549, 474, 551, 748, 739, 749, 590, 581, 582, 551, 475, 553, 738, 725, 739, 582, 579, 580, 553, 476, 555, 724, 700, 725, 580, 571, 572, 878, 711, 879, 699, 693, 700, 572, 569, 570, 879, 712, 881, 692, 684, 693, 570, 565, 566, 881, 713, 883, 1052, 1327, 1051, 566, 564, 563, 883, 714, 884, 563, 560, 559, 884, 715, 886, 1103, 1377, 1101, 886, 716, 888, 888, 717, 890, 1322, 1552, 1551, 1071, 797, 1072, 53, 45, 44, 44, 29, 28, 28, 1, 0, 896, 1007, 895, 895, 1006, 894, 894, 1005, 893, 893, 1004, 892, 892, 1003, 891, 891, 1002, 889, 1362, 1333, 1334, 889, 1001, 887, 1334, 1273, 1274, 887, 1000, 885, 1274, 1263, 1264, 1264, 1237, 1239, 1557, 1516, 1517, 682, 428, 429, 1517, 1514, 1515, 1327, 1336, 1335, 1515, 1506, 1507, 1335, 1356, 1342, 1507, 1490, 1491, 1598, 1434, 1599, 1491, 1482, 1483, 1599, 1435, 1600, 1471, 1482, 1470, 1600, 1436, 1601, 1471, 1421, 1422, 1601, 1437, 1602, 1422, 1379, 1380, 1602, 1438, 1603, 1380, 1367, 1368, 1603, 1439, 1604, 1368, 1339, 1340, 1604, 1440, 1605, 1340, 1288, 1290, 961, 708, 962, 1605, 1441, 1606, 707, 731, 730, 1432, 1474, 1431, 1606, 1442, 1607, 730, 751, 750, 1475, 1478, 1474, 1607, 1443, 1608, 750, 767, 766, 1341, 1561, 1560, 1608, 1444, 1609, 766, 771, 770, 1343, 1562, 1561, 1609, 1445, 1610, 770, 788, 787, 1344, 1563, 1562, 1610, 1446, 1611, 787, 805, 804, 1345, 1564, 1563, 1020, 1028, 1019, 804, 828, 827, 1346, 1565, 1564, 1020, 1009, 1010, 838, 828, 839, 1347, 1566, 1565, 1010, 993, 994, 862, 839, 863, 1348, 1567, 1566, 994, 983, 984, 862, 875, 874, 1349, 1568, 1567, 984, 977, 978, 874, 908, 907, 1350, 1569, 1568, 978, 967, 968, 907, 920, 919, 1351, 1570, 1569, 968, 959, 960, 1155, 1170, 1169, 1352, 1571, 1570, 466, 1486, 465, 1169, 1178, 1179, 1353, 1572, 1571, 1179, 1195, 1194, 1354, 1573, 1572, 1194, 1212, 1211, 759, 755, 762, 1211, 1225, 1226, 754, 747, 755, 1226, 1244, 1243, 746, 737, 747, 1243, 1270, 1269, 737, 722, 723, 1269, 1329, 1330, 722, 698, 723, 1330, 1358, 1357, 697, 691, 698, 1357, 1372, 1371, 690, 682, 691, 1371, 1390, 1389, 471, 688, 470, 1389, 1426, 1425, 1425, 1466, 1467, 1511, 1508, 1509, 1509, 1494, 1495, 1495, 1484, 1485, 1485, 1476, 1477, 1552, 1324, 1553, 1477, 1429, 1430, 1553, 1325, 1554, 1430, 1419, 1420, 1554, 1326, 1555, 1420, 1375, 1376, 1588, 1409, 1589, 1376, 1361, 1362, 1589, 1410, 1590, 1590, 1411, 1591, 1591, 1412, 1592, 1451, 1618, 1617, 810, 954, 952, 1592, 1413, 1593, 1452, 1612, 1618, 1593, 1415, 1594, 1453, 1613, 1612, 1594, 1416, 1595, 1454, 1614, 1613, 1595, 1417, 1596, 1455, 1615, 1614, 1456, 1616, 1615, 1457, 1619, 1616, 1458, 1620, 1619, 1459, 1621, 1620, 1460, 1622, 1621, 1461, 1623, 1622, 1462, 1624, 1623, 1417, 1597, 1596, 1624, 1464, 1625, 1464, 1626, 1625, 1157, 1149, 1158, 683, 478, 684, 1148, 1144, 1149, 1377, 1384, 1383, 1143, 1138, 1144, 1383, 1414, 1407, 1137, 1129, 1138, 1581, 1394, 1582, 1060, 1216, 1215, 210, 313, 370, 313, 322, 373, 370, 409, 400, 322, 337, 352, 352, 367, 373, 373, 379, 385, 385, 391, 397, 397, 403, 373, 403, 409, 373, 409, 415, 412, 415, 430, 412, 430, 418, 412, 412, 406, 400, 400, 394, 388, 388, 382, 376, 376, 370, 400, 370, 197, 210, 197, 201, 209, 209, 216, 197, 216, 220, 197, 220, 221, 227, 227, 231, 235, 235, 238, 244, 244, 250, 247, 250, 253, 247, 247, 241, 244, 241, 234, 230, 230, 224, 219, 219, 215, 204, 204, 196, 189, 189, 182, 204, 182, 119, 197, 119, 116, 113, 113, 110, 119, 110, 107, 119, 107, 104, 27, 104, 98, 27, 98, 90, 80, 80, 66, 50, 50, 34, 98, 34, 22, 27, 98, 34, 27, 22, 8, 3, 3, 13, 22, 13, 27, 22, 27, 43, 119, 43, 61, 119, 61, 71, 85, 85, 95, 101, 101, 122, 156, 122, 125, 137, 156, 122, 152, 125, 128, 131, 131, 134, 125, 134, 137, 125, 137, 140, 149, 140, 143, 149, 143, 146, 149, 149, 152, 122, 152, 155, 156, 155, 157, 161, 161, 165, 169, 169, 171, 161, 171, 173, 161, 173, 172, 170, 170, 168, 164, 164, 160, 156, 156, 286, 198, 286, 289, 304, 198, 286, 301, 289, 292, 295, 295, 298, 304, 304, 310, 319, 319, 328, 334, 334, 343, 319, 343, 349, 319, 349, 358, 340, 358, 364, 340, 364, 361, 355, 355, 346, 340, 340, 331, 325, 325, 316, 307, 307, 301, 340, 349, 286, 304, 409, 370, 313, 322, 352, 373, 325, 307, 340, 286, 349, 301, 397, 373, 385, 340, 364, 355, 373, 409, 313, 349, 340, 301, 409, 412, 400, 319, 349, 304, 376, 400, 388, 304, 289, 295, 198, 210, 119, 210, 197, 119, 220, 227, 182, 227, 235, 182, 235, 244, 230, 230, 244, 241, 230, 219, 182, 219, 204, 182, 182, 197, 220, 98, 80, 50, 61, 85, 101, 119, 61, 101, 155, 161, 173, 173, 170, 155, 170, 164, 155, 156, 198, 101, 164, 156, 155, 137, 149, 122, 119, 101, 198, 119, 107, 27, 819, 817, 832, 817, 816, 832, 816, 818, 823, 823, 825, 832, 832, 843, 819, 843, 856, 844, 819, 843, 844, 856, 869, 927, 869, 903, 927, 903, 921, 927, 927, 934, 856, 934, 940, 981, 940, 945, 957, 957, 971, 981, 981, 991, 856, 991, 1015, 992, 856, 991, 857, 1015, 1023, 1045, 1023, 1037, 1045, 1037, 1039, 1045, 1045, 1049, 1024, 1049, 1048, 1024, 1048, 1046, 1040, 1040, 1038, 1024, 1024, 1018, 1045, 1018, 992, 1015, 1045, 1018, 1015, 992, 982, 946, 982, 972, 946, 972, 958, 946, 946, 939, 992, 939, 933, 870, 933, 928, 922, 922, 904, 870, 870, 857, 992, 857, 844, 856, 992, 857, 991, 844, 833, 819, 833, 826, 819, 826, 824, 819, 816, 823, 832, 934, 981, 856, 940, 957, 981, 1048, 1040, 1024, 939, 870, 992, 4, 1628, 86, 1628, 5, 87, 5, 15, 19, 19, 32, 39, 39, 48, 57, 57, 64, 74, 74, 77, 57, 77, 87, 57, 87, 577, 86, 577, 584, 645, 583, 645, 639, 584, 592, 598, 598, 604, 610, 610, 620, 626, 626, 632, 636, 636, 640, 626, 640, 645, 598, 626, 640, 598, 639, 635, 625, 635, 631, 625, 625, 619, 609, 609, 603, 597, 597, 591, 583, 583, 575, 645, 575, 86, 577, 86, 76, 55, 76, 72, 55, 72, 62, 55, 55, 46, 37, 37, 30, 18, 18, 14, 4, 1628, 87, 86, 5, 19, 39, 87, 5, 39, 39, 57, 87, 584, 598, 645, 577, 645, 575, 598, 610, 626, 639, 625, 583, 625, 609, 597, 597, 583, 625, 55, 37, 86, 37, 18, 4, 374, 368, 386, 368, 268, 256, 268, 280, 258, 280, 282, 276, 258, 280, 272, 282, 278, 276, 276, 274, 280, 274, 272, 280, 272, 270, 260, 270, 266, 260, 266, 264, 262, 262, 260, 266, 260, 258, 272, 236, 242, 248, 258, 236, 268, 380, 374, 386, 368, 256, 311, 236, 248, 251, 251, 245, 180, 245, 239, 217, 239, 232, 228, 228, 222, 239, 222, 217, 239, 217, 213, 187, 213, 202, 187, 202, 192, 187, 187, 180, 217, 180, 117, 236, 117, 114, 111, 111, 108, 105, 105, 102, 99, 102, 96, 99, 96, 91, 51, 91, 81, 51, 81, 67, 51, 51, 35, 96, 35, 23, 25, 23, 9, 1629, 1629, 11, 25, 25, 41, 96, 41, 59, 96, 59, 69, 99, 69, 83, 99, 83, 93, 99, 99, 120, 166, 120, 123, 129, 166, 120, 153, 123, 126, 129, 129, 132, 135, 135, 138, 141, 141, 144, 147, 147, 150, 141, 150, 153, 120, 141, 150, 120, 153, 158, 166, 158, 162, 166, 166, 174, 225, 174, 176, 178, 225, 174, 211, 129, 135, 120, 135, 141, 120, 1629, 25, 23, 35, 25, 96, 111, 105, 117, 180, 236, 251, 236, 117, 99, 245, 217, 180, 368, 311, 407, 398, 392, 386, 410, 404, 398, 419, 416, 410, 407, 413, 410, 413, 419, 410, 395, 401, 371, 401, 407, 371, 383, 389, 395, 371, 377, 383, 350, 365, 371, 320, 335, 350, 311, 320, 371, 305, 299, 323, 299, 254, 284, 386, 368, 398, 320, 350, 371, 314, 305, 323, 299, 284, 347, 323, 299, 329, 395, 371, 383, 329, 299, 338, 371, 407, 311, 338, 299, 347, 344, 338, 347, 407, 410, 398, 353, 344, 356, 407, 398, 368, 359, 353, 356, 356, 344, 347, 362, 359, 356, 254, 256, 236, 256, 268, 236, 341, 347, 284, 326, 332, 341, 308, 317, 341, 317, 326, 341, 296, 302, 308, 290, 293, 296, 284, 287, 290, 207, 211, 194, 194, 174, 190, 225, 284, 254, 284, 290, 296, 296, 308, 284, 254, 236, 166, 308, 341, 284, 205, 207, 194, 174, 194, 211, 194, 199, 205, 185, 190, 174, 178, 183, 185, 59, 99, 96, 105, 99, 117, 178, 185, 174, 225, 254, 166, 964, 948, 915, 948, 941, 915, 941, 935, 929, 929, 923, 915, 915, 901, 964, 901, 872, 1033, 964, 901, 1033, 872, 865, 851, 865, 859, 851, 859, 853, 851, 851, 852, 872, 852, 854, 902, 854, 860, 866, 866, 873, 902, 902, 916, 872, 916, 924, 1066, 872, 916, 1041, 924, 930, 947, 930, 936, 947, 936, 942, 947, 947, 963, 1042, 963, 974, 1042, 974, 988, 1014, 1014, 1034, 1042, 1042, 1064, 947, 1064, 1066, 924, 947, 1064, 924, 1066, 1074, 1102, 1074, 1080, 1102, 1080, 1086, 1102, 1102, 1100, 1066, 1100, 1085, 1057, 1085, 1079, 1073, 1073, 1065, 1057, 1057, 1041, 1066, 1041, 1033, 872, 1066, 1041, 916, 1033, 1013, 964, 1013, 987, 964, 987, 973, 964, 941, 929, 915, 852, 902, 872, 854, 866, 902, 974, 1014, 1042, 1100, 1057, 1066, 842, 1161, 1118, 1161, 1173, 1200, 1118, 1203, 1166, 1173, 1176, 1185, 1185, 1191, 1200, 1200, 1202, 1205, 1205, 1207, 1208, 1208, 1206, 1200, 1206, 1203, 1200, 1203, 1201, 1177, 1201, 1192, 1177, 1192, 1186, 1177, 1177, 1174, 1166, 1166, 1152, 1145, 1145, 1130, 1125, 1125, 1118, 1166, 1118, 726, 842, 726, 728, 733, 733, 740, 742, 742, 744, 745, 745, 743, 741, 741, 735, 729, 729, 727, 741, 727, 721, 741, 721, 703, 726, 703, 694, 680, 694, 686, 680, 680, 677, 676, 676, 659, 656, 656, 653, 650, 650, 647, 656, 647, 492, 726, 492, 479, 462, 462, 452, 492, 452, 448, 492, 448, 440, 490, 440, 434, 490, 434, 432, 424, 424, 431, 433, 433, 437, 424, 437, 447, 490, 424, 437, 434, 447, 451, 461, 461, 467, 447, 467, 490, 447, 490, 500, 448, 500, 509, 448, 509, 518, 525, 525, 534, 558, 558, 820, 837, 820, 829, 867, 837, 820, 898, 829, 836, 848, 848, 861, 829, 861, 867, 829, 867, 876, 910, 876, 899, 910, 899, 905, 910, 910, 912, 911, 912, 914, 913, 911, 912, 913, 911, 909, 898, 909, 906, 898, 906, 900, 898, 898, 871, 868, 868, 864, 855, 855, 845, 837, 837, 1224, 858, 1224, 1240, 1275, 858, 1224, 1175, 1240, 1242, 1265, 1265, 1267, 1275, 1275, 1277, 1279, 1279, 1285, 1289, 1289, 1280, 1279, 1280, 1278, 1279, 1278, 1276, 1229, 1276, 1268, 1229, 1268, 1266, 1262, 1262, 1241, 1229, 1229, 1221, 1204, 1204, 1193, 1184, 1184, 1175, 1229, 1278, 1224, 1275, 1203, 1118, 1161, 1173, 1185, 1200, 1204, 1184, 1229, 1224, 1278, 1175, 1208, 1200, 1205, 1229, 1268, 1262, 1200, 1203, 1161, 1278, 1229, 1175, 1203, 1177, 1166, 1279, 1278, 1275, 1125, 1166, 1145, 1275, 1240, 1265, 858, 842, 558, 842, 726, 492, 726, 733, 721, 733, 742, 721, 742, 745, 721, 745, 741, 721, 703, 680, 647, 726, 703, 647, 680, 676, 647, 676, 656, 647, 490, 434, 437, 509, 525, 558, 448, 558, 492, 898, 868, 837, 868, 855, 837, 837, 858, 558, 842, 492, 558, 910, 911, 867, 911, 898, 820, 558, 448, 509, 468, 469, 499, 469, 485, 499, 485, 487, 489, 489, 493, 499, 499, 502, 468, 502, 508, 491, 468, 502, 491, 508, 511, 526, 511, 517, 526, 517, 520, 526, 526, 528, 508, 528, 536, 574, 536, 557, 562, 562, 568, 574, 574, 588, 508, 588, 596, 567, 508, 588, 498, 596, 602, 618, 602, 608, 618, 608, 614, 618, 618, 617, 587, 617, 613, 587, 613, 607, 601, 601, 595, 587, 587, 573, 618, 573, 567, 596, 618, 573, 596, 567, 561, 529, 561, 556, 529, 556, 535, 529, 529, 527, 567, 527, 519, 501, 519, 516, 510, 510, 507, 501, 501, 498, 567, 498, 491, 508, 567, 498, 588, 491, 488, 468, 488, 486, 468, 486, 484, 468, 485, 489, 499, 528, 574, 508, 536, 562, 574, 613, 601, 587, 527, 501, 567, 7, 1627, 88, 1627, 6, 89, 6, 16, 20, 20, 31, 38, 38, 47, 56, 56, 63, 73, 73, 79, 56, 79, 89, 56, 89, 578, 88, 578, 586, 646, 585, 646, 641, 586, 593, 600, 600, 606, 612, 612, 622, 628, 628, 634, 637, 637, 642, 628, 642, 646, 600, 628, 642, 600, 641, 638, 627, 638, 633, 627, 627, 621, 611, 611, 605, 599, 599, 594, 585, 585, 576, 646, 576, 88, 578, 88, 78, 58, 78, 75, 58, 75, 65, 58, 58, 49, 40, 40, 33, 21, 21, 17, 7, 1627, 89, 88, 6, 20, 38, 89, 6, 38, 38, 56, 89, 586, 600, 646, 578, 646, 576, 600, 612, 628, 641, 627, 585, 627, 611, 599, 599, 585, 627, 58, 40, 88, 40, 21, 7, 269, 369, 257, 369, 375, 399, 257, 369, 312, 375, 381, 387, 387, 393, 399, 399, 405, 411, 411, 417, 427, 427, 414, 411, 414, 408, 411, 408, 402, 372, 402, 396, 372, 396, 390, 384, 384, 378, 372, 372, 366, 351, 351, 336, 321, 321, 312, 372, 408, 369, 399, 255, 300, 285, 300, 306, 324, 285, 300, 348, 351, 321, 372, 369, 408, 312, 306, 315, 324, 300, 324, 330, 372, 396, 384, 300, 330, 339, 408, 372, 312, 300, 339, 348, 339, 345, 348, 411, 408, 399, 345, 354, 357, 354, 360, 357, 345, 357, 348, 399, 375, 387, 360, 363, 357, 348, 342, 285, 281, 269, 259, 269, 257, 237, 342, 333, 303, 285, 342, 303, 269, 237, 259, 257, 255, 237, 279, 283, 281, 275, 277, 279, 271, 273, 281, 273, 275, 281, 265, 267, 271, 261, 263, 265, 259, 261, 281, 249, 243, 237, 246, 252, 181, 252, 249, 237, 233, 240, 246, 223, 229, 246, 229, 233, 246, 214, 218, 223, 193, 203, 214, 181, 188, 193, 115, 118, 100, 118, 181, 237, 109, 112, 115, 103, 106, 115, 106, 109, 115, 92, 97, 36, 97, 103, 36, 68, 82, 92, 36, 52, 68, 10, 24, 36, 12, 2, 10, 42, 26, 36, 26, 12, 36, 70, 60, 94, 60, 42, 94, 94, 84, 70, 121, 100, 167, 100, 94, 115, 167, 100, 118, 127, 124, 121, 133, 130, 127, 139, 136, 133, 145, 142, 151, 142, 139, 151, 151, 148, 145, 159, 154, 121, 154, 151, 121, 167, 163, 159, 177, 175, 184, 175, 167, 226, 184, 179, 177, 191, 186, 175, 186, 184, 175, 200, 195, 212, 195, 191, 212, 208, 206, 200, 226, 212, 175, 212, 208, 200, 288, 285, 303, 285, 226, 255, 294, 291, 288, 303, 297, 294, 318, 309, 303, 333, 327, 318, 279, 281, 275, 333, 318, 303, 303, 294, 288, 191, 175, 212, 167, 159, 121, 139, 133, 121, 133, 127, 121, 12, 10, 36, 36, 68, 92, 42, 36, 103, 118, 237, 167, 181, 193, 214, 237, 181, 252, 214, 223, 181, 261, 265, 271, 261, 271, 281, 223, 246, 181, 255, 226, 167, 151, 139, 121, 237, 255, 167, 103, 115, 94, 685, 702, 786, 702, 734, 786, 734, 752, 768, 768, 780, 786, 786, 802, 685, 802, 821, 654, 685, 802, 654, 821, 830, 846, 830, 834, 846, 834, 840, 846, 846, 849, 821, 849, 850, 831, 850, 847, 841, 841, 835, 831, 831, 822, 821, 822, 803, 652, 821, 822, 651, 803, 789, 753, 789, 781, 753, 781, 769, 753, 753, 732, 658, 732, 701, 658, 701, 687, 679, 679, 675, 658, 658, 655, 753, 655, 652, 803, 753, 655, 803, 652, 649, 624, 649, 644, 624, 644, 630, 624, 624, 615, 652, 615, 616, 648, 616, 623, 629, 629, 643, 648, 648, 651, 652, 651, 654, 821, 652, 651, 822, 654, 657, 685, 657, 674, 685, 674, 678, 685, 734, 768, 786, 849, 831, 821, 850, 841, 831, 701, 679, 658, 615, 648, 652, 1128, 1121, 1122, 1582, 1394, 1395, 1498, 1232, 1233, 1121, 1112, 1113, 1574, 1395, 1396, 1112, 1106, 1107, 1575, 1396, 1397, 1256, 1098, 1099, 1106, 1083, 1084, 1576, 1397, 1398, 1083, 1071, 1072, 1577, 1398, 1399, 1069, 794, 795, 1578, 1399, 1400, 1579, 1400, 1401, 1580, 1401, 1402, 1584, 1583, 1402, 1584, 1403, 1404, 1585, 1404, 1405, 1500, 1499, 1233, 1586, 1405, 1406, 1500, 1234, 1235, 1032, 1030, 1021, 1154, 1153, 1146, 1022, 1021, 1011, 1147, 1146, 1141, 1012, 1011, 995, 1142, 1141, 1135, 996, 995, 985, 1136, 1135, 1126, 986, 985, 979, 1127, 1126, 1119, 980, 979, 969, 1120, 1119, 1110, 970, 969, 961, 1105, 1111, 1110, 797, 796, 778, 960, 959, 704, 1105, 1104, 1081, 778, 758, 760, 1124, 1123, 1108, 1082, 1081, 1069, 1449, 1387, 1388, 1109, 1108, 1087, 533, 773, 772, 1388, 1387, 1365, 1088, 1087, 1067, 1365, 1283, 1284, 1068, 1067, 1062, 1283, 1260, 1261, 1559, 1558, 1518, 1260, 1219, 1220, 1519, 1518, 1512, 1219, 1189, 1190, 1513, 1512, 1504, 1189, 1164, 1165, 1505, 1504, 1488, 1164, 1131, 1133, 1489, 1488, 1480, 1131, 1114, 1116, 1481, 1480, 1472, 1114, 1075, 1076, 1473, 1472, 1423, 1075, 1053, 1055, 1424, 1423, 1381, 1053, 1025, 1027, 1382, 1381, 1369, 423, 446, 445, 1370, 1369, 1337, 446, 458, 457, 1338, 1337, 1286, 458, 483, 482, 917, 918, 926, 777, 795, 794, 483, 496, 495, 925, 926, 932, 777, 776, 761, 496, 506, 505, 931, 932, 938, 1448, 1447, 1385, 506, 515, 512, 937, 938, 944, 1386, 1385, 1363, 515, 521, 524, 943, 944, 956, 1364, 1363, 1281, 524, 521, 533, 955, 956, 966, 1282, 1281, 1258, 965, 966, 976, 1259, 1258, 1217, 975, 976, 990, 1218, 1217, 1187, 989, 990, 1017, 1163, 1188, 1187, 1016, 1017, 1036, 1163, 1162, 1132, 1035, 1036, 1044, 1134, 1132, 1115, 1043, 1044, 1059, 1117, 1115, 1077, 1159, 1160, 1172, 1078, 1077, 1054, 1171, 1172, 1181, 1056, 1054, 1029, 1180, 1181, 1197, 420, 421, 444, 1196, 1197, 1214, 443, 444, 456, 1213, 1214, 1228, 455, 456, 481, 1227, 1228, 1246, 480, 481, 497, 1245, 1246, 1272, 503, 494, 497, 531, 774, 775, 1331, 1271, 1272, 503, 504, 514, 773, 783, 782, 1331, 1332, 1360, 513, 514, 523, 782, 783, 791, 1359, 1360, 1374, 522, 523, 531, 791, 799, 798, 1373, 1374, 1392, 799, 813, 806, 1391, 1392, 1428, 1291, 1292, 1521, 1468, 1427, 1428, 1292, 1293, 1522, 1238, 1236, 1222, 1293, 1294, 1523, 1223, 1222, 1209, 1294, 1295, 1524, 1210, 1209, 1198, 1295, 1296, 1525, 1199, 1198, 1182, 1296, 1297, 1526, 1183, 1182, 1167, 1526, 1297, 1298, 1168, 1167, 1150, 1527, 1298, 1299, 1151, 1150, 1139, 1299, 1300, 1529, 1140, 1139, 1123, 1300, 1301, 1530, 885, 1000, 999, 1301, 1302, 1531, 882, 999, 998, 1302, 1303, 1532, 880, 998, 997, 472, 473, 549, 1532, 1303, 1304, 425, 426, 436, 775, 774, 785, 1533, 1304, 1305, 435, 436, 439, 784, 785, 793, 1305, 1306, 1535, 438, 439, 442, 792, 793, 801, 1306, 1308, 1537, 441, 442, 450, 800, 801, 815, 807, 808, 950, 449, 450, 454, 1247, 1089, 1090, 808, 809, 951, 453, 454, 460, 1248, 1090, 1091, 809, 811, 953, 459, 460, 464, 1249, 1091, 1092, 463, 464, 466, 1250, 1092, 1093, 560, 54, 53, 1251, 1093, 1094, 1252, 1094, 1095, 1253, 1095, 1096, 1496, 1230, 1231, 1497, 1231, 1232, 1050, 1432, 1431, 689, 696, 695, 696, 720, 719, 1254, 1096, 1097, 1307, 1309, 1538, 1486, 1487, 1493, 1309, 1310, 1539, 1492, 1493, 1503, 1310, 1311, 1540, 661, 660, 538, 1311, 1312, 1541, 661, 539, 540, 1312, 1313, 1542, 662, 540, 541, 1313, 1314, 1543, 663, 541, 542, 1314, 1315, 1544, 664, 542, 543, 1315, 1316, 1545, 665, 543, 544, 1316, 1317, 1546, 666, 544, 545, 1317, 1318, 1547, 667, 545, 546, 1318, 1319, 1548, 668, 546, 547, 1319, 1320, 1549, 669, 547, 548, 1255, 1097, 1098, 1320, 1321, 1550, 670, 548, 550, 764, 756, 757, 671, 550, 552, 890, 717, 718, 756, 748, 749, 672, 552, 554, 549, 473, 474, 748, 738, 739, 590, 589, 581, 551, 474, 475, 738, 724, 725, 582, 581, 579, 553, 475, 476, 724, 699, 700, 580, 579, 571, 878, 710, 711, 699, 692, 693, 572, 571, 569, 879, 711, 712, 692, 683, 684, 570, 569, 565, 881, 712, 713, 1052, 1328, 1327, 566, 565, 564, 883, 713, 714, 563, 564, 560, 884, 714, 715, 1103, 1378, 1377, 886, 715, 716, 888, 716, 717, 1322, 1323, 1552, 1071, 796, 797, 53, 54, 45, 44, 45, 29, 28, 29, 1, 896, 1008, 1007, 895, 1007, 1006, 894, 1006, 1005, 893, 1005, 1004, 892, 1004, 1003, 891, 1003, 1002, 1362, 1361, 1333, 889, 1002, 1001, 1334, 1333, 1273, 887, 1001, 1000, 1274, 1273, 1263, 1264, 1263, 1237, 1557, 1556, 1516, 682, 681, 428, 1517, 1516, 1514, 1327, 1328, 1336, 1515, 1514, 1506, 1335, 1336, 1356, 1507, 1506, 1490, 1598, 1433, 1434, 1491, 1490, 1482, 1599, 1434, 1435, 1471, 1483, 1482, 1600, 1435, 1436, 1471, 1470, 1421, 1601, 1436, 1437, 1422, 1421, 1379, 1602, 1437, 1438, 1380, 1379, 1367, 1603, 1438, 1439, 1368, 1367, 1339, 1604, 1439, 1440, 1340, 1339, 1288, 961, 706, 708, 1605, 1440, 1441, 707, 709, 731, 1432, 1475, 1474, 1606, 1441, 1442, 730, 731, 751, 1475, 1479, 1478, 1607, 1442, 1443, 750, 751, 767, 1341, 1343, 1561, 1608, 1443, 1444, 766, 767, 771, 1343, 1344, 1562, 1609, 1444, 1445, 770, 771, 788, 1344, 1345, 1563, 1610, 1445, 1446, 787, 788, 805, 1345, 1346, 1564, 1020, 1026, 1028, 804, 805, 828, 1346, 1347, 1565, 1020, 1019, 1009, 838, 827, 828, 1347, 1348, 1566, 1010, 1009, 993, 862, 838, 839, 1348, 1349, 1567, 994, 993, 983, 862, 863, 875, 1349, 1350, 1568, 984, 983, 977, 874, 875, 908, 1350, 1351, 1569, 978, 977, 967, 907, 908, 920, 1351, 1352, 1570, 968, 967, 959, 1155, 1156, 1170, 1352, 1353, 1571, 466, 1487, 1486, 1169, 1170, 1178, 1353, 1354, 1572, 1179, 1178, 1195, 1354, 1355, 1573, 1194, 1195, 1212, 759, 754, 755, 1211, 1212, 1225, 754, 746, 747, 1226, 1225, 1244, 746, 736, 737, 1243, 1244, 1270, 737, 736, 722, 1269, 1270, 1329, 722, 697, 698, 1330, 1329, 1358, 697, 690, 691, 1357, 1358, 1372, 690, 681, 682, 1371, 1372, 1390, 471, 689, 688, 1389, 1390, 1426, 1425, 1426, 1466, 1511, 1510, 1508, 1509, 1508, 1494, 1495, 1494, 1484, 1485, 1484, 1476, 1552, 1323, 1324, 1477, 1476, 1429, 1553, 1324, 1325, 1430, 1429, 1419, 1554, 1325, 1326, 1420, 1419, 1375, 1588, 1408, 1409, 1376, 1375, 1361, 1589, 1409, 1410, 1590, 1410, 1411, 1591, 1411, 1412, 1451, 1452, 1618, 810, 812, 954, 1592, 1412, 1413, 1452, 1453, 1612, 1593, 1413, 1415, 1453, 1454, 1613, 1594, 1415, 1416, 1454, 1455, 1614, 1595, 1416, 1417, 1455, 1456, 1615, 1456, 1457, 1616, 1457, 1458, 1619, 1458, 1459, 1620, 1459, 1460, 1621, 1460, 1461, 1622, 1461, 1462, 1623, 1462, 1463, 1624, 1417, 1418, 1597, 1624, 1463, 1464, 1464, 1465, 1626, 1157, 1148, 1149, 683, 477, 478, 1148, 1143, 1144, 1377, 1378, 1384, 1143, 1137, 1138, 1383, 1384, 1414, 1137, 1128, 1129, 1581, 1393, 1394, 1060, 1061, 1216]
            uniform token subdivisionScheme = "none"
        }
    }
}

