#usda 1.0
(
    customLayerData = {
        dictionary renderSettings = {
            bool "rtx:raytracing:fractionalCutoutOpacity" = 1
        }
    }
    defaultPrim = "World"
    metersPerUnit = 0.01
    upAxis = "Y"
)

def Xform "World" (
    kind = "component"
)
{
    float3 xformOp:rotateXYZ = (0, 0, 0)
    float3 xformOp:scale = (1, 1, 1)
    double3 xformOp:translate = (0, 0, 0)
    uniform token[] xformOpOrder = ["xformOp:translate", "xformOp:rotateXYZ", "xformOp:scale"]

    def Scope "Looks"
    {
        def Material "Mat"
        {
            token outputs:mdl:displacement.connect = </World/Looks/Mat/Mat.outputs:out>
            token outputs:mdl:surface.connect = </World/Looks/Mat/Mat.outputs:out>
            token outputs:mdl:volume.connect = </World/Looks/Mat/Mat.outputs:out>

            def Shader "Mat"
            {
                uniform token info:implementationSource = "sourceAsset"
                uniform asset info:mdl:sourceAsset = @OmniPBR.mdl@
                uniform token info:mdl:sourceAsset:subIdentifier = "OmniPBR"
                color3f inputs:diffuse_color_constant = (0.8, 0.8, 0.8) (
                    customData = {
                        float3 default = (1, 1, 1)
                        dictionary range = {
                            float3 max = (1, 1, 1)
                            float3 min = (0, 0, 0)
                        }
                    }
                    displayGroup = "Albedo"
                    displayName = "Base Color"
                )
                asset inputs:diffuse_texture = @./textures/1398 Tram.png@ (
                    displayGroup = "Albedo"
                    displayName = "Albedo Map"
                )
                color3f inputs:emissive_color = (1, 1, 1) (
                    customData = {
                        float3 default = (1, 1, 1)
                        dictionary range = {
                            float3 max = (1, 1, 1)
                            float3 min = (0, 0, 0)
                        }
                    }
                    displayGroup = "Emissive"
                    displayName = "Emissive Color"
                )
                float inputs:emissive_intensity = 10000 (
                    customData = {
                        float default = 10000
                        dictionary range = {
                            float max = 100000
                            float min = 0
                        }
                    }
                    displayGroup = "Emissive"
                    displayName = "Emissive Intensity"
                )
                bool inputs:enable_emission = 0 (
                    customData = {
                        bool default = 0
                    }
                    displayGroup = "Emissive"
                    displayName = "Enable Emission"
                )
                bool inputs:enable_opacity = 1 (
                    customData = {
                        bool default = 0
                    }
                    displayGroup = "Opacity"
                    displayName = "Enable Opacity"
                )
                bool inputs:enable_opacity_texture = 0 (
                    customData = {
                        bool default = 0
                    }
                    displayGroup = "Opacity"
                    displayName = "Enable Opacity Texture"
                )
                float inputs:opacity_constant = 1 (
                    customData = {
                        float default = 1
                        dictionary range = {
                            float max = 1
                            float min = 0
                        }
                    }
                    displayGroup = "Opacity"
                    displayName = "Opacity Amount"
                )
                int inputs:opacity_mode = 1 (
                    customData = {
                        int default = 1
                        dictionary range = {
                            int max = 3
                            int min = 0
                        }
                    }
                    displayGroup = "Opacity"
                    displayName = "Opacity Mono Source"
                    renderType = "::base::mono_mode"
                    sdrMetadata = {
                        string __SDR__enum_value = "mono_average"
                        string options = "mono_alpha:0|mono_average:1|mono_luminance:2|mono_maximum:3"
                    }
                )
                float inputs:opacity_threshold = 0 (
                    customData = {
                        float default = 0
                        dictionary range = {
                            float max = 1
                            float min = 0
                        }
                    }
                    displayGroup = "Opacity"
                    displayName = "Opacity Threshold"
                )
                float inputs:texture_rotate = 0 (
                    customData = {
                        float default = 0
                        dictionary range = {
                            float max = 360
                            float min = 0
                        }
                    }
                    displayGroup = "UV"
                    displayName = "Texture Rotate"
                )
                float2 inputs:texture_scale = (1, 1) (
                    customData = {
                        float2 default = (1, 1)
                    }
                    displayGroup = "UV"
                    displayName = "Texture Scale"
                )
                float2 inputs:texture_translate = (0, 0) (
                    customData = {
                        float2 default = (0, 0)
                    }
                    displayGroup = "UV"
                    displayName = "Texture Translate"
                )
                token outputs:out
            }
        }
    }

    def Xform "node_398_Tram" (
        displayName = "1398 Tram"
    )
    {
        float3 xformOp:rotateXYZ = (-0.0000045177453, -0, 0)
        float3 xformOp:scale = (100, 100, 100)
        double3 xformOp:translate = (0, 0, 0)
        uniform token[] xformOpOrder = ["xformOp:translate", "xformOp:rotateXYZ", "xformOp:scale"]

        def Mesh "mesh_398_Tram" (
            prepend apiSchemas = ["MaterialBindingAPI"]
            displayName = "1398 Tram"
        )
        {
            float3[] extent = [(-18.645725, 1.551105, -110.06791), (18.645725, 38.842556, 110.06791)]
            int[] faceVertexCounts = [3, 4, 4, 4, 4, 4, 4, 4, 4, 4, 4, 4, 4, 4, 4, 4, 4, 3, 3, 4, 4, 4, 4, 4, 4, 4, 4, 4, 4, 4, 4, 4, 4, 4, 4, 4, 4, 4, 3, 4, 4, 4, 4, 4, 3, 4, 4, 4, 4, 4, 4, 4, 4, 3, 4, 4, 4, 4, 3, 4, 3, 4, 4, 4, 4, 4, 4, 4, 4, 4, 4, 4, 4, 4, 4, 4, 4, 4, 4, 4, 4, 4, 4, 4, 4, 4, 4, 4, 4, 4, 4, 4, 4, 4, 4, 4, 4, 4, 4, 4, 4, 4, 4, 4, 4, 4, 4, 4, 4, 4, 4, 4, 4, 4, 4, 4, 4, 4, 4, 4, 4, 3, 4, 4, 4, 4, 4, 4, 4, 4, 4, 4, 4, 4, 4, 4, 4, 4, 3, 3, 4, 4, 4, 4, 4, 4, 4, 4, 4, 4, 4, 4, 4, 4, 4, 4, 4, 4, 4, 4, 4, 4, 4, 4, 3, 4, 4, 4, 4, 4, 4, 4, 4, 3, 4, 4, 4, 4, 3, 4, 3, 4, 4, 4, 4, 4, 4, 4, 4, 4, 4, 4, 4, 4, 4, 4, 4, 4, 4, 4, 4, 4, 4, 4, 4, 4, 4, 4, 4, 4, 4, 4, 4, 4, 4, 4, 4, 4, 4, 4, 4, 4, 4, 4, 4, 4, 4, 4, 4, 4, 4, 4, 4, 4, 4, 4, 4, 4, 4, 4, 4, 4, 4, 3, 4, 4, 4, 4, 4, 4, 4, 4, 4, 4, 4, 4, 4, 4, 4, 4, 3, 3, 4, 4, 4, 4, 4, 4, 4, 4, 4, 4, 4, 4, 4, 4, 4, 4, 4, 4, 4, 4, 4, 4, 4, 3, 4, 4, 4, 4, 4, 4, 4, 4, 3, 4, 4, 4, 4, 3, 4, 3, 4, 4, 4, 4, 4, 4, 4, 4, 4, 4, 4, 4, 4, 4, 4, 4, 4, 4, 4, 4, 4, 4, 4, 4, 4, 4, 4, 4, 4, 4, 4, 4, 4, 4, 4, 4, 4, 4, 4, 4, 4, 4, 4, 4, 4, 4, 4, 4, 4, 4, 4, 4, 4, 4, 4, 4, 4, 4, 4, 4, 3, 4, 4, 4, 4, 4, 4, 4, 4, 4, 4, 4, 4, 4, 4, 4, 4, 3, 3, 4, 4, 4, 4, 4, 4, 4, 4, 4, 4, 4, 4, 4, 4, 4, 4, 4, 4, 4, 4, 4, 4, 4, 4, 3, 4, 4, 4, 4, 4, 4, 4, 4, 3, 4, 4, 4, 4, 3, 4, 3, 4, 4, 4, 4, 4, 4, 4, 4, 4, 4, 4, 4, 4, 4, 4, 4, 4, 4, 4, 4, 4, 4, 4, 4, 4, 4, 4, 4, 4, 4, 4, 4, 4, 4, 4, 4, 4, 4, 4, 4, 4, 4, 4, 4, 4, 4, 4, 4, 4, 4, 4, 4, 4, 4, 4, 4, 4, 4, 4, 4, 4]
            int[] faceVertexIndices = [92, 91, 15, 22, 85, 86, 69, 22, 62, 61, 85, 141, 69, 59, 142, 67, 80, 81, 20, 147, 9, 140, 160, 146, 139, 1, 120, 7, 73, 71, 34, 145, 106, 1, 139, 149, 150, 4, 3, 151, 10, 24, 153, 94, 109, 110, 96, 109, 114, 30, 8, 5, 89, 90, 6, 25, 84, 87, 11, 75, 77, 33, 19, 76, 23, 39, 78, 99, 27, 100, 97, 98, 22, 11, 87, 88, 36, 20, 81, 82, 35, 122, 16, 28, 125, 125, 129, 39, 23, 124, 128, 32, 18, 12, 70, 68, 27, 151, 155, 37, 10, 95, 12, 27, 99, 100, 27, 68, 105, 8, 30, 29, 21, 153, 24, 40, 156, 152, 20, 35, 154, 122, 126, 26, 16, 34, 71, 70, 12, 114, 101, 95, 111, 36, 88, 89, 5, 155, 149, 3, 37, 30, 16, 26, 29, 29, 47, 43, 21, 131, 48, 130, 26, 50, 52, 29, 157, 152, 17, 64, 8, 55, 53, 14, 104, 97, 22, 69, 72, 57, 102, 93, 107, 108, 2, 57, 72, 15, 58, 73, 7, 13, 74, 84, 25, 41, 83, 103, 98, 38, 63, 143, 80, 67, 140, 134, 17, 31, 136, 78, 137, 135, 76, 59, 69, 86, 60, 158, 106, 91, 144, 141, 15, 91, 96, 13, 7, 94, 94, 7, 34, 101, 44, 116, 113, 99, 100, 44, 99, 112, 115, 38, 97, 97, 38, 98, 99, 113, 111, 95, 105, 66, 44, 100, 101, 34, 12, 95, 118, 65, 18, 112, 102, 117, 108, 93, 92, 15, 72, 93, 103, 62, 22, 98, 145, 118, 104, 144, 109, 8, 14, 110, 109, 94, 101, 114, 111, 16, 30, 114, 107, 92, 93, 108, 158, 148, 1, 106, 116, 45, 28, 113, 112, 18, 32, 115, 113, 28, 16, 111, 112, 97, 104, 118, 117, 56, 2, 108, 125, 28, 45, 129, 124, 19, 33, 128, 119, 8, 21, 123, 123, 21, 43, 42, 47, 29, 127, 46, 127, 29, 52, 51, 50, 26, 126, 49, 54, 55, 8, 119, 136, 77, 75, 134, 137, 40, 24, 135, 142, 58, 15, 141, 160, 157, 64, 138, 139, 65, 118, 145, 140, 9, 79, 143, 144, 104, 69, 141, 144, 91, 106, 145, 91, 92, 107, 158, 148, 2, 121, 159, 160, 138, 0, 147, 149, 5, 6, 150, 153, 25, 11, 151, 151, 11, 36, 155, 156, 41, 25, 153, 154, 31, 17, 152, 155, 36, 5, 149, 157, 67, 20, 152, 158, 107, 2, 148, 160, 140, 67, 157, 148, 163, 161, 1, 159, 164, 163, 148, 120, 162, 164, 159, 1, 161, 162, 120, 121, 167, 168, 132, 2, 165, 167, 121, 56, 166, 165, 2, 132, 168, 166, 56, 146, 172, 171, 139, 65, 169, 170, 133, 139, 171, 169, 65, 18, 173, 175, 124, 65, 174, 173, 18, 133, 176, 174, 65, 244, 245, 193, 243, 242, 200, 236, 61, 62, 200, 242, 59, 236, 288, 142, 81, 80, 235, 198, 287, 187, 292, 305, 178, 285, 291, 269, 71, 73, 185, 212, 178, 256, 290, 285, 181, 295, 294, 180, 202, 188, 296, 298, 260, 259, 247, 249, 208, 264, 259, 186, 90, 89, 182, 184, 87, 84, 203, 189, 211, 240, 238, 197, 217, 201, 239, 241, 205, 252, 253, 251, 250, 200, 88, 87, 189, 214, 82, 81, 198, 213, 206, 194, 271, 274, 217, 278, 274, 201, 210, 277, 273, 196, 68, 70, 190, 205, 215, 300, 296, 188, 205, 190, 248, 252, 68, 205, 253, 105, 207, 208, 186, 199, 218, 202, 298, 301, 213, 198, 297, 299, 204, 275, 271, 194, 70, 71, 212, 190, 248, 254, 264, 261, 89, 88, 214, 182, 180, 294, 300, 215, 204, 194, 208, 207, 221, 225, 207, 199, 229, 227, 204, 207, 195, 297, 302, 233, 230, 232, 186, 192, 200, 250, 255, 236, 102, 57, 237, 246, 258, 257, 179, 193, 237, 57, 58, 191, 185, 73, 74, 219, 203, 84, 83, 216, 251, 103, 63, 235, 80, 143, 287, 209, 195, 280, 282, 281, 283, 241, 239, 243, 236, 59, 60, 256, 303, 244, 193, 288, 289, 244, 185, 191, 249, 247, 212, 185, 247, 254, 263, 266, 222, 252, 222, 253, 252, 216, 265, 262, 250, 216, 250, 251, 261, 263, 252, 248, 222, 66, 105, 253, 190, 212, 254, 248, 196, 234, 267, 262, 258, 117, 102, 246, 237, 193, 245, 246, 200, 62, 103, 251, 255, 267, 290, 289, 192, 186, 259, 260, 254, 247, 259, 264, 208, 194, 261, 264, 246, 245, 257, 258, 178, 293, 303, 256, 206, 223, 266, 263, 210, 196, 262, 265, 194, 206, 263, 261, 255, 250, 262, 267, 179, 56, 117, 258, 183, 269, 291, 286, 223, 206, 274, 278, 211, 197, 273, 277, 199, 186, 268, 272, 221, 199, 272, 220, 276, 207, 225, 224, 229, 207, 276, 228, 275, 204, 227, 226, 186, 232, 231, 268, 238, 240, 282, 280, 202, 218, 283, 281, 193, 58, 142, 288, 233, 302, 305, 284, 267, 234, 285, 290, 79, 187, 287, 143, 236, 255, 289, 288, 256, 244, 289, 290, 257, 245, 244, 303, 270, 179, 293, 304, 177, 284, 305, 292, 184, 182, 294, 295, 189, 203, 298, 296, 214, 189, 296, 300, 203, 219, 301, 298, 195, 209, 299, 297, 182, 214, 300, 294, 198, 235, 302, 297, 179, 257, 303, 293, 235, 287, 305, 302, 306, 308, 293, 178, 308, 309, 304, 293, 309, 307, 269, 304, 307, 306, 178, 269, 313, 312, 270, 132, 312, 310, 179, 270, 310, 311, 56, 179, 311, 313, 132, 56, 316, 318, 291, 285, 315, 314, 234, 279, 314, 316, 285, 234, 318, 317, 286, 291, 321, 319, 196, 273, 319, 320, 234, 196, 320, 322, 279, 234, 406, 407, 334, 402, 401, 341, 386, 378, 379, 341, 401, 376, 386, 452, 453, 397, 396, 384, 339, 451, 330, 458, 470, 324, 450, 457, 433, 388, 390, 328, 353, 324, 420, 456, 450, 4, 150, 460, 326, 343, 331, 461, 463, 110, 423, 409, 96, 349, 427, 423, 329, 90, 405, 327, 6, 403, 400, 344, 332, 352, 393, 391, 338, 358, 342, 392, 394, 346, 413, 414, 412, 411, 341, 404, 403, 332, 355, 398, 397, 339, 354, 347, 335, 435, 438, 358, 442, 438, 342, 351, 441, 437, 337, 385, 387, 333, 346, 356, 465, 461, 331, 346, 333, 410, 413, 385, 346, 414, 419, 348, 349, 329, 340, 359, 343, 463, 466, 354, 339, 462, 464, 345, 439, 435, 335, 387, 388, 353, 333, 410, 415, 427, 424, 405, 404, 355, 327, 326, 460, 465, 356, 345, 335, 349, 348, 362, 366, 348, 340, 370, 368, 345, 348, 53, 372, 329, 14, 341, 411, 418, 386, 416, 374, 389, 408, 422, 421, 325, 334, 389, 374, 375, 13, 328, 390, 74, 360, 344, 400, 399, 357, 412, 417, 380, 384, 396, 454, 451, 350, 336, 445, 447, 446, 448, 394, 392, 402, 386, 376, 377, 420, 468, 406, 334, 452, 455, 406, 328, 13, 96, 409, 353, 328, 409, 415, 426, 429, 363, 413, 363, 414, 413, 357, 428, 425, 411, 357, 411, 412, 424, 426, 413, 410, 363, 383, 419, 414, 333, 353, 415, 410, 337, 382, 431, 425, 422, 430, 416, 408, 389, 334, 407, 408, 341, 379, 417, 412, 418, 431, 456, 455, 14, 329, 423, 110, 415, 409, 423, 427, 349, 335, 424, 427, 408, 407, 421, 422, 324, 459, 468, 420, 347, 364, 429, 426, 351, 337, 425, 428, 335, 347, 426, 424, 418, 411, 425, 431, 325, 373, 430, 422, 364, 347, 438, 442, 352, 338, 437, 441, 340, 329, 432, 436, 362, 340, 436, 361, 440, 348, 366, 365, 370, 348, 440, 369, 439, 345, 368, 367, 329, 372, 371, 432, 391, 393, 447, 445, 343, 359, 448, 446, 334, 375, 453, 452, 381, 467, 470, 449, 431, 382, 450, 456, 395, 330, 451, 454, 386, 418, 455, 452, 420, 406, 455, 456, 421, 407, 406, 468, 434, 325, 459, 469, 323, 449, 470, 458, 6, 327, 460, 150, 332, 344, 463, 461, 355, 332, 461, 465, 344, 360, 466, 463, 336, 350, 464, 462, 327, 355, 465, 460, 339, 384, 467, 462, 325, 421, 468, 459, 384, 451, 470, 467, 471, 473, 459, 324, 473, 474, 469, 459, 474, 472, 433, 469, 472, 471, 324, 433, 478, 477, 434, 443, 477, 475, 325, 434, 475, 476, 373, 325, 476, 478, 443, 373, 481, 482, 457, 450, 480, 479, 382, 444, 479, 481, 450, 382, 485, 483, 337, 437, 483, 484, 382, 337, 484, 486, 444, 382, 548, 547, 498, 505, 545, 546, 539, 505, 379, 378, 545, 588, 539, 376, 453, 538, 396, 397, 503, 592, 494, 587, 604, 591, 586, 488, 570, 492, 390, 388, 517, 590, 558, 488, 586, 594, 295, 181, 490, 595, 495, 507, 597, 550, 561, 260, 249, 561, 565, 513, 493, 491, 405, 90, 184, 508, 400, 403, 496, 541, 543, 516, 502, 542, 506, 522, 544, 554, 510, 555, 552, 553, 505, 496, 403, 404, 519, 503, 397, 398, 518, 572, 499, 511, 575, 575, 579, 522, 506, 574, 578, 515, 501, 497, 387, 385, 510, 595, 599, 520, 495, 551, 497, 510, 554, 555, 510, 385, 419, 493, 513, 512, 504, 597, 507, 523, 600, 596, 503, 518, 598, 572, 576, 509, 499, 517, 388, 387, 497, 565, 556, 551, 562, 519, 404, 405, 491, 599, 594, 490, 520, 513, 499, 509, 512, 512, 529, 526, 504, 509, 531, 533, 512, 601, 596, 500, 536, 493, 535, 230, 192, 557, 552, 505, 539, 540, 374, 416, 549, 559, 560, 489, 374, 540, 498, 375, 390, 492, 191, 74, 400, 508, 524, 399, 417, 553, 521, 380, 454, 396, 538, 587, 581, 500, 514, 583, 544, 584, 582, 542, 376, 539, 546, 377, 602, 558, 547, 589, 588, 498, 547, 249, 191, 492, 550, 550, 492, 517, 556, 527, 567, 564, 554, 555, 527, 554, 563, 566, 521, 552, 552, 521, 553, 554, 564, 562, 551, 419, 383, 527, 555, 556, 517, 497, 551, 568, 537, 501, 563, 416, 430, 560, 549, 548, 498, 540, 549, 417, 379, 505, 553, 590, 568, 557, 589, 561, 493, 192, 260, 561, 550, 556, 565, 562, 499, 513, 565, 559, 548, 549, 560, 602, 593, 488, 558, 567, 528, 511, 564, 563, 501, 515, 566, 564, 511, 499, 562, 563, 552, 557, 568, 430, 373, 489, 560, 575, 511, 528, 579, 574, 502, 516, 578, 569, 493, 504, 573, 573, 504, 526, 525, 577, 512, 533, 532, 531, 509, 576, 530, 534, 535, 493, 569, 583, 543, 541, 581, 584, 523, 507, 582, 453, 375, 498, 588, 604, 601, 536, 585, 586, 537, 568, 590, 587, 494, 395, 454, 589, 557, 539, 588, 589, 547, 558, 590, 547, 548, 559, 602, 593, 489, 571, 603, 604, 585, 487, 592, 594, 491, 184, 295, 597, 508, 496, 595, 595, 496, 519, 599, 600, 524, 508, 597, 598, 514, 500, 596, 599, 519, 491, 594, 601, 538, 503, 596, 602, 559, 489, 593, 604, 587, 538, 601, 593, 607, 605, 488, 603, 608, 607, 593, 570, 606, 608, 603, 488, 605, 606, 570, 571, 611, 612, 443, 489, 609, 611, 571, 373, 610, 609, 489, 443, 612, 610, 373, 591, 616, 615, 586, 537, 613, 614, 580, 586, 615, 613, 537, 501, 617, 619, 574, 537, 618, 617, 501, 580, 620, 618, 537, 623, 621, 624, 622, 625, 627, 628, 626]
            rel material:binding = </World/Looks/Mat>
            normal3f[] normals = [(0.46913052, 0.52469575, 0.7103598), (0.46913052, 0.52469575, 0.7103598), (0.46913052, 0.52469575, 0.7103598), (0, 0.99999994, 0), (0, 0.99999994, 0), (0, 0.99999994, 0), (0, 0.99999994, 0), (0, 1, 3.050445e-7), (0, 1, 3.050445e-7), (0, 1, 3.050445e-7), (0, 1, 3.050445e-7), (0, 1, 0), (0, 1, 0), (0, 1, 0), (0, 1, 0), (0, -1, 0), (0, -1, 0), (0, -1, 0), (0, -1, 0), (0, -1, 0), (0, -1, 0), (0, -1, 0), (0, -1, 0), (1, 0, 0), (1, 0, 0), (1, 0, 0), (1, 0, 0), (0, 1, 0), (0, 1, 0), (0, 1, 0), (0, 1, 0), (0.6665273, 0.7454807, 0), (0.6665273, 0.7454807, 0), (0.6665273, 0.7454807, 0), (0.6665273, 0.7454807, 0), (0, -0.99999994, 0), (0, -0.99999994, 0), (0, -0.99999994, 0), (0, -0.99999994, 0), (0, -1, 0), (0, -1, 0), (0, -1, 0), (0, -1, 0), (0.66653013, 0.745478, 0), (0.66653013, 0.745478, 0), (0.66653013, 0.745478, 0), (0.66653013, 0.745478, 0), (0.66652626, 0.7454816, 0), (0.66652626, 0.7454816, 0), (0.66652626, 0.7454816, 0), (0.66652626, 0.7454816, 0), (0, -1, 0), (0, -1, 0), (0, -1, 0), (0, -1, 0), (0, -1, 0), (0, -1, 0), (0, -1, 0), (0, -1, 0), (0, 0, -1), (0, 0, -1), (0, 0, -1), (0, 0, -1), (-0.0000011672347, 0, 1), (-0.0000011672347, 0, 1), (-0.0000011672347, 0, 1), (-0.0000011672347, 0, 1), (0, 0, 1), (0, 0, 1), (0, 0, 1), (0, 0, -1), (0, 0, -1), (0, 0, -1), (0, -1, 0), (0, -1, 0), (0, -1, 0), (0, -1, 0), (0, 0, -1), (0, 0, -1), (0, 0, -1), (0, 0, -1), (1, 0, 0), (1, 0, 0), (1, 0, 0), (1, 0, 0), (0, 0, 1), (0, 0, 1), (0, 0, 1), (0, 0, 1), (-1.8550253e-7, 0, -1), (-1.8550253e-7, 0, -1), (-1.8550253e-7, 0, -1), (-1.8550253e-7, 0, -1), (0, 1, 0), (0, 1, 0), (0, 1, 0), (0, 1, 0), (0, -1, 0), (0, -1, 0), (0, -1, 0), (0, -1, 0), (0.6665307, 0.7454775, 0), (0.6665307, 0.7454775, 0), (0.6665307, 0.7454775, 0), (0.6665307, 0.7454775, 0), (0, 0, 1), (0, 0, 1), (0, 0, 1), (0, 0, 1), (1, 0, 0), (1, 0, 0), (1, 0, 0), (1, 0, 0), (0, 0, 1), (0, 0, 1), (0, 0, 1), (0, 0, 1), (0, 0, -1), (0, 0, -1), (0, 0, -1), (0, 0, -1), (1, 0, 0), (1, 0, 0), (1, 0, 0), (1, 0, 0), (0, 1, 0), (0, 1, 0), (0, 1, 0), (0, 1, 0), (0.66653025, 0.745478, 0), (0.66653025, 0.745478, 0), (0.66653025, 0.745478, 0), (0.66653025, 0.745478, 0), (0, -1, 0), (0, -1, 0), (0, -1, 0), (0, -1, 0), (0, -1, 0), (0, -1, 0), (0, -1, 0), (0, -1, 0), (0.99999994, 0, 0), (0.99999994, 0, 0), (0.99999994, 0, 0), (0.99999994, 0, 0), (1, 0, 0), (1, 0, 0), (1, 0, 0), (1, 0, 0), (1, 0, 0), (1, 0, 0), (1, 0, 0), (1, -9.578133e-7, 0), (1, -9.578133e-7, 0), (1, -9.578133e-7, 0), (1, -9.578133e-7, 0), (0, -1, 0), (0, -1, 0), (0, -1, 0), (0, -1, 0), (1, 0, 0), (1, 0, 0), (1, 0, 0), (1, 0, 0), (0.66653115, 0.7454772, 0), (0.66653115, 0.7454772, 0), (0.66653115, 0.7454772, 0), (0.66653115, 0.7454772, 0), (0, 0.04292226, 0.99907845), (0, 0.04292226, 0.99907845), (0, 0.04292226, 0.99907845), (0, 0.04292226, 0.99907845), (1, 2.7196617e-7, 0), (1, 2.7196617e-7, 0), (1, 2.7196617e-7, 0), (0, 1, 0), (0, 1, 0), (0, 1, 0), (0, 1, 0), (0, 1, 0), (0, 1, 0), (0, 1, 0), (0, 1, 0), (0, 0, 1), (0, 0, 1), (0, 0, 1), (0, 0, 1), (0, 0, -1), (0, 0, -1), (0, 0, -1), (0, 0, -1), (0, -1, 0), (0, -1, 0), (0, -1, 0), (0, -1, 0), (0, 0, -0.99999994), (0, 0, -0.99999994), (0, 0, -0.99999994), (0, 0, -0.99999994), (0.0000013605238, 0, 0.99999994), (0.0000013605238, 0, 0.99999994), (0.0000013605238, 0, 0.99999994), (0.0000013605238, 0, 0.99999994), (0, 0.99999994, -3.050447e-7), (0, 0.99999994, -3.050447e-7), (0, 0.99999994, -3.050447e-7), (0, 0.99999994, -3.050447e-7), (0.46912903, 0.52469313, 0.7103626), (0.46912903, 0.52469313, 0.7103626), (0.46912903, 0.52469313, 0.7103626), (0.66653043, 0.7454779, 0), (0.66653043, 0.7454779, 0), (0.66653043, 0.7454779, 0), (0.66653043, 0.7454779, 0), (0.66653067, 0.74547756, 0), (0.66653067, 0.74547756, 0), (0.66653067, 0.74547756, 0), (0.66653067, 0.74547756, 0), (0.6665305, 0.7454778, 0), (0.6665305, 0.7454778, 0), (0.6665305, 0.7454778, 0), (0.6665305, 0.7454778, 0), (0, 0, 1), (0, 0, 1), (0, 0, 1), (0, 0, 1), (0, 0, 0.99999994), (0, 0, 0.99999994), (0, 0, 0.99999994), (-5.432735e-7, 0, -0.99999994), (-5.432735e-7, 0, -0.99999994), (-5.432735e-7, 0, -0.99999994), (-5.432735e-7, 0, -0.99999994), (0, 0, -1), (0, 0, -1), (0, 0, -1), (0.66653025, 0.74547803, 0), (0.66653025, 0.74547803, 0), (0.66653025, 0.74547803, 0), (0.66653025, 0.74547803, 0), (0, 0, 1), (0, 0, 1), (0, 0, 1), (0, 0, 1), (0.6665305, 0.74547774, 0), (0.6665305, 0.74547774, 0), (0.6665305, 0.74547774, 0), (0.6665305, 0.74547774, 0), (0.6665262, 0.74548155, 0), (0.6665262, 0.74548155, 0), (0.6665262, 0.74548155, 0), (0.6665262, 0.74548155, 0), (0, 0.04292401, 0.9990783), (0, 0.04292401, 0.9990783), (0, 0.04292401, 0.9990783), (0, 0.04292401, 0.9990783), (1, 8.069232e-7, 0), (1, 8.069232e-7, 0), (1, 8.069232e-7, 0), (1, 8.069232e-7, 0), (0, 0, -0.99999994), (0, 0, -0.99999994), (0, 0, -0.99999994), (0, 0, -0.99999994), (0.6665303, 0.7454779, 0), (0.6665303, 0.7454779, 0), (0.6665303, 0.7454779, 0), (0.6665303, 0.7454779, 0), (0.66652626, 0.7454815, 0), (0.66652626, 0.7454815, 0), (0.66652626, 0.7454815, 0), (0.66652626, 0.7454815, 0), (0.6665302, 0.745478, 0), (0.6665302, 0.745478, 0), (0.6665302, 0.745478, 0), (0.6665302, 0.745478, 0), (0.6665262, 0.7454816, 0), (0.6665262, 0.7454816, 0), (0.6665262, 0.7454816, 0), (0.6665262, 0.7454816, 0), (1, -7.0157455e-8, 0), (1, -7.0157455e-8, 0), (1, -7.0157455e-8, 0), (1, -7.0157455e-8, 0), (0.46912837, 0.52470183, 0.71035665), (0.46912837, 0.52470183, 0.71035665), (0.46912837, 0.52470183, 0.71035665), (0.46912837, 0.52470183, 0.71035665), (-6.4712543e-7, 0, 1), (-6.4712543e-7, 0, 1), (-6.4712543e-7, 0, 1), (-6.4712543e-7, 0, 1), (0, 0, -1), (0, 0, -1), (0, 0, -1), (0, 0, -1), (0.66652626, 0.7454815, 0), (0.66652626, 0.7454815, 0), (0.66652626, 0.7454815, 0), (0.66652626, 0.7454815, 0), (0.66653013, 0.7454781, 0), (0.66653013, 0.7454781, 0), (0.66653013, 0.7454781, 0), (0.66653013, 0.7454781, 0), (0, 0.042916268, 0.99907863), (0, 0.042916268, 0.99907863), (0, 0.042916268, 0.99907863), (0, 0.042916268, 0.99907863), (0, 0, 1), (0, 0, 1), (0, 0, 1), (0, 0, 1), (0, 0, -1), (0, 0, -1), (0, 0, -1), (0, 0, -1), (1, 0, 0), (1, 0, 0), (1, 0, 0), (1, 0, 0), (1, 0, 0), (1, 0, 0), (1, 0, 0), (1, 0, 0), (1, 0, 0), (1, 0, 0), (1, 0, 0), (1, 0, 0), (1, 0, 0), (1, 0, 0), (1, 0, 0), (1, 0, 0), (0.99999994, 0, 0), (0.99999994, 0, 0), (0.99999994, 0, 0), (0.99999994, 0, 0), (1, 0, 0), (1, 0, 0), (1, 0, 0), (1, 0, 0), (0, 0, -0.99999994), (0, 0, -0.99999994), (0, 0, -0.99999994), (0, 0, -0.99999994), (0, 0, 0.99999994), (0, 0, 0.99999994), (0, 0, 0.99999994), (0, 0, 0.99999994), (0, 1, 0), (0, 1, 0), (0, 1, 0), (0, 1, 0), (0, -1, 0), (0, -1, 0), (0, -1, 0), (0, -1, 0), (0.6665269, 0.7454811, 0), (0.6665269, 0.7454811, 0), (0.6665269, 0.7454811, 0), (0.6665269, 0.7454811, 0), (0, -1, 0), (0, -1, 0), (0, -1, 0), (0, -1, 0), (0.66653055, 0.74547774, 0), (0.66653055, 0.74547774, 0), (0.66653055, 0.74547774, 0), (0.66653055, 0.74547774, 0), (0.666528, 0.74548006, 0), (0.666528, 0.74548006, 0), (0.666528, 0.74548006, 0), (0.666528, 0.74548006, 0), (0.46911922, 0.5246966, 0.7103665), (0.46911922, 0.5246966, 0.7103665), (0.46911922, 0.5246966, 0.7103665), (0.46911922, 0.5246966, 0.7103665), (0.7186069, 0.18708159, 0.6697796), (0.7186069, 0.18708159, 0.6697796), (0.7186069, 0.18708159, 0.6697796), (0.7186069, 0.18708159, 0.6697796), (0, -0.99999994, 0), (0, -0.99999994, 0), (0, -0.99999994, 0), (0, -0.99999994, 0), (0, -1, 0), (0, -1, 0), (0, -1, 0), (0, -1, 0), (0, -1, 0), (0, -1, 0), (0, -1, 0), (0, -1, 0), (0, -0.99999994, 0), (0, -0.99999994, 0), (0, -0.99999994, 0), (0, -0.99999994, 0), (0, 0, 1), (0, 0, 1), (0, 0, 1), (0, 0, 1), (0, 0, -1), (0, 0, -1), (0, 0, -1), (0, 0, -1), (0, -0.99999994, 0), (0, -0.99999994, 0), (0, -0.99999994, 0), (0, -0.99999994, 0), (0, -1, 0), (0, -1, 0), (0, -1, 0), (0, -1, 0), (0.46913043, 0.52469236, 0.7103622), (0.46913043, 0.52469236, 0.7103622), (0.46913043, 0.52469236, 0.7103622), (0.46913043, 0.52469236, 0.7103622), (0, -1, 0), (0, -1, 0), (0, -1, 0), (0, -1, 0), (0.5502905, 0.1080412, 0.8279538), (0.5502905, 0.1080412, 0.8279538), (0.5502905, 0.1080412, 0.8279538), (0.5502905, 0.1080412, 0.8279538), (0.7121607, 0.18773161, 0.6764494), (0.7121607, 0.18773161, 0.6764494), (0.7121607, 0.18773161, 0.6764494), (0.7121607, 0.18773161, 0.6764494), (0.842829, 0.06906588, 0.53373134), (0.842829, 0.06906588, 0.53373134), (0.842829, 0.06906588, 0.53373134), (0.842829, 0.06906588, 0.53373134), (0.7225584, -0.0074089933, 0.6912702), (0.7225584, -0.0074089933, 0.6912702), (0.7225584, -0.0074089933, 0.6912702), (0.7225584, -0.0074089933, 0.6912702), (0, 0.28059214, 0.9598271), (0, 0.28059214, 0.9598271), (0, 0.28059214, 0.9598271), (0, 0.28059214, 0.9598271), (0.0000031344052, 0.28059143, 0.95982724), (0.0000031344052, 0.28059143, 0.95982724), (0.0000031344052, 0.28059143, 0.95982724), (0.0000031344052, 0.28059143, 0.95982724), (-0.0000027505139, 0.28059378, 0.95982665), (-0.0000027505139, 0.28059378, 0.95982665), (-0.0000027505139, 0.28059378, 0.95982665), (-0.0000027505139, 0.28059378, 0.95982665), (-0.000003082312, 0.2805925, 0.95982695), (-0.000003082312, 0.2805925, 0.95982695), (-0.000003082312, 0.2805925, 0.95982695), (-0.000003082312, 0.2805925, 0.95982695), (1, 0, 0), (1, 0, 0), (1, 0, 0), (1, 0, 0), (1, 0, 0), (1, 0, 0), (1, 0, 0), (1, 0, 0), (0.99999994, 3.1784697e-7, 0), (0.99999994, 3.1784697e-7, 0), (0.99999994, 3.1784697e-7, 0), (0.99999994, 3.1784697e-7, 0), (1, 0, 0), (1, 0, 0), (1, 0, 0), (1, 0, 0), (1, -7.771549e-7, 0), (1, -7.771549e-7, 0), (1, -7.771549e-7, 0), (1, -7.771549e-7, 0), (0.99999994, 0, 0), (0.99999994, 0, 0), (0.99999994, 0, 0), (0.99999994, 0, 0), (-0.46913052, 0.52469575, 0.7103598), (-0.46913052, 0.52469575, 0.7103598), (-0.46913052, 0.52469575, 0.7103598), (0, 0.99999994, 0), (0, 0.99999994, 0), (0, 0.99999994, 0), (0, 0.99999994, 0), (0, 1, 3.050445e-7), (0, 1, 3.050445e-7), (0, 1, 3.050445e-7), (0, 1, 3.050445e-7), (0, 1, 0), (0, 1, 0), (0, 1, 0), (0, 1, 0), (0, -1, 0), (0, -1, 0), (0, -1, 0), (0, -1, 0), (0, -0.99999994, 0), (0, -0.99999994, 0), (0, -0.99999994, 0), (0, -0.99999994, 0), (-1, 0, 0), (-1, 0, 0), (-1, 0, 0), (-1, 0, 0), (0, 1, 0), (0, 1, 0), (0, 1, 0), (0, 1, 0), (-0.6665273, 0.7454807, 0), (-0.6665273, 0.7454807, 0), (-0.6665273, 0.7454807, 0), (-0.6665273, 0.7454807, 0), (0, -0.99999994, 0), (0, -0.99999994, 0), (0, -0.99999994, 0), (0, -0.99999994, 0), (0, -1, 0), (0, -1, 0), (0, -1, 0), (0, -1, 0), (-0.66653013, 0.745478, 0), (-0.66653013, 0.745478, 0), (-0.66653013, 0.745478, 0), (-0.66653013, 0.745478, 0), (-0.66652626, 0.7454816, 0), (-0.66652626, 0.7454816, 0), (-0.66652626, 0.7454816, 0), (-0.66652626, 0.7454816, 0), (0, -1, 0), (0, -1, 0), (0, -1, 0), (0, -1, 0), (0, -1, 0), (0, -1, 0), (0, -1, 0), (0, -1, 0), (0, 0, -1), (0, 0, -1), (0, 0, -1), (0, 0, -1), (8.7542605e-7, 0, 1), (8.7542605e-7, 0, 1), (8.7542605e-7, 0, 1), (8.7542605e-7, 0, 1), (0, 0, 1), (0, 0, 1), (0, 0, 1), (0, 0, -1), (0, 0, -1), (0, 0, -1), (0, -1, 0), (0, -1, 0), (0, -1, 0), (0, -1, 0), (0, 0, -1), (0, 0, -1), (0, 0, -1), (0, 0, -1), (-1, 0, 0), (-1, 0, 0), (-1, 0, 0), (-1, 0, 0), (0, 0, 1), (0, 0, 1), (0, 0, 1), (0, 0, 1), (0, 0, -1), (0, 0, -1), (0, 0, -1), (0, 0, -1), (0, 1, 0), (0, 1, 0), (0, 1, 0), (0, 1, 0), (0, -1, 0), (0, -1, 0), (0, -1, 0), (0, -1, 0), (-0.6665307, 0.7454775, 0), (-0.6665307, 0.7454775, 0), (-0.6665307, 0.7454775, 0), (-0.6665307, 0.7454775, 0), (0, 0, 1), (0, 0, 1), (0, 0, 1), (0, 0, 1), (-1, -1.4180189e-7, 0), (-1, -1.4180189e-7, 0), (-1, -1.4180189e-7, 0), (-1, -1.4180189e-7, 0), (0, 0, 1), (0, 0, 1), (0, 0, 1), (0, 0, 1), (0, 0, -1), (0, 0, -1), (0, 0, -1), (0, 0, -1), (-1, 0, 0), (-1, 0, 0), (-1, 0, 0), (-1, 0, 0), (0, 1, 0), (0, 1, 0), (0, 1, 0), (0, 1, 0), (-0.66653025, 0.745478, 0), (-0.66653025, 0.745478, 0), (-0.66653025, 0.745478, 0), (-0.66653025, 0.745478, 0), (0, -1, 0), (0, -1, 0), (0, -1, 0), (0, -1, 0), (0, -1, 0), (0, -1, 0), (0, -1, 0), (0, -1, 0), (-0.99999994, 0, 0), (-0.99999994, 0, 0), (-0.99999994, 0, 0), (-0.99999994, 0, 0), (-1, 0, 0), (-1, 0, 0), (-1, 0, 0), (-1, 0, 0), (-1, -0.0000015325013, 0), (-1, -0.0000015325013, 0), (-1, -0.0000015325013, 0), (-1, -0.0000015325013, 0), (0, -1, 0), (0, -1, 0), (0, -1, 0), (0, -1, 0), (-1, 0, 0), (-1, 0, 0), (-1, 0, 0), (-1, 0, 0), (-0.66653115, 0.7454772, 0), (-0.66653115, 0.7454772, 0), (-0.66653115, 0.7454772, 0), (-0.66653115, 0.7454772, 0), (0, 0.04292226, 0.99907845), (0, 0.04292226, 0.99907845), (0, 0.04292226, 0.99907845), (0, 0.04292226, 0.99907845), (-1, 0, 0), (-1, 0, 0), (-1, 0, 0), (0, 1, 0), (0, 1, 0), (0, 1, 0), (0, 1, 0), (0, 1, 0), (0, 1, 0), (0, 1, 0), (0, 1, 0), (0, 0, 1), (0, 0, 1), (0, 0, 1), (0, 0, 1), (0, 0, -1), (0, 0, -1), (0, 0, -1), (0, 0, -1), (0, -1, 0), (0, -1, 0), (0, -1, 0), (0, -1, 0), (0, 0, -0.99999994), (0, 0, -0.99999994), (0, 0, -0.99999994), (0, 0, -0.99999994), (-6.802619e-7, 0, 0.99999994), (-6.802619e-7, 0, 0.99999994), (-6.802619e-7, 0, 0.99999994), (-6.802619e-7, 0, 0.99999994), (0, 0.99999994, -6.100894e-7), (0, 0.99999994, -6.100894e-7), (0, 0.99999994, -6.100894e-7), (0, 0.99999994, -6.100894e-7), (-0.469129, 0.5246931, 0.7103627), (-0.469129, 0.5246931, 0.7103627), (-0.469129, 0.5246931, 0.7103627), (-0.66653043, 0.7454779, 0), (-0.66653043, 0.7454779, 0), (-0.66653043, 0.7454779, 0), (-0.66653043, 0.7454779, 0), (-0.66653067, 0.74547756, 0), (-0.66653067, 0.74547756, 0), (-0.66653067, 0.74547756, 0), (-0.66653067, 0.74547756, 0), (-0.6665305, 0.7454778, 0), (-0.6665305, 0.7454778, 0), (-0.6665305, 0.7454778, 0), (-0.6665305, 0.7454778, 0), (0, 0, 0.99999994), (0, 0, 0.99999994), (0, 0, 0.99999994), (0, 0, 0.99999994), (0, 0, 1), (0, 0, 1), (0, 0, 1), (0, 0, -1), (0, 0, -1), (0, 0, -1), (0, 0, -1), (0, 0, -1), (0, 0, -1), (0, 0, -1), (-0.66653025, 0.74547803, 0), (-0.66653025, 0.74547803, 0), (-0.66653025, 0.74547803, 0), (-0.66653025, 0.74547803, 0), (0, 0, 1), (0, 0, 1), (0, 0, 1), (0, 0, 1), (-0.6665305, 0.74547774, 0), (-0.6665305, 0.74547774, 0), (-0.6665305, 0.74547774, 0), (-0.6665305, 0.74547774, 0), (-0.6665262, 0.74548155, 0), (-0.6665262, 0.74548155, 0), (-0.6665262, 0.74548155, 0), (-0.6665262, 0.74548155, 0), (0, 0.04292401, 0.9990783), (0, 0.04292401, 0.9990783), (0, 0.04292401, 0.9990783), (0, 0.04292401, 0.9990783), (-1, 0.0000015189142, 0), (-1, 0.0000015189142, 0), (-1, 0.0000015189142, 0), (-1, 0.0000015189142, 0), (0, 0, -1), (0, 0, -1), (0, 0, -1), (0, 0, -1), (-0.6665303, 0.7454779, 0), (-0.6665303, 0.7454779, 0), (-0.6665303, 0.7454779, 0), (-0.6665303, 0.7454779, 0), (-0.66652626, 0.7454815, 0), (-0.66652626, 0.7454815, 0), (-0.66652626, 0.7454815, 0), (-0.66652626, 0.7454815, 0), (-0.6665302, 0.745478, 0), (-0.6665302, 0.745478, 0), (-0.6665302, 0.745478, 0), (-0.6665302, 0.745478, 0), (-0.6665262, 0.7454816, 0), (-0.6665262, 0.7454816, 0), (-0.6665262, 0.7454816, 0), (-0.6665262, 0.7454816, 0), (-1, 2.3385818e-8, 0), (-1, 2.3385818e-8, 0), (-1, 2.3385818e-8, 0), (-1, 2.3385818e-8, 0), (-0.46912903, 0.52470255, 0.71035564), (-0.46912903, 0.52470255, 0.71035564), (-0.46912903, 0.52470255, 0.71035564), (-0.46912903, 0.52470255, 0.71035564), (0.0000012942504, 0, 1), (0.0000012942504, 0, 1), (0.0000012942504, 0, 1), (0.0000012942504, 0, 1), (0, 0, -1), (0, 0, -1), (0, 0, -1), (0, 0, -1), (-0.66652626, 0.7454815, 0), (-0.66652626, 0.7454815, 0), (-0.66652626, 0.7454815, 0), (-0.66652626, 0.7454815, 0), (-0.66653013, 0.7454781, 0), (-0.66653013, 0.7454781, 0), (-0.66653013, 0.7454781, 0), (-0.66653013, 0.7454781, 0), (0, 0.042916268, 0.99907863), (0, 0.042916268, 0.99907863), (0, 0.042916268, 0.99907863), (0, 0.042916268, 0.99907863), (-1, 0, 0), (-1, 0, 0), (-1, 0, 0), (-1, 0, 0), (0, 0, 1), (0, 0, 1), (0, 0, 1), (0, 0, 1), (0, 0, -1), (0, 0, -1), (0, 0, -1), (0, 0, -1), (-1, 0, 0), (-1, 0, 0), (-1, 0, 0), (-1, 0, 0), (-1, 0, 0), (-1, 0, 0), (-1, 0, 0), (-1, 0, 0), (-1, 0, 0), (-1, 0, 0), (-1, 0, 0), (-1, 0, 0), (-1, 0, 0), (-1, 0, 0), (-1, 0, 0), (-1, 0, 0), (-1, 0, 0), (-1, 0, 0), (-1, 0, 0), (-1, 0, 0), (-1, 0, 0), (-1, 0, 0), (-1, 0, 0), (-1, 0, 0), (0, 0, -0.99999994), (0, 0, -0.99999994), (0, 0, -0.99999994), (0, 0, -0.99999994), (0, 0, 0.99999994), (0, 0, 0.99999994), (0, 0, 0.99999994), (0, 0, 0.99999994), (0, 1, 0), (0, 1, 0), (0, 1, 0), (0, 1, 0), (0, -1, 0), (0, -1, 0), (0, -1, 0), (0, -1, 0), (-0.6665269, 0.7454811, 0), (-0.6665269, 0.7454811, 0), (-0.6665269, 0.7454811, 0), (-0.6665269, 0.7454811, 0), (0, -1, 0), (0, -1, 0), (0, -1, 0), (0, -1, 0), (-0.66653055, 0.74547774, 0), (-0.66653055, 0.74547774, 0), (-0.66653055, 0.74547774, 0), (-0.66653055, 0.74547774, 0), (-0.666528, 0.74548006, 0), (-0.666528, 0.74548006, 0), (-0.666528, 0.74548006, 0), (-0.666528, 0.74548006, 0), (-0.46911922, 0.52469647, 0.7103666), (-0.46911922, 0.52469647, 0.7103666), (-0.46911922, 0.52469647, 0.7103666), (-0.46911922, 0.52469647, 0.7103666), (-0.71860844, 0.18708113, 0.669778), (-0.71860844, 0.18708113, 0.669778), (-0.71860844, 0.18708113, 0.669778), (-0.71860844, 0.18708113, 0.669778), (0, -1, 0), (0, -1, 0), (0, -1, 0), (0, -1, 0), (0, -1, 0), (0, -1, 0), (0, -1, 0), (0, -1, 0), (0, -1, 0), (0, -1, 0), (0, -1, 0), (0, -1, 0), (0, -0.99999994, 0), (0, -0.99999994, 0), (0, -0.99999994, 0), (0, -0.99999994, 0), (0, 0, 1), (0, 0, 1), (0, 0, 1), (0, 0, 1), (0, 0, -1), (0, 0, -1), (0, 0, -1), (0, 0, -1), (0, -0.99999994, 0), (0, -0.99999994, 0), (0, -0.99999994, 0), (0, -0.99999994, 0), (0, -1, 0), (0, -1, 0), (0, -1, 0), (0, -1, 0), (-0.46913484, 0.5246914, 0.7103601), (-0.46913484, 0.5246914, 0.7103601), (-0.46913484, 0.5246914, 0.7103601), (-0.46913484, 0.5246914, 0.7103601), (0, -1, 0), (0, -1, 0), (0, -1, 0), (0, -1, 0), (-0.5502903, 0.10804151, 0.82795393), (-0.5502903, 0.10804151, 0.82795393), (-0.5502903, 0.10804151, 0.82795393), (-0.5502903, 0.10804151, 0.82795393), (-0.71216124, 0.18773149, 0.6764489), (-0.71216124, 0.18773149, 0.6764489), (-0.71216124, 0.18773149, 0.6764489), (-0.71216124, 0.18773149, 0.6764489), (-0.84282917, 0.069065616, 0.53373116), (-0.84282917, 0.069065616, 0.53373116), (-0.84282917, 0.069065616, 0.53373116), (-0.84282917, 0.069065616, 0.53373116), (-0.72255796, -0.0074090003, 0.69127077), (-0.72255796, -0.0074090003, 0.69127077), (-0.72255796, -0.0074090003, 0.69127077), (-0.72255796, -0.0074090003, 0.69127077), (0, 0.2805922, 0.95982707), (0, 0.2805922, 0.95982707), (0, 0.2805922, 0.95982707), (0, 0.2805922, 0.95982707), (-0.000004179207, 0.28059143, 0.95982724), (-0.000004179207, 0.28059143, 0.95982724), (-0.000004179207, 0.28059143, 0.95982724), (-0.000004179207, 0.28059143, 0.95982724), (0.0000024595254, 0.28059378, 0.95982665), (0.0000024595254, 0.28059378, 0.95982665), (0.0000024595254, 0.28059378, 0.95982665), (0.0000024595254, 0.28059378, 0.95982665), (0.000008219499, 0.2805925, 0.95982695), (0.000008219499, 0.2805925, 0.95982695), (0.000008219499, 0.2805925, 0.95982695), (0.000008219499, 0.2805925, 0.95982695), (-1, 0, 0), (-1, 0, 0), (-1, 0, 0), (-1, 0, 0), (-1, 0, 0), (-1, 0, 0), (-1, 0, 0), (-1, 0, 0), (-0.99999994, 0, 0), (-0.99999994, 0, 0), (-0.99999994, 0, 0), (-0.99999994, 0, 0), (-1, 0, 0), (-1, 0, 0), (-1, 0, 0), (-1, 0, 0), (-1, 0, 0), (-1, 0, 0), (-1, 0, 0), (-1, 0, 0), (-1, -0.0000010362065, 0), (-1, -0.0000010362065, 0), (-1, -0.0000010362065, 0), (-1, -0.0000010362065, 0), (-1, 0, 0), (-1, 0, 0), (-1, 0, 0), (-1, 0, 0), (0.46913052, 0.52469575, -0.7103598), (0.46913052, 0.52469575, -0.7103598), (0.46913052, 0.52469575, -0.7103598), (0, 0.99999994, 0), (0, 0.99999994, 0), (0, 0.99999994, 0), (0, 0.99999994, 0), (0, 1, -3.050445e-7), (0, 1, -3.050445e-7), (0, 1, -3.050445e-7), (0, 1, -3.050445e-7), (0, 1, 0), (0, 1, 0), (0, 1, 0), (0, 1, 0), (0, -1, 0), (0, -1, 0), (0, -1, 0), (0, -1, 0), (0, -0.99999994, 0), (0, -0.99999994, 0), (0, -0.99999994, 0), (0, -0.99999994, 0), (1, 0, 0), (1, 0, 0), (1, 0, 0), (1, 0, 0), (0, 1, 0), (0, 1, 0), (0, 1, 0), (0, 1, 0), (0.6665273, 0.7454807, 0), (0.6665273, 0.7454807, 0), (0.6665273, 0.7454807, 0), (0.6665273, 0.7454807, 0), (0, -0.99999994, 0), (0, -0.99999994, 0), (0, -0.99999994, 0), (0, -0.99999994, 0), (0, -1, 0), (0, -1, 0), (0, -1, 0), (0, -1, 0), (0.66653013, 0.745478, 0), (0.66653013, 0.745478, 0), (0.66653013, 0.745478, 0), (0.66653013, 0.745478, 0), (0.66652626, 0.7454816, 0), (0.66652626, 0.7454816, 0), (0.66652626, 0.7454816, 0), (0.66652626, 0.7454816, 0), (0, -1, 0), (0, -1, 0), (0, -1, 0), (0, -1, 0), (0, -1, 0), (0, -1, 0), (0, -1, 0), (0, -1, 0), (0, 0, 1), (0, 0, 1), (0, 0, 1), (0, 0, 1), (-8.7542605e-7, 0, -1), (-8.7542605e-7, 0, -1), (-8.7542605e-7, 0, -1), (-8.7542605e-7, 0, -1), (0, 0, -1), (0, 0, -1), (0, 0, -1), (0, 0, 1), (0, 0, 1), (0, 0, 1), (0, -1, 0), (0, -1, 0), (0, -1, 0), (0, -1, 0), (0, 0, 1), (0, 0, 1), (0, 0, 1), (0, 0, 1), (1, 0, 0), (1, 0, 0), (1, 0, 0), (1, 0, 0), (0, 0, -1), (0, 0, -1), (0, 0, -1), (0, 0, -1), (0, 0, 1), (0, 0, 1), (0, 0, 1), (0, 0, 1), (0, 1, 0), (0, 1, 0), (0, 1, 0), (0, 1, 0), (0, -1, 0), (0, -1, 0), (0, -1, 0), (0, -1, 0), (0.6665307, 0.7454775, 0), (0.6665307, 0.7454775, 0), (0.6665307, 0.7454775, 0), (0.6665307, 0.7454775, 0), (0, 0, -1), (0, 0, -1), (0, 0, -1), (0, 0, -1), (1, -1.4180189e-7, 0), (1, -1.4180189e-7, 0), (1, -1.4180189e-7, 0), (1, -1.4180189e-7, 0), (0, 0, -1), (0, 0, -1), (0, 0, -1), (0, 0, -1), (0, 0, 1), (0, 0, 1), (0, 0, 1), (0, 0, 1), (1, 0, 0), (1, 0, 0), (1, 0, 0), (1, 0, 0), (0, 1, 0), (0, 1, 0), (0, 1, 0), (0, 1, 0), (0.66653025, 0.745478, 0), (0.66653025, 0.745478, 0), (0.66653025, 0.745478, 0), (0.66653025, 0.745478, 0), (0, -1, 0), (0, -1, 0), (0, -1, 0), (0, -1, 0), (0, -1, 0), (0, -1, 0), (0, -1, 0), (0, -1, 0), (0.99999994, 0, 0), (0.99999994, 0, 0), (0.99999994, 0, 0), (0.99999994, 0, 0), (1, 0, 0), (1, 0, 0), (1, 0, 0), (1, 0, 0), (1, -0.0000015325013, 0), (1, -0.0000015325013, 0), (1, -0.0000015325013, 0), (1, -0.0000015325013, 0), (1, 0, 0), (1, 0, 0), (1, 0, 0), (1, 0, 0), (0.66653115, 0.7454772, 0), (0.66653115, 0.7454772, 0), (0.66653115, 0.7454772, 0), (0.66653115, 0.7454772, 0), (0, 0.04292226, -0.99907845), (0, 0.04292226, -0.99907845), (0, 0.04292226, -0.99907845), (0, 0.04292226, -0.99907845), (1, 0, 0), (1, 0, 0), (1, 0, 0), (0, 1, 0), (0, 1, 0), (0, 1, 0), (0, 1, 0), (0, 1, 0), (0, 1, 0), (0, 1, 0), (0, 1, 0), (0, 0, -1), (0, 0, -1), (0, 0, -1), (0, 0, -1), (0, 0, 1), (0, 0, 1), (0, 0, 1), (0, 0, 1), (0, -1, 0), (0, -1, 0), (0, -1, 0), (0, -1, 0), (0, 0, 0.99999994), (0, 0, 0.99999994), (0, 0, 0.99999994), (0, 0, 0.99999994), (6.802619e-7, 0, -0.99999994), (6.802619e-7, 0, -0.99999994), (6.802619e-7, 0, -0.99999994), (6.802619e-7, 0, -0.99999994), (0, 0.99999994, 6.100894e-7), (0, 0.99999994, 6.100894e-7), (0, 0.99999994, 6.100894e-7), (0, 0.99999994, 6.100894e-7), (0.469129, 0.5246931, -0.7103627), (0.469129, 0.5246931, -0.7103627), (0.469129, 0.5246931, -0.7103627), (0.66653043, 0.7454779, 0), (0.66653043, 0.7454779, 0), (0.66653043, 0.7454779, 0), (0.66653043, 0.7454779, 0), (0.66653067, 0.74547756, 0), (0.66653067, 0.74547756, 0), (0.66653067, 0.74547756, 0), (0.66653067, 0.74547756, 0), (0.6665305, 0.7454778, 0), (0.6665305, 0.7454778, 0), (0.6665305, 0.7454778, 0), (0.6665305, 0.7454778, 0), (0, 0, -0.99999994), (0, 0, -0.99999994), (0, 0, -0.99999994), (0, 0, -0.99999994), (0, 0, -1), (0, 0, -1), (0, 0, -1), (0, 0, 1), (0, 0, 1), (0, 0, 1), (0, 0, 1), (0, 0, 1), (0, 0, 1), (0, 0, 1), (0.66653025, 0.74547803, 0), (0.66653025, 0.74547803, 0), (0.66653025, 0.74547803, 0), (0.66653025, 0.74547803, 0), (0, 0, -1), (0, 0, -1), (0, 0, -1), (0, 0, -1), (0.6665305, 0.74547774, 0), (0.6665305, 0.74547774, 0), (0.6665305, 0.74547774, 0), (0.6665305, 0.74547774, 0), (0.6665262, 0.74548155, 0), (0.6665262, 0.74548155, 0), (0.6665262, 0.74548155, 0), (0.6665262, 0.74548155, 0), (0, 0.04292401, -0.9990783), (0, 0.04292401, -0.9990783), (0, 0.04292401, -0.9990783), (0, 0.04292401, -0.9990783), (1, 0.0000015189142, 0), (1, 0.0000015189142, 0), (1, 0.0000015189142, 0), (1, 0.0000015189142, 0), (0, 0, 1), (0, 0, 1), (0, 0, 1), (0, 0, 1), (0.6665303, 0.7454779, 0), (0.6665303, 0.7454779, 0), (0.6665303, 0.7454779, 0), (0.6665303, 0.7454779, 0), (0.66652626, 0.7454815, 0), (0.66652626, 0.7454815, 0), (0.66652626, 0.7454815, 0), (0.66652626, 0.7454815, 0), (0.6665302, 0.745478, 0), (0.6665302, 0.745478, 0), (0.6665302, 0.745478, 0), (0.6665302, 0.745478, 0), (0.6665262, 0.7454816, 0), (0.6665262, 0.7454816, 0), (0.6665262, 0.7454816, 0), (0.6665262, 0.7454816, 0), (1, 2.3385818e-8, 0), (1, 2.3385818e-8, 0), (1, 2.3385818e-8, 0), (1, 2.3385818e-8, 0), (0.46912903, 0.52470255, -0.71035564), (0.46912903, 0.52470255, -0.71035564), (0.46912903, 0.52470255, -0.71035564), (0.46912903, 0.52470255, -0.71035564), (-0.0000012942504, 0, -1), (-0.0000012942504, 0, -1), (-0.0000012942504, 0, -1), (-0.0000012942504, 0, -1), (0, 0, 1), (0, 0, 1), (0, 0, 1), (0, 0, 1), (0.66652626, 0.7454815, 0), (0.66652626, 0.7454815, 0), (0.66652626, 0.7454815, 0), (0.66652626, 0.7454815, 0), (0.66653013, 0.7454781, 0), (0.66653013, 0.7454781, 0), (0.66653013, 0.7454781, 0), (0.66653013, 0.7454781, 0), (0, 0.042916268, -0.99907863), (0, 0.042916268, -0.99907863), (0, 0.042916268, -0.99907863), (0, 0.042916268, -0.99907863), (0, 0, -1), (0, 0, -1), (0, 0, -1), (0, 0, -1), (0, 0, 1), (0, 0, 1), (0, 0, 1), (0, 0, 1), (1, 0, 0), (1, 0, 0), (1, 0, 0), (1, 0, 0), (1, 0, 0), (1, 0, 0), (1, 0, 0), (1, 0, 0), (1, 0, 0), (1, 0, 0), (1, 0, 0), (1, 0, 0), (1, 0, 0), (1, 0, 0), (1, 0, 0), (1, 0, 0), (1, 0, 0), (1, 0, 0), (1, 0, 0), (1, 0, 0), (1, 0, 0), (1, 0, 0), (1, 0, 0), (1, 0, 0), (0, 0, 0.99999994), (0, 0, 0.99999994), (0, 0, 0.99999994), (0, 0, 0.99999994), (0, 0, -0.99999994), (0, 0, -0.99999994), (0, 0, -0.99999994), (0, 0, -0.99999994), (0, 1, 0), (0, 1, 0), (0, 1, 0), (0, 1, 0), (0, -1, 0), (0, -1, 0), (0, -1, 0), (0, -1, 0), (0.6665269, 0.7454811, 0), (0.6665269, 0.7454811, 0), (0.6665269, 0.7454811, 0), (0.6665269, 0.7454811, 0), (0, -1, 0), (0, -1, 0), (0, -1, 0), (0, -1, 0), (0.66653055, 0.74547774, 0), (0.66653055, 0.74547774, 0), (0.66653055, 0.74547774, 0), (0.66653055, 0.74547774, 0), (0.666528, 0.74548006, 0), (0.666528, 0.74548006, 0), (0.666528, 0.74548006, 0), (0.666528, 0.74548006, 0), (0.46911922, 0.52469647, -0.7103666), (0.46911922, 0.52469647, -0.7103666), (0.46911922, 0.52469647, -0.7103666), (0.46911922, 0.52469647, -0.7103666), (0.71860844, 0.18708113, -0.669778), (0.71860844, 0.18708113, -0.669778), (0.71860844, 0.18708113, -0.669778), (0.71860844, 0.18708113, -0.669778), (0, -1, 0), (0, -1, 0), (0, -1, 0), (0, -1, 0), (0, -1, 0), (0, -1, 0), (0, -1, 0), (0, -1, 0), (0, -1, 0), (0, -1, 0), (0, -1, 0), (0, -1, 0), (0, -0.99999994, 0), (0, -0.99999994, 0), (0, -0.99999994, 0), (0, -0.99999994, 0), (0, 0, -1), (0, 0, -1), (0, 0, -1), (0, 0, -1), (0, 0, 1), (0, 0, 1), (0, 0, 1), (0, 0, 1), (0, -0.99999994, 0), (0, -0.99999994, 0), (0, -0.99999994, 0), (0, -0.99999994, 0), (0, -1, 0), (0, -1, 0), (0, -1, 0), (0, -1, 0), (0.46913484, 0.5246914, -0.7103601), (0.46913484, 0.5246914, -0.7103601), (0.46913484, 0.5246914, -0.7103601), (0.46913484, 0.5246914, -0.7103601), (0, -1, 0), (0, -1, 0), (0, -1, 0), (0, -1, 0), (0.5502903, 0.10804151, -0.82795393), (0.5502903, 0.10804151, -0.82795393), (0.5502903, 0.10804151, -0.82795393), (0.5502903, 0.10804151, -0.82795393), (0.71216124, 0.18773149, -0.6764489), (0.71216124, 0.18773149, -0.6764489), (0.71216124, 0.18773149, -0.6764489), (0.71216124, 0.18773149, -0.6764489), (0.84282917, 0.069065616, -0.53373116), (0.84282917, 0.069065616, -0.53373116), (0.84282917, 0.069065616, -0.53373116), (0.84282917, 0.069065616, -0.53373116), (0.72255796, -0.0074090003, -0.69127077), (0.72255796, -0.0074090003, -0.69127077), (0.72255796, -0.0074090003, -0.69127077), (0.72255796, -0.0074090003, -0.69127077), (0, 0.2805922, -0.95982707), (0, 0.2805922, -0.95982707), (0, 0.2805922, -0.95982707), (0, 0.2805922, -0.95982707), (0.000004179207, 0.28059143, -0.95982724), (0.000004179207, 0.28059143, -0.95982724), (0.000004179207, 0.28059143, -0.95982724), (0.000004179207, 0.28059143, -0.95982724), (-0.0000024595254, 0.28059378, -0.95982665), (-0.0000024595254, 0.28059378, -0.95982665), (-0.0000024595254, 0.28059378, -0.95982665), (-0.0000024595254, 0.28059378, -0.95982665), (-0.000008219499, 0.2805925, -0.95982695), (-0.000008219499, 0.2805925, -0.95982695), (-0.000008219499, 0.2805925, -0.95982695), (-0.000008219499, 0.2805925, -0.95982695), (1, 0, 0), (1, 0, 0), (1, 0, 0), (1, 0, 0), (1, 0, 0), (1, 0, 0), (1, 0, 0), (1, 0, 0), (0.99999994, 0, 0), (0.99999994, 0, 0), (0.99999994, 0, 0), (0.99999994, 0, 0), (1, 0, 0), (1, 0, 0), (1, 0, 0), (1, 0, 0), (1, -0.0000010362065, 0), (1, -0.0000010362065, 0), (1, -0.0000010362065, 0), (1, -0.0000010362065, 0), (1, 0, 0), (1, 0, 0), (1, 0, 0), (1, 0, 0), (-0.46913052, 0.52469575, -0.7103598), (-0.46913052, 0.52469575, -0.7103598), (-0.46913052, 0.52469575, -0.7103598), (0, 0.99999994, 0), (0, 0.99999994, 0), (0, 0.99999994, 0), (0, 0.99999994, 0), (0, 1, -3.050445e-7), (0, 1, -3.050445e-7), (0, 1, -3.050445e-7), (0, 1, -3.050445e-7), (0, 1, 0), (0, 1, 0), (0, 1, 0), (0, 1, 0), (0, -1, 0), (0, -1, 0), (0, -1, 0), (0, -1, 0), (0, -1, 0), (0, -1, 0), (0, -1, 0), (0, -1, 0), (-1, 0, 0), (-1, 0, 0), (-1, 0, 0), (-1, 0, 0), (0, 1, 0), (0, 1, 0), (0, 1, 0), (0, 1, 0), (-0.6665273, 0.7454807, 0), (-0.6665273, 0.7454807, 0), (-0.6665273, 0.7454807, 0), (-0.6665273, 0.7454807, 0), (0, -0.99999994, 0), (0, -0.99999994, 0), (0, -0.99999994, 0), (0, -0.99999994, 0), (0, -1, 0), (0, -1, 0), (0, -1, 0), (0, -1, 0), (-0.66653013, 0.745478, 0), (-0.66653013, 0.745478, 0), (-0.66653013, 0.745478, 0), (-0.66653013, 0.745478, 0), (-0.66652626, 0.7454816, 0), (-0.66652626, 0.7454816, 0), (-0.66652626, 0.7454816, 0), (-0.66652626, 0.7454816, 0), (0, -1, 0), (0, -1, 0), (0, -1, 0), (0, -1, 0), (0, -1, 0), (0, -1, 0), (0, -1, 0), (0, -1, 0), (0, 0, 1), (0, 0, 1), (0, 0, 1), (0, 0, 1), (0.0000011672347, 0, -1), (0.0000011672347, 0, -1), (0.0000011672347, 0, -1), (0.0000011672347, 0, -1), (0, 0, -1), (0, 0, -1), (0, 0, -1), (0, 0, 1), (0, 0, 1), (0, 0, 1), (0, -1, 0), (0, -1, 0), (0, -1, 0), (0, -1, 0), (0, 0, 1), (0, 0, 1), (0, 0, 1), (0, 0, 1), (-1, 0, 0), (-1, 0, 0), (-1, 0, 0), (-1, 0, 0), (0, 0, -1), (0, 0, -1), (0, 0, -1), (0, 0, -1), (1.8550253e-7, 0, 1), (1.8550253e-7, 0, 1), (1.8550253e-7, 0, 1), (1.8550253e-7, 0, 1), (0, 1, 0), (0, 1, 0), (0, 1, 0), (0, 1, 0), (0, -1, 0), (0, -1, 0), (0, -1, 0), (0, -1, 0), (-0.6665307, 0.7454775, 0), (-0.6665307, 0.7454775, 0), (-0.6665307, 0.7454775, 0), (-0.6665307, 0.7454775, 0), (0, 0, -1), (0, 0, -1), (0, 0, -1), (0, 0, -1), (-1, 0, 0), (-1, 0, 0), (-1, 0, 0), (-1, 0, 0), (0, 0, -1), (0, 0, -1), (0, 0, -1), (0, 0, -1), (0, 0, 1), (0, 0, 1), (0, 0, 1), (0, 0, 1), (-1, 0, 0), (-1, 0, 0), (-1, 0, 0), (-1, 0, 0), (0, 1, 0), (0, 1, 0), (0, 1, 0), (0, 1, 0), (-0.66653025, 0.745478, 0), (-0.66653025, 0.745478, 0), (-0.66653025, 0.745478, 0), (-0.66653025, 0.745478, 0), (0, -1, 0), (0, -1, 0), (0, -1, 0), (0, -1, 0), (0, -1, 0), (0, -1, 0), (0, -1, 0), (0, -1, 0), (-0.99999994, 0, 0), (-0.99999994, 0, 0), (-0.99999994, 0, 0), (-0.99999994, 0, 0), (-1, 0, 0), (-1, 0, 0), (-1, 0, 0), (-1, 0, 0), (-1, -9.578133e-7, 0), (-1, -9.578133e-7, 0), (-1, -9.578133e-7, 0), (-1, -9.578133e-7, 0), (0, -1, 0), (0, -1, 0), (0, -1, 0), (0, -1, 0), (-1, 0, 0), (-1, 0, 0), (-1, 0, 0), (-1, 0, 0), (-0.66653115, 0.7454772, 0), (-0.66653115, 0.7454772, 0), (-0.66653115, 0.7454772, 0), (-0.66653115, 0.7454772, 0), (0, 0.04292226, -0.99907845), (0, 0.04292226, -0.99907845), (0, 0.04292226, -0.99907845), (0, 0.04292226, -0.99907845), (-1, 2.7196617e-7, 0), (-1, 2.7196617e-7, 0), (-1, 2.7196617e-7, 0), (0, 1, 0), (0, 1, 0), (0, 1, 0), (0, 1, 0), (0, 1, 0), (0, 1, 0), (0, 1, 0), (0, 1, 0), (0, 0, -1), (0, 0, -1), (0, 0, -1), (0, 0, -1), (0, 0, 1), (0, 0, 1), (0, 0, 1), (0, 0, 1), (0, -1, 0), (0, -1, 0), (0, -1, 0), (0, -1, 0), (0, 0, 0.99999994), (0, 0, 0.99999994), (0, 0, 0.99999994), (0, 0, 0.99999994), (-0.0000013605238, 0, -0.99999994), (-0.0000013605238, 0, -0.99999994), (-0.0000013605238, 0, -0.99999994), (-0.0000013605238, 0, -0.99999994), (0, 0.99999994, 3.050447e-7), (0, 0.99999994, 3.050447e-7), (0, 0.99999994, 3.050447e-7), (0, 0.99999994, 3.050447e-7), (-0.46912903, 0.52469313, -0.7103626), (-0.46912903, 0.52469313, -0.7103626), (-0.46912903, 0.52469313, -0.7103626), (-0.66653043, 0.7454779, 0), (-0.66653043, 0.7454779, 0), (-0.66653043, 0.7454779, 0), (-0.66653043, 0.7454779, 0), (-0.66653067, 0.74547756, 0), (-0.66653067, 0.74547756, 0), (-0.66653067, 0.74547756, 0), (-0.66653067, 0.74547756, 0), (-0.6665305, 0.7454778, 0), (-0.6665305, 0.7454778, 0), (-0.6665305, 0.7454778, 0), (-0.6665305, 0.7454778, 0), (0, 0, -1), (0, 0, -1), (0, 0, -1), (0, 0, -1), (0, 0, -0.99999994), (0, 0, -0.99999994), (0, 0, -0.99999994), (5.432735e-7, 0, 0.99999994), (5.432735e-7, 0, 0.99999994), (5.432735e-7, 0, 0.99999994), (5.432735e-7, 0, 0.99999994), (0, 0, 1), (0, 0, 1), (0, 0, 1), (-0.66653025, 0.74547803, 0), (-0.66653025, 0.74547803, 0), (-0.66653025, 0.74547803, 0), (-0.66653025, 0.74547803, 0), (0, 0, -1), (0, 0, -1), (0, 0, -1), (0, 0, -1), (-0.6665305, 0.74547774, 0), (-0.6665305, 0.74547774, 0), (-0.6665305, 0.74547774, 0), (-0.6665305, 0.74547774, 0), (-0.6665262, 0.74548155, 0), (-0.6665262, 0.74548155, 0), (-0.6665262, 0.74548155, 0), (-0.6665262, 0.74548155, 0), (0, 0.04292401, -0.9990783), (0, 0.04292401, -0.9990783), (0, 0.04292401, -0.9990783), (0, 0.04292401, -0.9990783), (-1, 8.069232e-7, 0), (-1, 8.069232e-7, 0), (-1, 8.069232e-7, 0), (-1, 8.069232e-7, 0), (0, 0, 0.99999994), (0, 0, 0.99999994), (0, 0, 0.99999994), (0, 0, 0.99999994), (-0.6665303, 0.7454779, 0), (-0.6665303, 0.7454779, 0), (-0.6665303, 0.7454779, 0), (-0.6665303, 0.7454779, 0), (-0.66652626, 0.7454815, 0), (-0.66652626, 0.7454815, 0), (-0.66652626, 0.7454815, 0), (-0.66652626, 0.7454815, 0), (-0.6665302, 0.745478, 0), (-0.6665302, 0.745478, 0), (-0.6665302, 0.745478, 0), (-0.6665302, 0.745478, 0), (-0.6665262, 0.7454816, 0), (-0.6665262, 0.7454816, 0), (-0.6665262, 0.7454816, 0), (-0.6665262, 0.7454816, 0), (-1, -7.0157455e-8, 0), (-1, -7.0157455e-8, 0), (-1, -7.0157455e-8, 0), (-1, -7.0157455e-8, 0), (-0.46912837, 0.52470183, -0.71035665), (-0.46912837, 0.52470183, -0.71035665), (-0.46912837, 0.52470183, -0.71035665), (-0.46912837, 0.52470183, -0.71035665), (6.4712543e-7, 0, -1), (6.4712543e-7, 0, -1), (6.4712543e-7, 0, -1), (6.4712543e-7, 0, -1), (0, 0, 1), (0, 0, 1), (0, 0, 1), (0, 0, 1), (-0.66652626, 0.7454815, 0), (-0.66652626, 0.7454815, 0), (-0.66652626, 0.7454815, 0), (-0.66652626, 0.7454815, 0), (-0.66653013, 0.7454781, 0), (-0.66653013, 0.7454781, 0), (-0.66653013, 0.7454781, 0), (-0.66653013, 0.7454781, 0), (0, 0.042916268, -0.99907863), (0, 0.042916268, -0.99907863), (0, 0.042916268, -0.99907863), (0, 0.042916268, -0.99907863), (0, 0, -1), (0, 0, -1), (0, 0, -1), (0, 0, -1), (0, 0, 1), (0, 0, 1), (0, 0, 1), (0, 0, 1), (-1, 0, 0), (-1, 0, 0), (-1, 0, 0), (-1, 0, 0), (-1, 0, 0), (-1, 0, 0), (-1, 0, 0), (-1, 0, 0), (-1, 0, 0), (-1, 0, 0), (-1, 0, 0), (-1, 0, 0), (-0.99999994, 0, 0), (-0.99999994, 0, 0), (-0.99999994, 0, 0), (-0.99999994, 0, 0), (-1, 0, 0), (-1, 0, 0), (-1, 0, 0), (-1, 0, 0), (0, 0, 0.99999994), (0, 0, 0.99999994), (0, 0, 0.99999994), (0, 0, 0.99999994), (0, 0, -0.99999994), (0, 0, -0.99999994), (0, 0, -0.99999994), (0, 0, -0.99999994), (0, 1, 0), (0, 1, 0), (0, 1, 0), (0, 1, 0), (0, -1, 0), (0, -1, 0), (0, -1, 0), (0, -1, 0), (-0.6665269, 0.7454811, 0), (-0.6665269, 0.7454811, 0), (-0.6665269, 0.7454811, 0), (-0.6665269, 0.7454811, 0), (0, -1, 0), (0, -1, 0), (0, -1, 0), (0, -1, 0), (-0.66653055, 0.74547774, 0), (-0.66653055, 0.74547774, 0), (-0.66653055, 0.74547774, 0), (-0.66653055, 0.74547774, 0), (-0.666528, 0.74548006, 0), (-0.666528, 0.74548006, 0), (-0.666528, 0.74548006, 0), (-0.666528, 0.74548006, 0), (-0.46911922, 0.5246966, -0.7103665), (-0.46911922, 0.5246966, -0.7103665), (-0.46911922, 0.5246966, -0.7103665), (-0.46911922, 0.5246966, -0.7103665), (-0.7186069, 0.18708159, -0.6697796), (-0.7186069, 0.18708159, -0.6697796), (-0.7186069, 0.18708159, -0.6697796), (-0.7186069, 0.18708159, -0.6697796), (0, -0.99999994, 0), (0, -0.99999994, 0), (0, -0.99999994, 0), (0, -0.99999994, 0), (0, -1, 0), (0, -1, 0), (0, -1, 0), (0, -1, 0), (0, -1, 0), (0, -1, 0), (0, -1, 0), (0, -1, 0), (0, -0.99999994, 0), (0, -0.99999994, 0), (0, -0.99999994, 0), (0, -0.99999994, 0), (0, 0, -1), (0, 0, -1), (0, 0, -1), (0, 0, -1), (0, 0, 1), (0, 0, 1), (0, 0, 1), (0, 0, 1), (0, -0.99999994, 0), (0, -0.99999994, 0), (0, -0.99999994, 0), (0, -0.99999994, 0), (0, -1, 0), (0, -1, 0), (0, -1, 0), (0, -1, 0), (-0.46913043, 0.52469236, -0.7103622), (-0.46913043, 0.52469236, -0.7103622), (-0.46913043, 0.52469236, -0.7103622), (-0.46913043, 0.52469236, -0.7103622), (0, -1, 0), (0, -1, 0), (0, -1, 0), (0, -1, 0), (-0.5502905, 0.1080412, -0.8279538), (-0.5502905, 0.1080412, -0.8279538), (-0.5502905, 0.1080412, -0.8279538), (-0.5502905, 0.1080412, -0.8279538), (-0.7121607, 0.18773161, -0.6764494), (-0.7121607, 0.18773161, -0.6764494), (-0.7121607, 0.18773161, -0.6764494), (-0.7121607, 0.18773161, -0.6764494), (-0.842829, 0.06906588, -0.53373134), (-0.842829, 0.06906588, -0.53373134), (-0.842829, 0.06906588, -0.53373134), (-0.842829, 0.06906588, -0.53373134), (-0.7225584, -0.0074089933, -0.6912702), (-0.7225584, -0.0074089933, -0.6912702), (-0.7225584, -0.0074089933, -0.6912702), (-0.7225584, -0.0074089933, -0.6912702), (0, 0.28059214, -0.9598271), (0, 0.28059214, -0.9598271), (0, 0.28059214, -0.9598271), (0, 0.28059214, -0.9598271), (-0.0000031344052, 0.28059143, -0.95982724), (-0.0000031344052, 0.28059143, -0.95982724), (-0.0000031344052, 0.28059143, -0.95982724), (-0.0000031344052, 0.28059143, -0.95982724), (0.0000027505139, 0.28059378, -0.95982665), (0.0000027505139, 0.28059378, -0.95982665), (0.0000027505139, 0.28059378, -0.95982665), (0.0000027505139, 0.28059378, -0.95982665), (0.000003082312, 0.2805925, -0.95982695), (0.000003082312, 0.2805925, -0.95982695), (0.000003082312, 0.2805925, -0.95982695), (0.000003082312, 0.2805925, -0.95982695), (-1, 0, 0), (-1, 0, 0), (-1, 0, 0), (-1, 0, 0), (-1, 0, 0), (-1, 0, 0), (-1, 0, 0), (-1, 0, 0), (-0.99999994, 3.1784697e-7, 0), (-0.99999994, 3.1784697e-7, 0), (-0.99999994, 3.1784697e-7, 0), (-0.99999994, 3.1784697e-7, 0), (-1, 0, 0), (-1, 0, 0), (-1, 0, 0), (-1, 0, 0), (-1, -7.771549e-7, 0), (-1, -7.771549e-7, 0), (-1, -7.771549e-7, 0), (-1, -7.771549e-7, 0), (-0.99999994, 0, 0), (-0.99999994, 0, 0), (-0.99999994, 0, 0), (-0.99999994, 0, 0), (-1, 0, 0), (-1, 0, 0), (-1, 0, 0), (-1, 0, 0), (0, -1, 0), (0, -1, 0), (0, -1, 0), (0, -1, 0)] (
                interpolation = "faceVarying"
            )
            point3f[] points = [(18.645725, 1.551105, 100), (18.645725, 32.785393, 100), (11.871112, 32.785503, 104.47391), (18.645725, 1.551105, 13.682545), (18.645725, 1.551105, 0), (11.871112, 1.551105, 13.682545), (11.871112, 1.551105, 0), (11.871112, 38.842556, 13.682545), (18.645725, 32.785393, 13.682545), (11.871112, 1.551105, 107.36571), (18.645725, 1.551105, 38.297607), (11.871112, 1.551105, 38.297607), (11.871112, 38.842556, 38.297607), (11.871112, 38.842556, 0), (18.645725, 32.785393, 0), (11.871112, 38.842556, 100), (18.645725, 32.785393, 38.297607), (18.645725, 1.551105, 52.166496), (18.645725, 32.785393, 52.166496), (18.645725, 13.181512, 52.166496), (11.871112, 1.551105, 52.166496), (18.645725, 30.360783, 16.107155), (11.871112, 38.842556, 52.166496), (18.645725, 13.181512, 42.00382), (18.645725, 1.551105, 42.00382), (11.871112, 1.551105, 42.00382), (18.645725, 30.360783, 35.872997), (11.871112, 38.842556, 42.00382), (18.645725, 32.785393, 42.00382), (18.645725, 30.360783, 25.990076), (18.645725, 32.785393, 25.990076), (16.439514, 3.757316, 52.166496), (16.439514, 31.7985, 52.166496), (16.439514, 13.181512, 52.166496), (11.871112, 38.842556, 25.990076), (11.871112, 3.757316, 52.166496), (11.871112, 1.551105, 25.990076), (18.645725, 1.551105, 25.990076), (11.028646, 36.636345, 52.166496), (16.439514, 13.181512, 42.00382), (16.439514, 3.757316, 42.00382), (11.871112, 3.757316, 42.00382), (18.645725, 16.849699, 17.250357), (18.645725, 29.221525, 17.250357), (11.028646, 36.636345, 42.00382), (16.439514, 31.7985, 42.00382), (18.645725, 16.849699, 24.846872), (18.645725, 29.221525, 24.846872), (18.645725, 14.324483, 24.846872), (18.645725, 16.849699, 34.729794), (18.645725, 29.221525, 34.729794), (18.645725, 16.849699, 27.13328), (18.645725, 29.221525, 27.13328), (18.645725, 30.258438, 0), (18.645725, 15.708465, 13.075464), (18.645725, 30.258438, 13.075464), (0, 32.785397, 104.47391), (0, 38.842556, 104.21368), (0, 38.842556, 100), (0, 38.842556, 90.056625), (0, 38.842556, 84.579285), (0, 38.842556, 57.64384), (0, 38.842556, 52.166496), (0, 36.636345, 52.166496), (18.645725, 1.551105, 90.056625), (18.645725, 32.785393, 90.056625), (0, 36.636345, 42.00382), (11.871112, 1.551105, 90.056625), (0, 38.842556, 42.00382), (11.871112, 38.842556, 90.056625), (0, 38.842556, 38.297607), (0, 38.842556, 25.990076), (11.871112, 38.842556, 104.21368), (0, 38.842556, 13.682545), (0, 38.842556, 0), (18.645725, 9.908386, 52.166496), (18.645725, 9.908386, 42.00382), (16.439514, 10.529276, 52.166496), (16.439514, 10.529276, 42.00382), (0, 1.551105, 107.36571), (0, 1.551105, 90.056625), (0, 1.551105, 52.166496), (0, 3.757316, 52.166496), (0, 3.757316, 42.00382), (0, 1.551105, 42.00382), (6.393768, 38.842556, 57.64384), (6.393768, 38.842556, 84.579285), (0, 1.551105, 38.297607), (0, 1.551105, 25.990076), (0, 1.551105, 13.682545), (0, 1.551105, 0), (12.574223, 38.213905, 100), (11.871112, 38.213905, 100.46434), (11.871112, 38.213905, 104.240685), (12.574223, 38.213905, 13.682545), (12.574223, 38.213905, 38.297607), (12.574223, 38.213905, 0), (12.574223, 38.213905, 52.166496), (11.631055, 38.213905, 52.166496), (12.574223, 38.213905, 42.00382), (11.631055, 38.213905, 42.00382), (12.574223, 38.213905, 25.990076), (0, 38.213905, 104.240685), (0, 38.213905, 52.166496), (12.574223, 38.213905, 90.056625), (0, 38.213905, 42.00382), (18.201681, 33.182407, 100), (11.871112, 33.182407, 104.18075), (11.871112, 33.182407, 104.456856), (18.201681, 33.182407, 13.682545), (18.201681, 33.182407, 0), (18.201681, 33.182407, 38.297607), (18.201681, 33.182407, 52.166496), (18.201681, 33.182407, 42.00382), (18.201681, 33.182407, 25.990076), (14.891688, 33.182407, 52.166496), (14.891688, 33.182407, 42.00382), (0, 33.182407, 104.456856), (18.201681, 33.182407, 90.056625), (18.645725, 13.649919, 13.682545), (18.645725, 13.649919, 100), (11.871112, 13.987983, 109.969086), (18.645725, 13.649919, 38.297607), (18.645725, 13.649919, 16.107155), (18.645725, 13.649919, 52.166496), (18.645725, 13.649919, 42.00382), (18.645725, 13.649919, 35.872997), (18.645725, 13.649919, 25.990076), (16.439514, 13.649919, 52.166496), (16.439514, 13.649919, 42.00382), (18.645725, 13.649919, 25.0215), (18.645725, 13.649919, 24.846872), (0, 13.649919, 110.06791), (18.645725, 13.649919, 90.056625), (18.645725, 8.947945, 52.166496), (18.645725, 8.947945, 42.00382), (16.439514, 8.947945, 52.166496), (16.439514, 8.947945, 42.00382), (18.645725, 1.551105, 99.07018), (18.645725, 32.785393, 99.07018), (11.871112, 1.551105, 105.747116), (11.871112, 38.842556, 99.07018), (0, 38.842556, 99.07018), (0, 1.551105, 105.747116), (12.574223, 38.213905, 99.07018), (18.201681, 33.182407, 99.07018), (18.645725, 13.649919, 99.07018), (12.464226, 1.551105, 106.72085), (12.464226, 32.785496, 104.08222), (12.464226, 1.551105, 13.682545), (12.464226, 1.551105, 0), (12.464226, 1.551105, 38.297607), (12.464226, 1.551105, 52.166496), (12.464226, 1.551105, 42.00382), (12.271073, 3.757316, 52.166496), (12.464226, 1.551105, 25.990076), (12.271073, 3.757316, 42.00382), (12.464226, 1.551105, 90.056625), (12.42535, 33.182407, 103.81472), (12.464226, 13.958386, 109.0963), (12.464226, 1.551105, 105.16255), (17.602352, 28.334835, 101.248), (17.428204, 15.290708, 101.08514), (13.523207, 28.377073, 103.97987), (13.698691, 15.548376, 107.56633), (10.246932, 31.226559, 104.92964), (1.62418, 31.22648, 104.92964), (10.246932, 15.501347, 109.52667), (1.62418, 15.25579, 109.59846), (18.645725, 31.161211, 91.6808), (18.645725, 13.649919, 91.6808), (18.645725, 31.161211, 97.446), (18.645725, 13.649919, 97.446), (18.645725, 31.161211, 53.790676), (18.645725, 31.161211, 88.43245), (18.645725, 13.649919, 53.790676), (18.645725, 13.649919, 88.43245), (-18.645725, 1.551105, 100), (-18.645725, 32.785393, 100), (-11.871112, 32.785503, 104.47391), (-18.645725, 1.551105, 13.682545), (-18.645725, 1.551105, 0), (-11.871112, 1.551105, 13.682545), (-18.645725, 13.181512, 100), (-11.871112, 1.551105, 0), (-11.871112, 38.842556, 13.682545), (-18.645725, 32.785393, 13.682545), (-11.871112, 1.551105, 107.36571), (-18.645725, 1.551105, 38.297607), (-11.871112, 1.551105, 38.297607), (-11.871112, 38.842556, 38.297607), (-11.871112, 38.842556, 0), (-18.645725, 32.785393, 0), (-11.871112, 38.842556, 100), (-18.645725, 32.785393, 38.297607), (-18.645725, 1.551105, 52.166496), (-18.645725, 32.785393, 52.166496), (-18.645725, 13.181512, 52.166496), (-11.871112, 1.551105, 52.166496), (-18.645725, 30.360783, 16.107155), (-11.871112, 38.842556, 52.166496), (-18.645725, 13.181512, 42.00382), (-18.645725, 1.551105, 42.00382), (-11.871112, 1.551105, 42.00382), (-18.645725, 30.360783, 35.872997), (-11.871112, 38.842556, 42.00382), (-18.645725, 32.785393, 42.00382), (-18.645725, 30.360783, 25.990076), (-18.645725, 32.785393, 25.990076), (-16.439514, 3.757316, 52.166496), (-16.439514, 31.7985, 52.166496), (-16.439514, 13.181512, 52.166496), (-11.871112, 38.842556, 25.990076), (-11.871112, 3.757316, 52.166496), (-11.871112, 1.551105, 25.990076), (-18.645725, 1.551105, 25.990076), (-11.028646, 36.636345, 52.166496), (-16.439514, 13.181512, 42.00382), (-16.439514, 3.757316, 42.00382), (-11.871112, 3.757316, 42.00382), (-18.645725, 16.849699, 17.250357), (-18.645725, 29.221525, 17.250357), (-11.028646, 36.636345, 42.00382), (-16.439514, 31.7985, 42.00382), (-18.645725, 16.849699, 24.846872), (-18.645725, 29.221525, 24.846872), (-18.645725, 16.849699, 34.729794), (-18.645725, 29.221525, 34.729794), (-18.645725, 16.849699, 27.13328), (-18.645725, 29.221525, 27.13328), (-18.645725, 30.258438, 0), (-18.645725, 15.708465, 13.075464), (-18.645725, 30.258438, 13.075464), (-18.645725, 1.551105, 90.056625), (-18.645725, 32.785393, 90.056625), (-11.871112, 1.551105, 90.056625), (-11.871112, 38.842556, 90.056625), (-11.871112, 38.842556, 104.21368), (-18.645725, 9.908386, 52.166496), (-18.645725, 9.908386, 42.00382), (-16.439514, 10.529276, 52.166496), (-16.439514, 10.529276, 42.00382), (-6.393768, 38.842556, 57.64384), (-6.393768, 38.842556, 84.579285), (-12.574223, 38.213905, 100), (-11.871112, 38.213905, 100.46434), (-11.871112, 38.213905, 104.240685), (-12.574223, 38.213905, 13.682545), (-12.574223, 38.213905, 38.297607), (-12.574223, 38.213905, 0), (-12.574223, 38.213905, 52.166496), (-11.631055, 38.213905, 52.166496), (-12.574223, 38.213905, 42.00382), (-11.631055, 38.213905, 42.00382), (-12.574223, 38.213905, 25.990076), (-12.574223, 38.213905, 90.056625), (-18.201681, 33.182407, 100), (-11.871112, 33.182407, 104.18075), (-11.871112, 33.182407, 104.456856), (-18.201681, 33.182407, 13.682545), (-18.201681, 33.182407, 0), (-18.201681, 33.182407, 38.297607), (-18.201681, 33.182407, 52.166496), (-18.201681, 33.182407, 42.00382), (-18.201681, 33.182407, 25.990076), (-14.891688, 33.182407, 52.166496), (-14.891688, 33.182407, 42.00382), (-18.201681, 33.182407, 90.056625), (-18.645725, 13.649919, 13.682545), (-18.645725, 13.649919, 100), (-11.871112, 13.987983, 109.969086), (-18.645725, 13.649919, 38.297607), (-18.645725, 13.649919, 16.107155), (-18.645725, 13.649919, 52.166496), (-18.645725, 13.649919, 42.00382), (-18.645725, 13.649919, 35.872997), (-18.645725, 13.649919, 25.990076), (-16.439514, 13.649919, 52.166496), (-16.439514, 13.649919, 42.00382), (-18.645725, 13.649919, 90.056625), (-18.645725, 8.947945, 52.166496), (-18.645725, 8.947945, 42.00382), (-16.439514, 8.947945, 52.166496), (-16.439514, 8.947945, 42.00382), (-18.645725, 1.551105, 99.07018), (-18.645725, 32.785393, 99.07018), (-18.645725, 13.181512, 99.07018), (-11.871112, 1.551105, 105.747116), (-11.871112, 38.842556, 99.07018), (-12.574223, 38.213905, 99.07018), (-18.201681, 33.182407, 99.07018), (-18.645725, 13.649919, 99.07018), (-12.464226, 1.551105, 106.72085), (-12.464226, 32.785496, 104.08222), (-12.464226, 1.551105, 13.682545), (-12.464226, 1.551105, 0), (-12.464226, 1.551105, 38.297607), (-12.464226, 1.551105, 52.166496), (-12.464226, 1.551105, 42.00382), (-12.271073, 3.757316, 52.166496), (-12.464226, 1.551105, 25.990076), (-12.271073, 3.757316, 42.00382), (-12.464226, 1.551105, 90.056625), (-12.42535, 33.182407, 103.81472), (-12.464226, 13.958386, 109.0963), (-12.464226, 1.551105, 105.16255), (-17.602352, 28.334835, 101.248), (-17.428204, 15.290708, 101.08514), (-13.523207, 28.377073, 103.97987), (-13.698691, 15.548376, 107.56633), (-10.246932, 31.226559, 104.92964), (-1.62418, 31.22648, 104.92964), (-10.246932, 15.501347, 109.52667), (-1.62418, 15.25579, 109.59846), (-18.645725, 31.161211, 91.6808), (-18.645725, 13.649919, 91.6808), (-18.645725, 31.161211, 97.446), (-18.645725, 13.181512, 97.446), (-18.645725, 13.649919, 97.446), (-18.645725, 31.161211, 53.790676), (-18.645725, 31.161211, 88.43245), (-18.645725, 13.649919, 53.790676), (-18.645725, 13.649919, 88.43245), (18.645725, 1.551105, -100), (18.645725, 32.785393, -100), (11.871112, 32.785503, -104.47391), (18.645725, 1.551105, -13.682545), (11.871112, 1.551105, -13.682545), (11.871112, 38.842556, -13.682545), (18.645725, 32.785393, -13.682545), (11.871112, 1.551105, -107.36571), (18.645725, 1.551105, -38.297607), (11.871112, 1.551105, -38.297607), (11.871112, 38.842556, -38.297607), (11.871112, 38.842556, -100), (18.645725, 32.785393, -38.297607), (18.645725, 1.551105, -52.166496), (18.645725, 32.785393, -52.166496), (18.645725, 13.181512, -52.166496), (11.871112, 1.551105, -52.166496), (18.645725, 30.360783, -16.107155), (11.871112, 38.842556, -52.166496), (18.645725, 13.181512, -42.00382), (18.645725, 1.551105, -42.00382), (11.871112, 1.551105, -42.00382), (18.645725, 30.360783, -35.872997), (11.871112, 38.842556, -42.00382), (18.645725, 32.785393, -42.00382), (18.645725, 30.360783, -25.990076), (18.645725, 32.785393, -25.990076), (16.439514, 3.757316, -52.166496), (16.439514, 31.7985, -52.166496), (16.439514, 13.181512, -52.166496), (11.871112, 38.842556, -25.990076), (11.871112, 3.757316, -52.166496), (11.871112, 1.551105, -25.990076), (18.645725, 1.551105, -25.990076), (11.028646, 36.636345, -52.166496), (16.439514, 13.181512, -42.00382), (16.439514, 3.757316, -42.00382), (11.871112, 3.757316, -42.00382), (18.645725, 16.849699, -17.250357), (18.645725, 29.221525, -17.250357), (11.028646, 36.636345, -42.00382), (16.439514, 31.7985, -42.00382), (18.645725, 16.849699, -24.846872), (18.645725, 29.221525, -24.846872), (18.645725, 16.849699, -34.729794), (18.645725, 29.221525, -34.729794), (18.645725, 16.849699, -27.13328), (18.645725, 29.221525, -27.13328), (18.645725, 15.708465, -13.075464), (18.645725, 30.258438, -13.075464), (0, 32.785397, -104.47391), (0, 38.842556, -104.21368), (0, 38.842556, -100), (0, 38.842556, -90.056625), (0, 38.842556, -84.579285), (0, 38.842556, -57.64384), (0, 38.842556, -52.166496), (0, 36.636345, -52.166496), (18.645725, 1.551105, -90.056625), (18.645725, 32.785393, -90.056625), (0, 36.636345, -42.00382), (11.871112, 1.551105, -90.056625), (0, 38.842556, -42.00382), (11.871112, 38.842556, -90.056625), (0, 38.842556, -38.297607), (0, 38.842556, -25.990076), (11.871112, 38.842556, -104.21368), (0, 38.842556, -13.682545), (18.645725, 9.908386, -52.166496), (18.645725, 9.908386, -42.00382), (16.439514, 10.529276, -52.166496), (16.439514, 10.529276, -42.00382), (0, 1.551105, -107.36571), (0, 1.551105, -90.056625), (0, 1.551105, -52.166496), (0, 3.757316, -52.166496), (0, 3.757316, -42.00382), (0, 1.551105, -42.00382), (6.393768, 38.842556, -57.64384), (6.393768, 38.842556, -84.579285), (0, 1.551105, -38.297607), (0, 1.551105, -25.990076), (0, 1.551105, -13.682545), (12.574223, 38.213905, -100), (11.871112, 38.213905, -100.46434), (11.871112, 38.213905, -104.240685), (12.574223, 38.213905, -13.682545), (12.574223, 38.213905, -38.297607), (12.574223, 38.213905, -52.166496), (11.631055, 38.213905, -52.166496), (12.574223, 38.213905, -42.00382), (11.631055, 38.213905, -42.00382), (12.574223, 38.213905, -25.990076), (0, 38.213905, -104.240685), (0, 38.213905, -52.166496), (12.574223, 38.213905, -90.056625), (0, 38.213905, -42.00382), (18.201681, 33.182407, -100), (11.871112, 33.182407, -104.18075), (11.871112, 33.182407, -104.456856), (18.201681, 33.182407, -13.682545), (18.201681, 33.182407, -38.297607), (18.201681, 33.182407, -52.166496), (18.201681, 33.182407, -42.00382), (18.201681, 33.182407, -25.990076), (14.891688, 33.182407, -52.166496), (14.891688, 33.182407, -42.00382), (0, 33.182407, -104.456856), (18.201681, 33.182407, -90.056625), (18.645725, 13.649919, -13.682545), (18.645725, 13.649919, -100), (11.871112, 13.987983, -109.969086), (18.645725, 13.649919, -38.297607), (18.645725, 13.649919, -16.107155), (18.645725, 13.649919, -52.166496), (18.645725, 13.649919, -42.00382), (18.645725, 13.649919, -35.872997), (18.645725, 13.649919, -25.990076), (16.439514, 13.649919, -52.166496), (16.439514, 13.649919, -42.00382), (0, 13.649919, -110.06791), (18.645725, 13.649919, -90.056625), (18.645725, 8.947945, -52.166496), (18.645725, 8.947945, -42.00382), (16.439514, 8.947945, -52.166496), (16.439514, 8.947945, -42.00382), (18.645725, 1.551105, -99.07018), (18.645725, 32.785393, -99.07018), (11.871112, 1.551105, -105.747116), (11.871112, 38.842556, -99.07018), (0, 38.842556, -99.07018), (0, 1.551105, -105.747116), (12.574223, 38.213905, -99.07018), (18.201681, 33.182407, -99.07018), (18.645725, 13.649919, -99.07018), (12.464226, 1.551105, -106.72085), (12.464226, 32.785496, -104.08222), (12.464226, 1.551105, -13.682545), (12.464226, 1.551105, -38.297607), (12.464226, 1.551105, -52.166496), (12.464226, 1.551105, -42.00382), (12.271073, 3.757316, -52.166496), (12.464226, 1.551105, -25.990076), (12.271073, 3.757316, -42.00382), (12.464226, 1.551105, -90.056625), (12.42535, 33.182407, -103.81472), (12.464226, 13.958386, -109.0963), (12.464226, 1.551105, -105.16255), (17.602352, 28.334835, -101.248), (17.428204, 15.290708, -101.08514), (13.523207, 28.377073, -103.97987), (13.698691, 15.548376, -107.56633), (10.246932, 31.226559, -104.92964), (1.62418, 31.22648, -104.92964), (10.246932, 15.501347, -109.52667), (1.62418, 15.25579, -109.59846), (18.645725, 31.161211, -91.6808), (18.645725, 13.649919, -91.6808), (18.645725, 31.161211, -97.446), (18.645725, 13.649919, -97.446), (18.645725, 31.161211, -53.790676), (18.645725, 31.161211, -88.43245), (18.645725, 13.649919, -53.790676), (18.645725, 13.649919, -88.43245), (-18.645725, 1.551105, -100), (-18.645725, 32.785393, -100), (-11.871112, 32.785503, -104.47391), (-18.645725, 1.551105, -13.682545), (-11.871112, 1.551105, -13.682545), (-11.871112, 38.842556, -13.682545), (-18.645725, 32.785393, -13.682545), (-11.871112, 1.551105, -107.36571), (-18.645725, 1.551105, -38.297607), (-11.871112, 1.551105, -38.297607), (-11.871112, 38.842556, -38.297607), (-11.871112, 38.842556, -100), (-18.645725, 32.785393, -38.297607), (-18.645725, 1.551105, -52.166496), (-18.645725, 32.785393, -52.166496), (-18.645725, 13.181512, -52.166496), (-11.871112, 1.551105, -52.166496), (-18.645725, 30.360783, -16.107155), (-11.871112, 38.842556, -52.166496), (-18.645725, 13.181512, -42.00382), (-18.645725, 1.551105, -42.00382), (-11.871112, 1.551105, -42.00382), (-18.645725, 30.360783, -35.872997), (-11.871112, 38.842556, -42.00382), (-18.645725, 32.785393, -42.00382), (-18.645725, 30.360783, -25.990076), (-18.645725, 32.785393, -25.990076), (-16.439514, 3.757316, -52.166496), (-16.439514, 31.7985, -52.166496), (-16.439514, 13.181512, -52.166496), (-11.871112, 38.842556, -25.990076), (-11.871112, 3.757316, -52.166496), (-11.871112, 1.551105, -25.990076), (-18.645725, 1.551105, -25.990076), (-11.028646, 36.636345, -52.166496), (-16.439514, 13.181512, -42.00382), (-16.439514, 3.757316, -42.00382), (-11.871112, 3.757316, -42.00382), (-18.645725, 16.849699, -17.250357), (-18.645725, 29.221525, -17.250357), (-11.028646, 36.636345, -42.00382), (-16.439514, 31.7985, -42.00382), (-18.645725, 29.221525, -24.846872), (-18.645725, 16.849699, -34.729794), (-18.645725, 29.221525, -34.729794), (-18.645725, 16.849699, -27.13328), (-18.645725, 29.221525, -27.13328), (-18.645725, 15.708465, -13.075464), (-18.645725, 30.258438, -13.075464), (-18.645725, 1.551105, -90.056625), (-18.645725, 32.785393, -90.056625), (-11.871112, 1.551105, -90.056625), (-11.871112, 38.842556, -90.056625), (-11.871112, 38.842556, -104.21368), (-18.645725, 9.908386, -52.166496), (-18.645725, 9.908386, -42.00382), (-16.439514, 10.529276, -52.166496), (-16.439514, 10.529276, -42.00382), (-6.393768, 38.842556, -57.64384), (-6.393768, 38.842556, -84.579285), (-12.574223, 38.213905, -100), (-11.871112, 38.213905, -100.46434), (-11.871112, 38.213905, -104.240685), (-12.574223, 38.213905, -13.682545), (-12.574223, 38.213905, -38.297607), (-12.574223, 38.213905, -52.166496), (-11.631055, 38.213905, -52.166496), (-12.574223, 38.213905, -42.00382), (-11.631055, 38.213905, -42.00382), (-12.574223, 38.213905, -25.990076), (-12.574223, 38.213905, -90.056625), (-18.201681, 33.182407, -100), (-11.871112, 33.182407, -104.18075), (-11.871112, 33.182407, -104.456856), (-18.201681, 33.182407, -13.682545), (-18.201681, 33.182407, -38.297607), (-18.201681, 33.182407, -52.166496), (-18.201681, 33.182407, -42.00382), (-18.201681, 33.182407, -25.990076), (-14.891688, 33.182407, -52.166496), (-14.891688, 33.182407, -42.00382), (-18.201681, 33.182407, -90.056625), (-18.645725, 13.649919, -13.682545), (-18.645725, 13.649919, -100), (-11.871112, 13.987983, -109.969086), (-18.645725, 13.649919, -38.297607), (-18.645725, 13.649919, -16.107155), (-18.645725, 13.649919, -52.166496), (-18.645725, 13.649919, -42.00382), (-18.645725, 13.649919, -35.872997), (-18.645725, 13.649919, -25.990076), (-16.439514, 13.649919, -52.166496), (-16.439514, 13.649919, -42.00382), (-18.645725, 13.649919, -90.056625), (-18.645725, 8.947945, -52.166496), (-18.645725, 8.947945, -42.00382), (-16.439514, 8.947945, -52.166496), (-16.439514, 8.947945, -42.00382), (-18.645725, 1.551105, -99.07018), (-18.645725, 32.785393, -99.07018), (-11.871112, 1.551105, -105.747116), (-11.871112, 38.842556, -99.07018), (-12.574223, 38.213905, -99.07018), (-18.201681, 33.182407, -99.07018), (-18.645725, 13.649919, -99.07018), (-12.464226, 1.551105, -106.72085), (-12.464226, 32.785496, -104.08222), (-12.464226, 1.551105, -13.682545), (-12.464226, 1.551105, -38.297607), (-12.464226, 1.551105, -52.166496), (-12.464226, 1.551105, -42.00382), (-12.271073, 3.757316, -52.166496), (-12.464226, 1.551105, -25.990076), (-12.271073, 3.757316, -42.00382), (-12.464226, 1.551105, -90.056625), (-12.42535, 33.182407, -103.81472), (-12.464226, 13.958386, -109.0963), (-12.464226, 1.551105, -105.16255), (-17.602352, 28.334835, -101.248), (-17.428204, 15.290708, -101.08514), (-13.523207, 28.377073, -103.97987), (-13.698691, 15.548376, -107.56633), (-10.246932, 31.226559, -104.92964), (-1.62418, 31.22648, -104.92964), (-10.246932, 15.501347, -109.52667), (-1.62418, 15.25579, -109.59846), (-18.645725, 31.161211, -91.6808), (-18.645725, 13.649919, -91.6808), (-18.645725, 31.161211, -97.446), (-18.645725, 13.649919, -97.446), (-18.645725, 31.161211, -53.790676), (-18.645725, 31.161211, -88.43245), (-18.645725, 13.649919, -53.790676), (-18.645725, 13.649919, -88.43245), (-18.645725, 30.360783, -25.990076), (-18.645725, 16.849699, -24.846872), (-18.645725, 29.221525, -24.846872), (-18.645725, 13.649919, -25.990076), (18.645725, 1.551105, -52.166496), (18.645725, 1.551105, -90.056625), (12.464226, 1.551105, -52.166496), (12.464226, 1.551105, -90.056625)]
            texCoord2f[] primvars:st = [(0.606089, 0.27307), (0.584427, 0.273166), (0.608175, 0.273654), (0.615529, 0.275713), (0.617585, 0.276289), (0.58326, 0.276616), (0.619636, 0.276863), (0.571488, 0.278582), (0.573855, 0.280518), (0.570405, 0.282122), (0.559224, 0.284961), (0.55974, 0.285494), (0.561491, 0.286724), (0.661897, 0.288695), (0.560465, 0.2891), (0.663812, 0.289231), (0.565023, 0.290945), (0.566196, 0.291248), (0.56824, 0.291777), (0.564916, 0.292578), (0.575447, 0.29364), (0.577464, 0.294161), (0.682707, 0.294521), (0.579474, 0.294681), (0.693896, 0.297653), (0.693896, 0.297653), (0.684147, 0.299805), (0.704887, 0.30073), (0.707554, 0.301477), (0.692753, 0.302181), (0.608641, 0.302218), (0.69532, 0.302889), (0.589587, 0.303805), (0.616023, 0.304126), (0.606589, 0.304342), (0.708316, 0.304769), (0.604895, 0.304896), (0.620146, 0.305192), (0.606097, 0.305203), (0.703773, 0.305223), (0.620983, 0.305411), (0.592007, 0.305741), (0.622866, 0.305898), (0.593486, 0.306347), (0.592038, 0.306395), (0.592397, 0.306486), (0.618134, 0.307304), (0.580212, 0.307805), (0.617641, 0.308156), (0.576737, 0.309287), (0.736868, 0.309684), (0.565437, 0.3104), (0.641469, 0.310707), (0.579089, 0.311203), (0.579119, 0.311848), (0.73634, 0.312545), (0.564731, 0.312983), (0.567658, 0.313161), (0.652498, 0.313558), (0.592433, 0.314705), (0.598713, 0.31574), (0.642855, 0.315742), (0.592482, 0.315745), (0.597332, 0.315911), (0.599913, 0.316036), (0.662563, 0.316158), (0.663339, 0.316361), (0.566582, 0.316494), (0.56647, 0.316874), (0.597947, 0.317085), (0.56661, 0.317128), (0.566964, 0.317213), (0.599146, 0.317379), (0.566859, 0.317568), (0.651337, 0.317905), (0.653868, 0.31855), (0.611436, 0.318876), (0.684672, 0.318892), (0.568521, 0.319014), (0.664548, 0.319209), (0.664049, 0.320025), (0.579495, 0.320029), (0.610666, 0.320205), (0.683412, 0.320316), (0.775799, 0.320584), (0.662207, 0.320675), (0.575755, 0.32074), (0.565316, 0.320786), (0.338293, 0.320888), (0.340737, 0.320888), (0.360655, 0.320888), (0.363098, 0.320888), (0.390674, 0.320888), (0.393117, 0.320888), (0.413035, 0.320888), (0.415478, 0.320888), (0.777387, 0.321028), (0.579542, 0.321053), (0.566494, 0.321065), (0.693299, 0.321143), (0.565776, 0.321219), (0.566955, 0.321497), (0.579798, 0.321705), (0.695872, 0.321814), (0.695872, 0.321814), (0.58497, 0.32235), (0.586162, 0.322635), (0.675945, 0.323068), (0.694637, 0.323229), (0.694637, 0.323229), (0.577809, 0.323744), (0.704345, 0.324025), (0.680228, 0.324163), (0.578273, 0.324175), (0.611474, 0.324278), (0.69744, 0.325176), (0.566968, 0.325185), (0.597609, 0.325372), (0.705663, 0.32609), (0.567012, 0.326192), (0.571801, 0.326315), (0.571662, 0.326751), (0.709001, 0.326802), (0.60447, 0.327012), (0.572845, 0.327028), (0.572404, 0.327449), (0.706378, 0.327487), (0.706555, 0.327533), (0.573588, 0.327725), (0.694244, 0.327748), (0.707538, 0.327787), (0.706407, 0.328431), (0.584212, 0.329682), (0.597585, 0.329699), (0.69875, 0.32999), (0.810238, 0.330226), (0.657772, 0.330296), (0.717472, 0.330355), (0.584961, 0.330376), (0.708453, 0.330472), (0.723213, 0.330492), (0.811732, 0.330644), (0.813223, 0.331061), (0.70795, 0.331254), (0.656993, 0.33157), (0.621458, 0.331645), (0.818451, 0.331888), (0.706516, 0.331969), (0.644316, 0.332239), (0.819924, 0.332301), (0.818482, 0.332534), (0.708834, 0.33256), (0.819955, 0.332946), (0.820796, 0.333181), (0.669653, 0.333224), (0.643244, 0.333989), (0.737099, 0.334097), (0.673931, 0.334278), (0.723339, 0.33429), (0.668872, 0.334484), (0.733503, 0.334499), (0.716474, 0.334507), (0.623393, 0.334537), (0.637212, 0.334839), (0.735078, 0.334906), (0.623872, 0.33496), (0.722836, 0.335061), (0.64199, 0.335365), (0.673149, 0.335533), (0.651747, 0.336036), (0.820435, 0.336146), (0.643674, 0.336384), (0.654284, 0.336647), (0.630225, 0.337396), (0.340737, 0.337728), (0.350696, 0.337728), (0.360655, 0.337728), (0.393117, 0.337728), (0.403076, 0.337728), (0.413035, 0.337728), (0.687931, 0.337729), (0.635584, 0.33773), (0.653055, 0.338015), (0.737869, 0.338017), (0.821665, 0.338064), (0.821747, 0.338525), (0.662642, 0.33866), (0.639804, 0.338728), (0.737365, 0.338777), (0.687148, 0.338967), (0.655494, 0.339209), (0.821857, 0.339419), (0.338293, 0.340171), (0.350696, 0.340171), (0.363098, 0.340171), (0.390674, 0.340171), (0.403076, 0.340171), (0.415478, 0.340171), (0.659751, 0.340227), (0.629987, 0.340369), (0.663931, 0.34062), (0.819548, 0.341031), (0.630758, 0.341052), (0.701624, 0.341104), (0.653622, 0.341996), (0.750139, 0.342044), (0.808069, 0.342178), (0.700839, 0.342326), (0.641741, 0.343114), (0.767711, 0.343342), (0.673686, 0.343558), (0.80961, 0.343667), (0.769197, 0.343726), (0.642517, 0.343793), (0.645975, 0.344102), (0.77068, 0.34411), (0.805897, 0.344763), (0.716498, 0.344769), (0.646753, 0.34478), (0.667148, 0.345196), (0.762643, 0.345243), (0.775912, 0.345462), (0.777378, 0.345841), (0.715711, 0.345974), (0.778215, 0.346058), (0.778422, 0.346109), (0.766357, 0.346193), (0.793182, 0.346535), (0.794618, 0.346581), (0.68732, 0.346817), (0.659838, 0.347339), (0.699267, 0.347481), (0.796124, 0.347945), (0.660622, 0.348013), (0.776926, 0.348036), (0.780616, 0.348077), (0.731017, 0.348348), (0.681853, 0.348674), (0.790543, 0.348689), (0.77642, 0.348767), (0.698135, 0.348813), (0.70705, 0.349355), (0.730229, 0.349536), (0.709373, 0.349914), (0.702134, 0.350358), (0.673407, 0.350507), (0.674196, 0.351177), (0.708262, 0.351239), (0.743784, 0.351494), (0.717029, 0.351758), (0.696221, 0.352072), (0.742995, 0.352667), (0.718224, 0.353625), (0.716601, 0.353817), (0.688155, 0.353951), (0.821644, 0.354093), (0.756283, 0.354575), (0.68895, 0.354616), (0.811362, 0.354624), (0.708866, 0.355063), (0.814355, 0.355398), (0.759995, 0.35549), (0.755493, 0.355733), (0.819267, 0.356155), (0.759206, 0.356644), (0.819627, 0.356761), (0.729326, 0.356859), (0.812965, 0.35728), (0.702563, 0.357315), (0.770056, 0.35797), (0.703362, 0.357975), (0.81246, 0.357984), (0.721255, 0.357993), (0.724937, 0.358864), (0.735918, 0.358957), (0.769266, 0.359112), (0.821211, 0.359396), (0.822054, 0.359612), (0.741788, 0.359838), (0.820705, 0.360093), (0.715241, 0.360275), (0.821549, 0.360309), (0.745491, 0.360723), (0.734416, 0.360822), (0.716044, 0.360932), (0.73492, 0.361225), (0.816445, 0.361352), (0.768224, 0.362272), (0.818394, 0.362576), (0.818046, 0.362857), (0.818132, 0.363073), (0.755526, 0.363122), (0.72766, 0.363175), (0.817808, 0.363335), (0.818057, 0.363397), (0.728467, 0.363827), (0.731351, 0.364036), (0.80642, 0.364121), (0.760865, 0.364398), (0.732159, 0.364688), (0.788262, 0.364852), (0.802694, 0.36515), (0.78129, 0.365468), (0.741355, 0.366372), (0.753616, 0.366492), (0.804239, 0.366645), (0.768641, 0.366765), (0.806094, 0.366852), (0.742166, 0.367021), (0.804248, 0.367178), (0.771618, 0.367476), (0.792934, 0.367846), (0.805304, 0.367953), (0.793817, 0.368475), (0.776864, 0.368727), (0.814341, 0.368884), (0.815185, 0.369092), (0.770218, 0.369299), (0.814775, 0.369419), (0.770727, 0.369695), (0.813551, 0.369976), (0.814394, 0.370183), (0.818187, 0.370259), (0.790798, 0.370332), (0.789784, 0.37043), (0.78643, 0.37051), (0.790557, 0.3708), (0.790805, 0.370859), (0.78961, 0.37089), (0.818203, 0.371117), (0.778422, 0.371241), (0.779262, 0.37144), (0.778933, 0.371635), (0.791493, 0.37172), (0.779773, 0.371834), (0.779151, 0.372514), (0.821073, 0.37266), (0.803733, 0.372712), (0.660875, 0.37314), (0.64365, 0.373192), (0.799728, 0.373688), (0.80057, 0.37389), (0.80436, 0.373952), (0.817944, 0.374156), (0.800785, 0.374207), (0.817647, 0.374297), (0.800506, 0.374348), (0.659415, 0.374627), (0.64237, 0.374677), (0.777233, 0.374749), (0.659277, 0.374767), (0.804374, 0.374799), (0.642248, 0.374818), (0.778052, 0.375386), (0.785452, 0.376668), (0.787498, 0.376751), (0.786293, 0.376864), (0.819967, 0.376917), (0.802691, 0.376967), (0.811829, 0.37708), (0.795024, 0.377128), (0.786273, 0.377302), (0.66036, 0.377382), (0.643199, 0.377432), (0.787115, 0.377498), (0.656563, 0.377531), (0.7909, 0.377547), (0.639867, 0.37758), (0.817866, 0.377895), (0.800712, 0.377945), (0.817666, 0.377989), (0.800523, 0.378038), (0.659379, 0.378354), (0.790912, 0.378383), (0.642339, 0.378403), (0.659286, 0.378446), (0.642257, 0.378496), (0.806234, 0.379755), (0.789753, 0.379802), (0.80596, 0.379886), (0.789495, 0.379933), (0.653952, 0.38019), (0.637576, 0.380236), (0.653824, 0.38032), (0.637464, 0.380366), (0.811847, 0.380699), (0.795041, 0.380746), (0.656572, 0.381139), (0.639875, 0.381186), (0.803136, 0.381236), (0.786834, 0.381282), (0.652506, 0.381662), (0.636307, 0.381707), (0.806251, 0.383305), (0.789769, 0.383351), (0.806066, 0.383391), (0.789595, 0.383437), (0.653961, 0.383728), (0.637584, 0.383774), (0.653874, 0.383814), (0.637508, 0.383859), (0.804154, 0.384281), (0.787794, 0.384326), (0.652982, 0.384699), (0.636725, 0.384743), (0.821136, 0.385178), (0.803793, 0.385226), (0.660907, 0.385618), (0.643679, 0.385665), (0.820011, 0.385669), (0.802733, 0.385717), (0.660382, 0.386105), (0.643219, 0.386152), (0.821144, 0.386804), (0.803801, 0.386851), (0.660911, 0.387238), (0.643683, 0.387285), (0.820025, 0.388336), (0.802746, 0.388383), (0.660389, 0.388763), (0.643225, 0.388809), (0.821173, 0.392346), (0.803827, 0.392391), (0.804194, 0.392574), (0.787832, 0.392616), (0.660925, 0.392761), (0.643695, 0.392806), (0.820048, 0.39281), (0.802767, 0.392855), (0.653002, 0.392965), (0.636743, 0.393007), (0.803192, 0.393011), (0.786888, 0.393053), (0.821177, 0.393139), (0.803831, 0.393184), (0.6604, 0.393222), (0.643235, 0.393266), (0.652535, 0.393399), (0.636333, 0.393441), (0.660927, 0.393551), (0.643697, 0.393596), (0.820052, 0.3936), (0.802771, 0.393645), (0.660402, 0.39401), (0.643237, 0.394054), (0.803199, 0.39454), (0.786895, 0.394582), (0.652538, 0.394924), (0.636336, 0.394965), (0.804206, 0.3951), (0.787843, 0.395142), (0.653008, 0.395483), (0.636748, 0.395525), (0.804226, 0.399338), (0.787862, 0.399379), (0.653019, 0.399708), (0.636758, 0.399748), (0.803224, 0.399752), (0.786918, 0.399792), (0.80423, 0.400087), (0.652551, 0.400119), (0.787866, 0.400127), (0.636347, 0.400159), (0.653021, 0.400455), (0.636759, 0.400494), (0.803228, 0.400498), (0.786922, 0.400537), (0.652553, 0.400863), (0.636349, 0.400902), (0.551473, 0.402591), (0.553185, 0.402613), (0.569741, 0.40282), (0.537336, 0.403674), (0.638657, 0.403681), (0.54018, 0.403709), (0.535994, 0.403777), (0.538946, 0.403813), (0.656955, 0.40391), (0.663609, 0.403993), (0.567654, 0.404049), (0.567456, 0.404165), (0.685632, 0.404268), (0.707542, 0.404542), (0.731769, 0.404845), (0.635812, 0.404891), (0.635543, 0.405005), (0.653912, 0.405114), (0.755859, 0.405146), (0.660493, 0.405196), (0.653623, 0.405228), (0.660198, 0.40531), (0.777413, 0.405415), (0.682278, 0.405465), (0.68196, 0.405578), (0.798857, 0.405683), (0.703953, 0.405733), (0.805293, 0.405764), (0.703613, 0.405845), (0.822892, 0.405984), (0.727921, 0.406029), (0.532781, 0.406072), (0.535671, 0.406107), (0.727556, 0.406141), (0.751755, 0.406323), (0.751366, 0.406435), (0.563586, 0.406444), (0.77308, 0.406587), (0.772669, 0.406698), (0.887866, 0.406796), (0.887866, 0.406796), (0.794299, 0.406849), (0.800668, 0.406927), (0.793867, 0.406959), (0.903175, 0.406987), (0.904751, 0.407007), (0.800229, 0.407038), (0.818083, 0.407142), (0.818083, 0.407142), (0.630266, 0.407249), (0.817627, 0.407252), (0.647977, 0.407463), (0.654418, 0.407541), (0.675738, 0.407798), (0.882384, 0.407937), (0.882384, 0.407937), (0.881864, 0.408045), (0.696953, 0.408054), (0.907747, 0.40825), (0.529702, 0.408272), (0.910355, 0.408282), (0.532532, 0.408305), (0.720415, 0.408338), (0.90818, 0.40837), (0.530678, 0.408393), (0.910886, 0.408403), (0.5334, 0.408425), (0.743749, 0.408619), (0.559877, 0.408628), (0.559695, 0.408735), (0.764629, 0.408871), (0.785407, 0.409122), (0.791644, 0.409197), (0.625208, 0.4094), (0.808699, 0.409403), (0.624961, 0.409506), (0.642564, 0.409606), (0.540719, 0.409635), (0.542322, 0.409654), (0.648876, 0.40968), (0.642299, 0.40971), (0.648605, 0.409785), (0.557828, 0.409835), (0.669772, 0.409927), (0.66948, 0.410031), (0.871687, 0.410164), (0.690566, 0.410173), (0.690254, 0.410276), (0.713566, 0.410444), (0.897497, 0.410475), (0.90015, 0.410507), (0.713231, 0.410547), (0.622414, 0.410589), (0.736442, 0.410715), (0.644716, 0.410742), (0.639574, 0.410789), (0.736085, 0.410817), (0.645815, 0.410862), (0.756915, 0.410957), (0.756538, 0.411059), (0.666475, 0.411103), (0.77729, 0.411197), (0.783407, 0.41127), (0.776893, 0.411299), (0.687037, 0.411343), (0.783004, 0.411371), (0.800133, 0.411467), (0.799714, 0.411568), (0.709781, 0.411609), (0.732404, 0.411873), (0.752652, 0.412109), (0.861919, 0.412197), (0.861441, 0.412297), (0.772804, 0.412344), (0.778854, 0.412415), (0.887241, 0.412497), (0.889844, 0.412527), (0.885799, 0.412584), (0.795398, 0.412608), (0.888304, 0.412614), (0.856518, 0.413322), (0.870927, 0.41349), (0.872411, 0.413507), (0.645886, 0.41388), (0.688455, 0.414183), (0.687737, 0.417153), (0.820207, 0.42423), (0.802918, 0.424263), (0.66048, 0.424538), (0.643306, 0.424571), (0.821341, 0.425556), (0.803987, 0.425589), (0.661009, 0.425861), (0.643771, 0.425893), (0.821117, 0.426297), (0.803776, 0.42633), (0.660905, 0.426599), (0.643679, 0.426631), (0.819433, 0.426802), (0.802189, 0.426835), (0.660119, 0.427101), (0.64299, 0.427133), (0.80437, 0.429104), (0.787998, 0.429134), (0.653091, 0.429381), (0.636822, 0.42941), (0.803374, 0.430986), (0.78706, 0.431015), (0.805088, 0.431106), (0.788675, 0.431135), (0.652626, 0.431255), (0.636415, 0.431284), (0.653426, 0.431376), (0.637117, 0.431405), (0.803578, 0.431559), (0.787253, 0.431588), (0.652722, 0.431826), (0.636498, 0.431855), (0.817521, 0.433165), (0.800388, 0.433195), (0.659228, 0.433441), (0.642208, 0.43347), (0.812113, 0.434682), (0.795293, 0.434711), (0.656705, 0.434948), (0.639994, 0.434976), (0.818308, 0.435595), (0.80113, 0.435624), (0.817835, 0.435724), (0.647261, 0.435746), (0.800684, 0.435753), (0.659596, 0.435863), (0.642531, 0.435892), (0.659375, 0.435991), (0.642337, 0.43602), (0.806898, 0.436145), (0.79038, 0.436173), (0.654272, 0.436401), (0.637859, 0.436429), (0.817961, 0.436745), (0.800802, 0.436773), (0.659434, 0.437009), (0.642389, 0.437037), (0.812126, 0.437275), (0.795305, 0.437302), (0.668447, 0.437331), (0.656712, 0.437532), (0.64, 0.437559), (0.812131, 0.438308), (0.79531, 0.438335), (0.656714, 0.438562), (0.640002, 0.438589), (0.806631, 0.438767), (0.790128, 0.438794), (0.806194, 0.438886), (0.689493, 0.438905), (0.789717, 0.438913), (0.654148, 0.439015), (0.63775, 0.439042), (0.653944, 0.439133), (0.637571, 0.439159), (0.646514, 0.439512), (0.806524, 0.439811), (0.790028, 0.439837), (0.654098, 0.440055), (0.637707, 0.440081), (0.668723, 0.44116), (0.690777, 0.442796), (0.17609, 0.634892), (0.177968, 0.634915), (0.197468, 0.635158), (0.198903, 0.6354), (0.156678, 0.640939), (0.157568, 0.641253), (0.166758, 0.643713), (0.168166, 0.643937), (0.166671, 0.644469), (0.168079, 0.644692), (0.281551, 0.64932), (0.286573, 0.650165), (0.289837, 0.650715), (0.315833, 0.655094), (0.318949, 0.655618), (0.249373, 0.657537), (0.254325, 0.65832), (0.257545, 0.658828), (0.270505, 0.660876), (0.353061, 0.661364), (0.355993, 0.661858), (0.28321, 0.662884), (0.258655, 0.663921), (0.268637, 0.66546), (0.379374, 0.665796), (0.271611, 0.665919), (0.38218, 0.666268), (0.386443, 0.666986), (0.281396, 0.667428), (0.194059, 0.667602), (0.195514, 0.667811), (0.182335, 0.668075), (0.181213, 0.66812), (0.193602, 0.668382), (0.195058, 0.668591), (0.181165, 0.668803), (0.182649, 0.668823), (0.181601, 0.668865), (0.20946, 0.669823), (0.209005, 0.670595), (0.171262, 0.670753), (0.171213, 0.671427), (0.348896, 0.673263), (0.161575, 0.673316), (0.161707, 0.673525), (0.353126, 0.673931), (0.161525, 0.673982), (0.161955, 0.67404), (0.162078, 0.674235), (0.163068, 0.675682), (0.164496, 0.675875), (0.163347, 0.676245), (0.164775, 0.676438), (0.287916, 0.677214), (0.448391, 0.67742), (0.449347, 0.677581), (0.17818, 0.677726), (0.265096, 0.677848), (0.178466, 0.678284), (0.264645, 0.678585), (0.301188, 0.679169), (0.279246, 0.679889), (0.45285, 0.680607), (0.278796, 0.680618), (0.28433, 0.680622), (0.453181, 0.680893), (0.314185, 0.681084), (0.283881, 0.681348), (0.257086, 0.68284), (0.300926, 0.683016), (0.414708, 0.683662), (0.300479, 0.683732), (0.415659, 0.683813), (0.267145, 0.684244), (0.255412, 0.684384), (0.270142, 0.684662), (0.430308, 0.684696), (0.43171, 0.68478), (0.232886, 0.685125), (0.317096, 0.685348), (0.233197, 0.685666), (0.417771, 0.685997), (0.28, 0.686037), (0.31665, 0.686054), (0.268507, 0.686193), (0.427624, 0.686782), (0.246829, 0.687011), (0.354748, 0.68706), (0.247147, 0.687547), (0.251841, 0.687689), (0.334592, 0.687872), (0.281342, 0.687966), (0.252161, 0.688224), (0.334148, 0.688567), (0.366668, 0.688816), (0.268215, 0.689903), (0.351601, 0.690325), (0.268542, 0.690433), (0.378354, 0.690537), (0.351159, 0.69101), (0.284183, 0.692063), (0.366502, 0.692474), (0.284516, 0.692587), (0.366062, 0.693151), (0.301478, 0.694402), (0.38104, 0.694571), (0.301818, 0.694921), (0.385349, 0.695193), (0.380602, 0.695239), (0.384911, 0.695858), (0.31831, 0.696678), (0.397004, 0.696874), (0.318656, 0.697192), (0.396568, 0.697532), (0.33307, 0.698675), (0.333421, 0.699183), (0.347483, 0.700624), (0.347839, 0.701128), (0.351758, 0.701202), (0.352115, 0.701705), (0.363324, 0.702766), (0.438489, 0.702858), (0.363685, 0.703265), (0.438059, 0.703491), (0.423699, 0.703564), (0.417293, 0.703702), (0.447925, 0.704219), (0.44889, 0.704358), (0.447497, 0.704846), (0.448462, 0.704985), (0.447308, 0.705878), (0.447158, 0.706022), (0.446987, 0.7064), (0.446847, 0.706534), (0.447131, 0.706575), (0.436222, 0.707741), (0.436193, 0.708288), (0.404563, 0.708344), (0.404936, 0.708829), (0.425522, 0.709423), (0.424592, 0.709451), (0.413958, 0.709615), (0.414918, 0.709744), (0.425207, 0.709926), (0.424338, 0.709952), (0.425491, 0.709964), (0.414333, 0.710096), (0.415294, 0.710226)] (
                interpolation = "faceVarying"
            )
            int[] primvars:st:indices = [355, 356, 364, 308, 304, 335, 353, 308, 291, 298, 304, 361, 353, 333, 340, 480, 505, 518, 485, 472, 475, 476, 474, 680, 707, 706, 679, 270, 253, 266, 284, 711, 710, 706, 707, 495, 499, 483, 482, 488, 478, 477, 486, 268, 250, 237, 254, 760, 748, 746, 756, 497, 526, 531, 502, 489, 520, 521, 490, 416, 420, 436, 426, 415, 425, 435, 419, 640, 650, 642, 641, 643, 651, 490, 521, 522, 493, 352, 367, 388, 376, 688, 741, 738, 687, 439, 443, 435, 425, 440, 444, 598, 602, 295, 278, 282, 299, 488, 492, 481, 478, 292, 295, 299, 296, 642, 650, 659, 655, 756, 746, 737, 743, 347, 338, 362, 372, 348, 352, 376, 374, 688, 689, 730, 741, 284, 266, 278, 295, 259, 280, 292, 272, 493, 522, 526, 497, 492, 495, 482, 481, 746, 741, 730, 737, 247, 241, 231, 240, 126, 131, 127, 252, 249, 243, 247, 479, 484, 473, 471, 670, 638, 654, 675, 349, 303, 308, 353, 373, 351, 342, 366, 714, 712, 709, 351, 373, 364, 341, 253, 270, 257, 244, 365, 350, 375, 387, 656, 643, 630, 634, 501, 505, 480, 476, 408, 339, 363, 412, 419, 411, 407, 415, 333, 353, 335, 325, 328, 334, 356, 354, 361, 364, 356, 254, 257, 270, 268, 268, 270, 284, 280, 629, 609, 605, 640, 642, 629, 640, 606, 610, 630, 641, 641, 630, 643, 296, 273, 272, 292, 655, 633, 629, 642, 280, 284, 295, 292, 716, 715, 734, 736, 342, 309, 327, 366, 355, 364, 373, 366, 656, 660, 651, 643, 332, 319, 349, 354, 760, 756, 767, 770, 250, 268, 280, 259, 744, 741, 746, 748, 326, 355, 366, 327, 713, 708, 706, 710, 609, 597, 601, 605, 606, 602, 598, 610, 740, 738, 741, 744, 285, 303, 349, 319, 718, 717, 709, 712, 439, 601, 597, 443, 440, 426, 436, 444, 691, 756, 743, 690, 115, 240, 231, 134, 241, 247, 130, 147, 130, 247, 243, 151, 249, 252, 137, 161, 592, 638, 670, 563, 412, 420, 416, 408, 411, 362, 338, 407, 340, 341, 364, 361, 474, 479, 471, 470, 707, 715, 716, 711, 476, 475, 500, 501, 354, 349, 353, 361, 354, 356, 334, 332, 356, 355, 326, 328, 708, 709, 677, 678, 474, 470, 469, 472, 495, 497, 502, 499, 486, 489, 490, 488, 488, 490, 493, 492, 372, 375, 350, 347, 374, 363, 339, 348, 492, 493, 497, 495, 479, 480, 485, 484, 713, 714, 709, 708, 474, 476, 480, 479, 324, 300, 302, 331, 227, 238, 300, 324, 224, 235, 238, 227, 331, 302, 235, 224, 228, 232, 216, 206, 323, 311, 232, 228, 305, 301, 311, 323, 206, 216, 301, 305, 222, 221, 314, 330, 317, 310, 215, 212, 330, 314, 310, 317, 283, 274, 164, 160, 317, 306, 274, 283, 212, 209, 306, 317, 316, 318, 321, 313, 287, 275, 312, 298, 291, 275, 287, 333, 312, 320, 340, 518, 505, 537, 542, 530, 528, 533, 535, 726, 727, 686, 685, 266, 253, 242, 251, 726, 728, 729, 727, 577, 560, 556, 573, 564, 566, 550, 549, 166, 188, 236, 217, 772, 774, 779, 777, 531, 526, 555, 557, 521, 520, 545, 548, 456, 452, 448, 462, 455, 460, 447, 451, 673, 668, 666, 667, 669, 674, 522, 521, 548, 552, 388, 367, 382, 398, 763, 766, 693, 692, 455, 463, 467, 460, 614, 464, 468, 620, 282, 278, 262, 264, 569, 553, 550, 566, 264, 262, 256, 261, 659, 673, 666, 655, 175, 193, 194, 176, 403, 391, 383, 399, 398, 382, 384, 400, 174, 89, 88, 192, 278, 266, 251, 262, 256, 248, 205, 220, 526, 522, 552, 555, 573, 556, 553, 569, 174, 192, 193, 175, 759, 752, 761, 768, 750, 745, 751, 761, 561, 544, 538, 551, 140, 156, 183, 158, 275, 269, 307, 312, 342, 351, 329, 322, 723, 724, 720, 321, 329, 351, 341, 223, 242, 253, 244, 397, 381, 365, 387, 647, 667, 656, 634, 537, 505, 501, 530, 404, 392, 438, 430, 437, 429, 451, 447, 313, 312, 333, 325, 281, 290, 316, 321, 320, 315, 316, 242, 223, 217, 236, 251, 242, 236, 248, 625, 621, 646, 668, 646, 666, 668, 647, 622, 626, 669, 647, 669, 667, 220, 226, 261, 256, 646, 633, 655, 666, 262, 251, 248, 256, 755, 733, 735, 757, 294, 309, 342, 322, 329, 321, 318, 322, 674, 660, 656, 667, 307, 271, 279, 315, 781, 777, 779, 783, 248, 236, 188, 205, 772, 766, 769, 774, 322, 318, 293, 294, 726, 721, 725, 728, 619, 613, 621, 625, 614, 620, 626, 622, 766, 763, 765, 769, 307, 269, 239, 271, 720, 717, 718, 723, 683, 685, 686, 684, 613, 619, 467, 463, 456, 462, 468, 464, 176, 194, 91, 90, 759, 768, 698, 705, 695, 761, 752, 702, 750, 761, 695, 700, 694, 751, 745, 699, 183, 156, 55, 50, 448, 452, 430, 438, 391, 403, 429, 437, 321, 341, 340, 320, 551, 538, 535, 547, 735, 733, 727, 729, 500, 528, 530, 501, 312, 307, 315, 320, 281, 316, 315, 279, 293, 318, 316, 290, 681, 720, 721, 682, 546, 547, 535, 533, 557, 555, 556, 560, 548, 545, 549, 550, 552, 548, 550, 553, 381, 397, 399, 383, 392, 404, 400, 384, 555, 552, 553, 556, 542, 537, 538, 544, 720, 724, 725, 721, 537, 530, 535, 538, 255, 263, 288, 277, 263, 191, 184, 288, 191, 170, 153, 184, 170, 255, 277, 153, 211, 201, 185, 206, 201, 286, 289, 185, 286, 297, 305, 289, 297, 211, 206, 305, 265, 150, 152, 276, 142, 260, 267, 141, 260, 265, 276, 267, 150, 146, 149, 152, 96, 225, 234, 84, 225, 258, 267, 234, 258, 135, 141, 267, 121, 120, 125, 133, 173, 202, 138, 163, 171, 202, 173, 117, 138, 128, 106, 543, 554, 525, 519, 532, 534, 529, 527, 804, 803, 731, 732, 210, 229, 246, 233, 804, 806, 805, 803, 483, 499, 503, 487, 496, 494, 510, 511, 237, 219, 245, 254, 778, 780, 776, 773, 531, 536, 504, 502, 540, 541, 515, 512, 427, 417, 413, 421, 428, 422, 414, 418, 649, 636, 639, 637, 635, 648, 539, 540, 512, 507, 385, 359, 345, 370, 784, 782, 703, 704, 428, 442, 434, 422, 595, 441, 433, 599, 190, 198, 218, 213, 491, 506, 510, 494, 213, 218, 214, 208, 658, 649, 639, 653, 771, 778, 773, 764, 358, 337, 344, 369, 370, 345, 343, 368, 775, 701, 703, 782, 198, 210, 233, 218, 214, 230, 204, 187, 536, 539, 507, 504, 487, 503, 506, 491, 775, 782, 778, 771, 186, 172, 182, 200, 169, 155, 167, 182, 654, 664, 676, 675, 202, 199, 132, 138, 81, 97, 119, 116, 811, 810, 808, 125, 119, 97, 105, 257, 246, 229, 244, 371, 346, 360, 386, 627, 637, 652, 631, 525, 554, 558, 532, 357, 336, 405, 409, 406, 410, 418, 414, 133, 138, 117, 123, 100, 73, 121, 125, 128, 124, 121, 246, 257, 254, 245, 233, 246, 245, 230, 604, 608, 628, 636, 628, 639, 636, 627, 607, 603, 635, 627, 635, 637, 187, 181, 208, 214, 628, 632, 653, 639, 218, 233, 230, 214, 788, 798, 800, 790, 70, 54, 81, 116, 119, 125, 120, 116, 648, 657, 652, 637, 132, 113, 101, 124, 767, 773, 776, 770, 230, 245, 219, 204, 778, 782, 785, 780, 116, 120, 71, 70, 804, 807, 809, 806, 600, 596, 608, 604, 595, 599, 603, 607, 782, 784, 786, 785, 132, 199, 165, 113, 808, 812, 813, 811, 596, 600, 434, 442, 427, 421, 433, 441, 764, 773, 696, 697, 186, 200, 66, 85, 58, 182, 172, 75, 169, 182, 58, 74, 52, 167, 155, 61, 676, 664, 594, 593, 413, 417, 409, 405, 337, 358, 410, 406, 125, 105, 106, 128, 508, 523, 527, 513, 800, 798, 803, 805, 559, 534, 532, 558, 138, 132, 124, 128, 100, 121, 124, 101, 71, 120, 121, 73, 742, 808, 807, 739, 514, 513, 527, 529, 502, 504, 503, 499, 512, 515, 511, 510, 507, 512, 510, 506, 346, 371, 369, 344, 336, 357, 368, 343, 504, 507, 506, 503, 519, 525, 523, 516, 808, 810, 809, 807, 525, 532, 527, 523, 56, 51, 68, 87, 51, 14, 11, 68, 14, 19, 16, 11, 19, 56, 87, 16, 9, 12, 10, 7, 12, 57, 67, 10, 57, 49, 53, 67, 49, 9, 7, 53, 78, 18, 17, 98, 20, 86, 110, 21, 86, 78, 98, 110, 40, 145, 162, 42, 145, 102, 110, 162, 102, 23, 21, 110, 63, 60, 69, 144, 148, 114, 82, 144, 171, 163, 148, 72, 82, 117, 106, 580, 554, 543, 575, 588, 585, 584, 586, 747, 818, 819, 749, 207, 229, 210, 189, 823, 824, 819, 818, 565, 560, 577, 578, 572, 582, 583, 574, 203, 143, 166, 217, 789, 792, 791, 787, 562, 536, 531, 557, 571, 541, 540, 570, 445, 449, 453, 457, 446, 458, 454, 450, 665, 672, 662, 663, 661, 671, 570, 540, 539, 567, 377, 359, 385, 393, 719, 793, 795, 722, 466, 461, 454, 458, 465, 459, 611, 615, 168, 198, 190, 159, 572, 568, 579, 582, 157, 168, 159, 154, 662, 672, 658, 653, 195, 196, 178, 177, 380, 390, 402, 396, 379, 377, 393, 395, 95, 94, 179, 197, 189, 210, 198, 168, 129, 180, 157, 112, 567, 539, 536, 562, 568, 565, 578, 579, 196, 197, 179, 178, 108, 103, 111, 118, 83, 77, 99, 108, 581, 576, 587, 589, 139, 122, 140, 158, 76, 136, 144, 82, 62, 97, 81, 59, 820, 822, 816, 97, 62, 69, 105, 229, 207, 223, 244, 360, 378, 394, 386, 652, 661, 644, 631, 558, 554, 580, 584, 431, 389, 401, 423, 450, 424, 432, 446, 117, 82, 114, 123, 43, 36, 60, 64, 72, 69, 60, 217, 223, 207, 203, 203, 207, 189, 180, 645, 618, 624, 665, 662, 645, 665, 623, 617, 644, 663, 663, 644, 661, 154, 107, 112, 157, 653, 632, 645, 662, 180, 189, 168, 157, 815, 814, 797, 799, 81, 54, 44, 59, 63, 69, 62, 59, 652, 657, 671, 661, 38, 48, 76, 64, 789, 787, 781, 783, 143, 203, 180, 129, 794, 793, 791, 792, 45, 63, 59, 44, 821, 817, 819, 824, 618, 612, 616, 624, 623, 615, 611, 617, 796, 795, 793, 794, 80, 136, 76, 48, 813, 812, 816, 822, 466, 616, 612, 461, 465, 457, 453, 459, 92, 195, 177, 93, 27, 118, 111, 39, 24, 108, 99, 29, 77, 83, 22, 26, 35, 122, 139, 28, 423, 449, 445, 431, 424, 402, 390, 432, 106, 105, 69, 72, 586, 581, 589, 590, 818, 814, 815, 823, 584, 585, 559, 558, 64, 76, 82, 72, 64, 60, 36, 38, 60, 63, 45, 43, 817, 816, 754, 753, 586, 590, 591, 588, 565, 562, 557, 560, 574, 571, 570, 572, 572, 570, 567, 568, 396, 394, 378, 380, 395, 401, 389, 379, 568, 567, 562, 565, 581, 580, 575, 576, 821, 820, 816, 817, 586, 584, 580, 581, 817, 801, 802, 819, 753, 762, 801, 817, 749, 758, 762, 753, 819, 802, 758, 749, 1, 5, 8, 7, 41, 32, 5, 1, 53, 47, 32, 41, 7, 8, 47, 53, 0, 2, 30, 34, 46, 33, 3, 4, 34, 30, 33, 46, 79, 65, 13, 15, 46, 37, 65, 79, 4, 6, 37, 46, 104, 109, 25, 31, 498, 517, 524, 509]
            uniform token subdivisionScheme = "none"
        }
    }

    def Xform "node_398_Tram_001" (
        displayName = "1398 Tram.001"
    )
    {
        float3 xformOp:rotateXYZ = (-0.0000045177453, -0, 0)
        float3 xformOp:scale = (100, 100, 100)
        double3 xformOp:translate = (0, 0, 0)
        uniform token[] xformOpOrder = ["xformOp:translate", "xformOp:rotateXYZ", "xformOp:scale"]

        def Mesh "mesh_398_Tram_001" (
            prepend apiSchemas = ["MaterialBindingAPI"]
            displayName = "1398 Tram.001"
        )
        {
            float3[] extent = [(-19.262152, 22.183563, 100.651955), (19.262152, 33.267097, 106.969604)]
            int[] faceVertexCounts = [4, 4, 4, 4, 4, 4, 4, 4, 4, 4, 4, 4, 4, 4, 4, 4, 4, 4, 4, 4, 4, 4, 4, 4, 4, 4, 4, 4, 4, 4, 4, 4, 4, 4, 4, 4]
            int[] faceVertexIndices = [2, 3, 1, 0, 18, 19, 17, 16, 6, 7, 5, 4, 0, 1, 7, 6, 3, 5, 7, 1, 4, 2, 0, 6, 4, 10, 8, 2, 5, 11, 10, 4, 3, 9, 11, 5, 2, 8, 9, 3, 10, 14, 12, 8, 11, 15, 14, 10, 9, 13, 15, 11, 8, 12, 13, 9, 14, 18, 16, 12, 15, 19, 18, 14, 13, 17, 19, 15, 12, 16, 17, 13, 21, 23, 22, 20, 37, 39, 38, 36, 25, 27, 26, 24, 27, 21, 20, 26, 27, 25, 23, 21, 20, 22, 24, 26, 28, 30, 24, 22, 30, 31, 25, 24, 31, 29, 23, 25, 29, 28, 22, 23, 32, 34, 30, 28, 34, 35, 31, 30, 35, 33, 29, 31, 33, 32, 28, 29, 36, 38, 34, 32, 38, 39, 35, 34, 39, 37, 33, 35, 37, 36, 32, 33]
            rel material:binding = </World/Looks/Mat>
            normal3f[] normals = [(-0.70710677, 0, 0.70710677), (-0.70710677, 0, 0.70710677), (-0.70710677, 0, 0.70710677), (-0.70710677, 0, 0.70710677), (0, -1, 3.7336463e-7), (0, -1, 3.7336463e-7), (0, -1, 3.7336463e-7), (0, -1, 3.7336463e-7), (0.70710903, 0.0000015200527, -0.7071045), (0.70710903, 0.0000015200527, -0.7071045), (0.70710903, 0.0000015200527, -0.7071045), (0.70710903, 0.0000015200527, -0.7071045), (-0.7071077, 0, -0.7071059), (-0.7071077, 0, -0.7071059), (-0.7071077, 0, -0.7071059), (-0.7071077, 0, -0.7071059), (0.27805343, 0.9194413, 0.27805403), (0.27805343, 0.9194413, 0.27805403), (0.27805343, 0.9194413, 0.27805403), (0.27805343, 0.9194413, 0.27805403), (-0.0789616, -0.9937455, -0.0789616), (-0.0789616, -0.9937455, -0.0789616), (-0.0789616, -0.9937455, -0.0789616), (-0.0789616, -0.9937455, -0.0789616), (-0.6721053, 0.31072965, -0.67210233), (-0.6721053, 0.31072965, -0.67210233), (-0.6721053, 0.31072965, -0.67210233), (-0.6721053, 0.31072965, -0.67210233), (0.5401334, 0.64538085, -0.54012895), (0.5401334, 0.64538085, -0.54012895), (0.5401334, 0.64538085, -0.54012895), (0.5401334, 0.64538085, -0.54012895), (0.6721041, 0.31072992, 0.67210335), (0.6721041, 0.31072992, 0.67210335), (0.6721041, 0.31072992, 0.67210335), (0.6721041, 0.31072992, 0.67210335), (-0.5401305, 0.64538264, 0.54013), (-0.5401305, 0.64538264, 0.54013), (-0.5401305, 0.64538264, 0.54013), (-0.5401305, 0.64538264, 0.54013), (-0.70710737, 0, -0.7071062), (-0.70710737, 0, -0.7071062), (-0.70710737, 0, -0.7071062), (-0.70710737, 0, -0.7071062), (0.7071057, 0, -0.70710784), (0.7071057, 0, -0.70710784), (0.7071057, 0, -0.70710784), (0.7071057, 0, -0.70710784), (0.7071072, 0, 0.7071063), (0.7071072, 0, 0.7071063), (0.7071072, 0, 0.7071063), (0.7071072, 0, 0.7071063), (-0.707106, 0, 0.70710754), (-0.707106, 0, 0.70710754), (-0.707106, 0, 0.70710754), (-0.707106, 0, 0.70710754), (-0.70710665, -0.0000011351163, -0.7071069), (-0.70710665, -0.0000011351163, -0.7071069), (-0.70710665, -0.0000011351163, -0.7071069), (-0.70710665, -0.0000011351163, -0.7071069), (0.67250615, -0.30898082, -0.67250735), (0.67250615, -0.30898082, -0.67250735), (0.67250615, -0.30898082, -0.67250735), (0.67250615, -0.30898082, -0.67250735), (0.70710695, -1.1351168e-7, 0.7071066), (0.70710695, -1.1351168e-7, 0.7071066), (0.70710695, -1.1351168e-7, 0.7071066), (0.70710695, -1.1351168e-7, 0.7071066), (-0.67250645, -0.30898163, 0.6725068), (-0.67250645, -0.30898163, 0.6725068), (-0.67250645, -0.30898163, 0.6725068), (-0.67250645, -0.30898163, 0.6725068), (0.7071074, -6.080228e-7, 0.7071062), (0.7071074, -6.080228e-7, 0.7071062), (0.7071074, -6.080228e-7, 0.7071062), (0.7071074, -6.080228e-7, 0.7071062), (0, -1, 0), (0, -1, 0), (0, -1, 0), (0, -1, 0), (-0.7071086, 0.0000018240653, -0.707105), (-0.7071086, 0.0000018240653, -0.707105), (-0.7071086, 0.0000018240653, -0.707105), (-0.7071086, 0.0000018240653, -0.707105), (0.7071077, 0, -0.7071059), (0.7071077, 0, -0.7071059), (0.7071077, 0, -0.7071059), (0.7071077, 0, -0.7071059), (-0.27805346, 0.9194411, 0.27805462), (-0.27805346, 0.9194411, 0.27805462), (-0.27805346, 0.9194411, 0.27805462), (-0.27805346, 0.9194411, 0.27805462), (0.0789616, -0.9937455, -0.0789616), (0.0789616, -0.9937455, -0.0789616), (0.0789616, -0.9937455, -0.0789616), (0.0789616, -0.9937455, -0.0789616), (0.6721053, 0.31072965, -0.67210233), (0.6721053, 0.31072965, -0.67210233), (0.6721053, 0.31072965, -0.67210233), (0.6721053, 0.31072965, -0.67210233), (-0.5401333, 0.64538074, -0.5401293), (-0.5401333, 0.64538074, -0.5401293), (-0.5401333, 0.64538074, -0.5401293), (-0.5401333, 0.64538074, -0.5401293), (-0.67210454, 0.31072992, 0.67210305), (-0.67210454, 0.31072992, 0.67210305), (-0.67210454, 0.31072992, 0.67210305), (-0.67210454, 0.31072992, 0.67210305), (0.54013, 0.64538205, 0.540131), (0.54013, 0.64538205, 0.540131), (0.54013, 0.64538205, 0.540131), (0.54013, 0.64538205, 0.540131), (0.70710737, 0, -0.7071062), (0.70710737, 0, -0.7071062), (0.70710737, 0, -0.7071062), (0.70710737, 0, -0.7071062), (-0.7071057, 0, -0.70710784), (-0.7071057, 0, -0.70710784), (-0.7071057, 0, -0.70710784), (-0.7071057, 0, -0.70710784), (-0.7071072, 0, 0.7071063), (-0.7071072, 0, 0.7071063), (-0.7071072, 0, 0.7071063), (-0.7071072, 0, 0.7071063), (0.707106, 0, 0.70710754), (0.707106, 0, 0.70710754), (0.707106, 0, 0.70710754), (0.707106, 0, 0.70710754), (0.70710677, -9.080932e-7, -0.70710677), (0.70710677, -9.080932e-7, -0.70710677), (0.70710677, -9.080932e-7, -0.70710677), (0.70710677, -9.080932e-7, -0.70710677), (-0.67250615, -0.30898067, -0.6725075), (-0.67250615, -0.30898067, -0.6725075), (-0.67250615, -0.30898067, -0.6725075), (-0.67250615, -0.30898067, -0.6725075), (-0.70710677, 0, 0.70710677), (-0.70710677, 0, 0.70710677), (-0.70710677, 0, 0.70710677), (-0.70710677, 0, 0.70710677), (0.67250675, -0.3089809, 0.67250675), (0.67250675, -0.3089809, 0.67250675), (0.67250675, -0.3089809, 0.67250675), (0.67250675, -0.3089809, 0.67250675)] (
                interpolation = "faceVarying"
            )
            point3f[] points = [(12.944504, 31.255098, 102.07465), (12.944504, 33.267097, 102.07465), (16.132034, 30.748547, 105.262184), (17.10855, 30.748547, 106.2387), (17.554733, 30.748547, 103.839485), (18.531248, 30.748547, 104.816), (14.367202, 31.255098, 100.651955), (14.367202, 33.267097, 100.651955), (15.401132, 29.866446, 105.58527), (16.785463, 29.866446, 106.969604), (17.87782, 29.866446, 103.10858), (19.262152, 29.866446, 104.49291), (15.401132, 23.558168, 105.58527), (16.785463, 23.558168, 106.969604), (17.87782, 23.558168, 103.10858), (19.262152, 23.558168, 104.49291), (15.71691, 22.183563, 105.26949), (17.101242, 22.183563, 106.653824), (17.562042, 22.183563, 103.42436), (18.946375, 22.183563, 104.80869), (-12.944504, 31.255098, 102.07465), (-12.944504, 33.267097, 102.07465), (-16.132034, 30.748547, 105.262184), (-17.10855, 30.748547, 106.2387), (-17.554733, 30.748547, 103.839485), (-18.531248, 30.748547, 104.816), (-14.367202, 31.255098, 100.651955), (-14.367202, 33.267097, 100.651955), (-15.401132, 29.866446, 105.58527), (-16.785463, 29.866446, 106.969604), (-17.87782, 29.866446, 103.10858), (-19.262152, 29.866446, 104.49291), (-15.401132, 23.558168, 105.58527), (-16.785463, 23.558168, 106.969604), (-17.87782, 23.558168, 103.10858), (-19.262152, 23.558168, 104.49291), (-15.71691, 22.183563, 105.26949), (-17.101242, 22.183563, 106.653824), (-17.562042, 22.183563, 103.42436), (-18.946375, 22.183563, 104.80869)]
            texCoord2f[] primvars:st = [(0.826051, 0.346008), (0.823155, 0.34615), (0.825506, 0.347087), (0.82262, 0.347228), (0.826236, 0.347716), (0.823337, 0.347857), (0.825503, 0.349155), (0.822619, 0.349295), (0.826657, 0.356417), (0.823754, 0.356554), (0.786635, 0.357601), (0.782949, 0.357775), (0.825921, 0.357816), (0.823032, 0.357952), (0.826131, 0.357953), (0.824085, 0.358049), (0.786344, 0.358349), (0.782668, 0.358523), (0.825709, 0.358753), (0.823669, 0.358849), (0.817449, 0.359061), (0.787344, 0.359393), (0.782395, 0.359625), (0.817052, 0.359857), (0.787051, 0.360137), (0.782115, 0.360369), (0.817579, 0.361835), (0.817182, 0.362624), (0.7877, 0.367766), (0.782744, 0.367992), (0.787357, 0.368098), (0.784493, 0.368229), (0.787406, 0.368489), (0.782463, 0.368714), (0.786651, 0.369092), (0.783805, 0.369222), (0.786446, 0.369601), (0.783605, 0.369729), (0.787471, 0.370788), (0.784606, 0.370918), (0.183984, 0.66348), (0.187452, 0.66348), (0.186183, 0.665806), (0.189628, 0.665806), (0.185813, 0.669241), (0.189261, 0.669241), (0.157332, 0.670671), (0.158406, 0.671281), (0.164728, 0.671511), (0.16578, 0.672118), (0.164344, 0.674853), (0.165398, 0.675451)] (
                interpolation = "faceVarying"
            )
            int[] primvars:st:indices = [34, 36, 38, 30, 11, 17, 16, 10, 31, 39, 37, 35, 42, 44, 45, 43, 36, 37, 39, 38, 41, 40, 42, 43, 35, 29, 28, 34, 37, 33, 29, 35, 36, 32, 33, 37, 34, 28, 32, 36, 29, 22, 21, 28, 33, 25, 22, 29, 32, 24, 25, 33, 28, 21, 24, 32, 22, 11, 10, 21, 25, 17, 11, 22, 24, 16, 17, 25, 21, 10, 16, 24, 27, 18, 19, 23, 2, 0, 1, 3, 14, 26, 20, 15, 51, 50, 48, 49, 26, 14, 18, 27, 48, 46, 47, 49, 13, 9, 15, 19, 9, 8, 14, 15, 8, 12, 18, 14, 12, 13, 19, 18, 7, 5, 9, 13, 5, 4, 8, 9, 4, 6, 12, 8, 6, 7, 13, 12, 3, 1, 5, 7, 1, 0, 4, 5, 0, 2, 6, 4, 2, 3, 7, 6]
            uniform token subdivisionScheme = "none"
        }
    }

    def Xform "node_398_Tram_002" (
        displayName = "1398 Tram.002"
    )
    {
        float3 xformOp:rotateXYZ = (-0.0000045177453, -0, 0)
        float3 xformOp:scale = (100, 100, 100)
        double3 xformOp:translate = (0, 0, 0)
        uniform token[] xformOpOrder = ["xformOp:translate", "xformOp:rotateXYZ", "xformOp:scale"]

        def Mesh "mesh_398_Tram_004" (
            prepend apiSchemas = ["MaterialBindingAPI"]
            displayName = "1398 Tram.004"
        )
        {
            float3[] extent = [(-18.645725, 13.649919, -109.59846), (18.645725, 31.226559, 109.59846)]
            int[] faceVertexCounts = [4, 4, 4, 4, 4, 4, 4, 4, 4, 4, 4, 4, 4, 4, 4, 4, 4, 4, 4, 4, 4, 4, 4, 4, 4, 4, 4, 4]
            int[] faceVertexIndices = [1, 3, 2, 0, 14, 12, 13, 15, 18, 19, 17, 16, 5, 7, 6, 4, 11, 9, 8, 10, 22, 20, 21, 23, 30, 28, 29, 31, 27, 25, 24, 26, 41, 40, 42, 43, 45, 47, 46, 44, 34, 35, 33, 32, 36, 37, 39, 38, 49, 48, 50, 51, 57, 56, 58, 59, 52, 53, 55, 54, 13, 12, 68, 69, 71, 73, 72, 70, 62, 63, 61, 60, 64, 65, 67, 66, 75, 74, 76, 77, 83, 82, 84, 85, 78, 79, 81, 80, 90, 40, 41, 91, 94, 95, 93, 92, 89, 87, 86, 88, 98, 96, 97, 99, 106, 104, 105, 107, 103, 101, 100, 102]
            rel material:binding = </World/Looks/Mat>
            normal3f[] normals = [(-1, 0, 0), (-1, 0, 0), (-1, 0, 0), (-1, 0, 0), (1, 0, 0), (1, 0, 0), (1, 0, 0), (1, 0, 0), (0.7614554, 0.085072175, 0.64261055), (0.7614554, 0.085072175, 0.64261055), (0.7614554, 0.085072175, 0.64261055), (0.7614554, 0.085072175, 0.64261055), (1, 0, 0), (1, 0, 0), (1, 0, 0), (1, 0, 0), (1, 0, 0), (1, 0, 0), (1, 0, 0), (1, 0, 0), (-8.5740123e-7, 0.28059185, 0.95982724), (-8.5740123e-7, 0.28059185, 0.95982724), (-8.5740123e-7, 0.28059185, 0.95982724), (-8.5740123e-7, 0.28059185, 0.95982724), (1, 0, 0), (1, 0, 0), (1, 0, 0), (1, 0, 0), (1, 0, 0), (1, 0, 0), (1, 0, 0), (1, 0, 0), (-1, 0, 0), (-1, 0, 0), (-1, 0, 0), (-1, 0, 0), (-0.7614554, 0.0850721, 0.64261055), (-0.7614554, 0.0850721, 0.64261055), (-0.7614554, 0.0850721, 0.64261055), (-0.7614554, 0.0850721, 0.64261055), (-1, 0, 0), (-1, 0, 0), (-1, 0, 0), (-1, 0, 0), (-1, 0, 0), (-1, 0, 0), (-1, 0, 0), (-1, 0, 0), (0.0000010449578, 0.28059185, 0.95982724), (0.0000010449578, 0.28059185, 0.95982724), (0.0000010449578, 0.28059185, 0.95982724), (0.0000010449578, 0.28059185, 0.95982724), (-1, 0, 0), (-1, 0, 0), (-1, 0, 0), (-1, 0, 0), (-1, 0, 0), (-1, 0, 0), (-1, 0, 0), (-1, 0, 0), (1, 0, 0), (1, 0, 0), (1, 0, 0), (1, 0, 0), (0.7614554, 0.0850721, -0.64261055), (0.7614554, 0.0850721, -0.64261055), (0.7614554, 0.0850721, -0.64261055), (0.7614554, 0.0850721, -0.64261055), (1, 0, 0), (1, 0, 0), (1, 0, 0), (1, 0, 0), (1, 0, 0), (1, 0, 0), (1, 0, 0), (1, 0, 0), (-0.0000010449578, 0.28059185, -0.95982724), (-0.0000010449578, 0.28059185, -0.95982724), (-0.0000010449578, 0.28059185, -0.95982724), (-0.0000010449578, 0.28059185, -0.95982724), (1, 0, 0), (1, 0, 0), (1, 0, 0), (1, 0, 0), (1, 0, 0), (1, 0, 0), (1, 0, 0), (1, 0, 0), (-1, 0, 0), (-1, 0, 0), (-1, 0, 0), (-1, 0, 0), (-0.7614554, 0.085072175, -0.64261055), (-0.7614554, 0.085072175, -0.64261055), (-0.7614554, 0.085072175, -0.64261055), (-0.7614554, 0.085072175, -0.64261055), (-1, 0, 0), (-1, 0, 0), (-1, 0, 0), (-1, 0, 0), (8.5740123e-7, 0.28059185, -0.95982724), (8.5740123e-7, 0.28059185, -0.95982724), (8.5740123e-7, 0.28059185, -0.95982724), (8.5740123e-7, 0.28059185, -0.95982724), (-1, 0, 0), (-1, 0, 0), (-1, 0, 0), (-1, 0, 0), (-1, 0, 0), (-1, 0, 0), (-1, 0, 0), (-1, 0, 0)] (
                interpolation = "faceVarying"
            )
            point3f[] points = [(-18.645725, 16.849699, -17.250357), (-18.645725, 29.221525, -17.250357), (-18.645725, 16.849699, -24.846872), (-18.645725, 29.221525, -24.846872), (18.645725, 16.849699, 17.250357), (18.645725, 29.221525, 17.250357), (18.645725, 16.849699, 24.846872), (18.645725, 29.221525, 24.846872), (18.645725, 16.849699, 34.729794), (18.645725, 29.221525, 34.729794), (18.645725, 16.849699, 27.13328), (18.645725, 29.221525, 27.13328), (18.645725, 15.708465, 0), (18.645725, 30.258438, 0), (18.645725, 15.708465, 13.075464), (18.645725, 30.258438, 13.075464), (17.602352, 28.334835, 101.248), (17.428204, 15.290708, 101.08514), (13.523207, 28.377073, 103.97987), (13.698691, 15.548376, 107.56633), (10.246932, 31.226559, 104.92964), (1.62418, 31.22648, 104.92964), (10.246932, 15.501347, 109.52667), (1.62418, 15.25579, 109.59846), (18.645725, 31.161211, 91.6808), (18.645725, 13.649919, 91.6808), (18.645725, 31.161211, 97.446), (18.645725, 13.649919, 97.446), (18.645725, 31.161211, 53.790676), (18.645725, 31.161211, 88.43245), (18.645725, 13.649919, 53.790676), (18.645725, 13.649919, 88.43245), (-18.645725, 16.849699, 17.250357), (-18.645725, 29.221525, 17.250357), (-18.645725, 16.849699, 24.846872), (-18.645725, 29.221525, 24.846872), (-18.645725, 16.849699, 34.729794), (-18.645725, 29.221525, 34.729794), (-18.645725, 16.849699, 27.13328), (-18.645725, 29.221525, 27.13328), (-18.645725, 15.708465, 0), (-18.645725, 30.258438, 0), (-18.645725, 15.708465, 13.075464), (-18.645725, 30.258438, 13.075464), (-17.602352, 28.334835, 101.248), (-17.428204, 15.290708, 101.08514), (-13.523207, 28.377073, 103.97987), (-13.698691, 15.548376, 107.56633), (-10.246932, 31.226559, 104.92964), (-1.62418, 31.22648, 104.92964), (-10.246932, 15.501347, 109.52667), (-1.62418, 15.25579, 109.59846), (-18.645725, 31.161211, 91.6808), (-18.645725, 13.649919, 91.6808), (-18.645725, 31.161211, 97.446), (-18.645725, 13.649919, 97.446), (-18.645725, 31.161211, 53.790676), (-18.645725, 31.161211, 88.43245), (-18.645725, 13.649919, 53.790676), (-18.645725, 13.649919, 88.43245), (18.645725, 16.849699, -17.250357), (18.645725, 29.221525, -17.250357), (18.645725, 16.849699, -24.846872), (18.645725, 29.221525, -24.846872), (18.645725, 16.849699, -34.729794), (18.645725, 29.221525, -34.729794), (18.645725, 16.849699, -27.13328), (18.645725, 29.221525, -27.13328), (18.645725, 15.708465, -13.075464), (18.645725, 30.258438, -13.075464), (17.602352, 28.334835, -101.248), (17.428204, 15.290708, -101.08514), (13.523207, 28.377073, -103.97987), (13.698691, 15.548376, -107.56633), (10.246932, 31.226559, -104.92964), (1.62418, 31.22648, -104.92964), (10.246932, 15.501347, -109.52667), (1.62418, 15.25579, -109.59846), (18.645725, 31.161211, -91.6808), (18.645725, 13.649919, -91.6808), (18.645725, 31.161211, -97.446), (18.645725, 13.649919, -97.446), (18.645725, 31.161211, -53.790676), (18.645725, 31.161211, -88.43245), (18.645725, 13.649919, -53.790676), (18.645725, 13.649919, -88.43245), (-18.645725, 16.849699, -34.729794), (-18.645725, 29.221525, -34.729794), (-18.645725, 16.849699, -27.13328), (-18.645725, 29.221525, -27.13328), (-18.645725, 15.708465, -13.075464), (-18.645725, 30.258438, -13.075464), (-17.602352, 28.334835, -101.248), (-17.428204, 15.290708, -101.08514), (-13.523207, 28.377073, -103.97987), (-13.698691, 15.548376, -107.56633), (-10.246932, 31.226559, -104.92964), (-1.62418, 31.22648, -104.92964), (-10.246932, 15.501347, -109.52667), (-1.62418, 15.25579, -109.59846), (-18.645725, 31.161211, -91.6808), (-18.645725, 13.649919, -91.6808), (-18.645725, 31.161211, -97.446), (-18.645725, 13.649919, -97.446), (-18.645725, 31.161211, -53.790676), (-18.645725, 31.161211, -88.43245), (-18.645725, 13.649919, -53.790676), (-18.645725, 13.649919, -88.43245)]
            texCoord2f[] primvars:st = [(0.050779, 0.292801), (0.038128, 0.293525), (0.04634, 0.293825), (0.034922, 0.294006), (0.056937, 0.294273), (0.060387, 0.295097), (0.03219, 0.296299), (0.031191, 0.297251), (0.028619, 0.300009), (0.029667, 0.301531), (0.039032, 0.303603), (0.09628, 0.303676), (0.035438, 0.30393), (0.045063, 0.304994), (0.048442, 0.305774), (0.04514, 0.306441), (0.04088, 0.306981), (0.049345, 0.309841), (0.038577, 0.310464), (0.115142, 0.311226), (0.055528, 0.311253), (0.058992, 0.312043), (0.035878, 0.312905), (0.122623, 0.312999), (0.12486, 0.313529), (0.03487, 0.313816), (0.083622, 0.313889), (0.032471, 0.31461), (0.13635, 0.315182), (0.132248, 0.31528), (0.032218, 0.316212), (0.034135, 0.316338), (0.148834, 0.31815), (0.037602, 0.320201), (0.095028, 0.320271), (0.161118, 0.321071), (0.102122, 0.321122), (0.043657, 0.321535), (0.047049, 0.322283), (0.109464, 0.322802), (0.11431, 0.32282), (0.164934, 0.323028), (0.111661, 0.323305), (0.12181, 0.324542), (0.171946, 0.32469), (0.122944, 0.324842), (0.118914, 0.324964), (0.124054, 0.325057), (0.174043, 0.325188), (0.131461, 0.326757), (0.180971, 0.32683), (0.135207, 0.327656), (0.198235, 0.328042), (0.135437, 0.328646), (0.082366, 0.330064), (0.147279, 0.330426), (0.14796, 0.331512), (0.151028, 0.332312), (0.101284, 0.332427), (0.157921, 0.333889), (0.108646, 0.334058), (0.164232, 0.334277), (0.160281, 0.334331), (0.159984, 0.334361), (0.110848, 0.334545), (0.22832, 0.335232), (0.171262, 0.335891), (0.231079, 0.335892), (0.166797, 0.33592), (0.11812, 0.336156), (0.173365, 0.336373), (0.183789, 0.336995), (0.235949, 0.337056), (0.18031, 0.337967), (0.122022, 0.337973), (0.238433, 0.339488), (0.134323, 0.34069), (0.242288, 0.341851), (0.24249, 0.342981), (0.150316, 0.343287), (0.14643, 0.343364), (0.19736, 0.343634), (0.213413, 0.343829), (0.216131, 0.344456), (0.239025, 0.344732), (0.157227, 0.344818), (0.159295, 0.345276), (0.237704, 0.34546), (0.22093, 0.345563), (0.166125, 0.346789), (0.224352, 0.347376), (0.234156, 0.347571), (0.231163, 0.348001), (0.227549, 0.350526), (0.238094, 0.350783), (0.230317, 0.351158), (0.182895, 0.352216), (0.238695, 0.352256), (0.235203, 0.352273), (0.238019, 0.355623), (0.234493, 0.357506), (0.227731, 0.358165), (0.233175, 0.35821), (0.223854, 0.3585), (0.21262, 0.358765), (0.215347, 0.359366), (0.229704, 0.360064), (0.220161, 0.360427)] (
                interpolation = "faceVarying"
            )
            int[] primvars:st:indices = [79, 85, 59, 57, 28, 32, 56, 53, 16, 1, 2, 15, 49, 47, 24, 29, 43, 40, 19, 23, 3, 18, 22, 6, 11, 34, 21, 5, 0, 4, 20, 17, 76, 51, 45, 74, 12, 9, 27, 31, 42, 64, 69, 46, 36, 58, 60, 39, 25, 30, 8, 7, 38, 54, 26, 14, 37, 13, 10, 33, 56, 32, 35, 62, 75, 77, 97, 94, 44, 66, 61, 41, 50, 73, 70, 48, 100, 99, 78, 84, 93, 81, 52, 65, 95, 67, 72, 98, 55, 51, 76, 80, 101, 92, 90, 103, 86, 89, 68, 63, 91, 106, 102, 87, 71, 96, 104, 82, 88, 83, 105, 107]
            uniform token subdivisionScheme = "none"
        }
    }

    def Xform "node_398_Tram_003" (
        displayName = "1398 Tram.003"
    )
    {
        float3 xformOp:rotateXYZ = (-0.0000045177453, -0, 0)
        float3 xformOp:scale = (100, 100, 100)
        double3 xformOp:translate = (0, 0, 0)
        uniform token[] xformOpOrder = ["xformOp:translate", "xformOp:rotateXYZ", "xformOp:scale"]

        def Mesh "mesh_398_Tram_003" (
            prepend apiSchemas = ["MaterialBindingAPI"]
            displayName = "1398 Tram.003"
        )
        {
            float3[] extent = [(-17.697138, 2.499693, -52.166496), (17.697138, 37.893967, 52.166496)]
            int[] faceVertexCounts = [4, 4, 4, 4, 4, 4, 4, 4, 4, 4, 4, 4, 4, 4, 4, 4, 4, 4, 4, 4, 4, 4, 4, 4, 4, 4, 4, 4, 4, 4, 4, 4, 4, 4, 4, 4, 4, 4, 4, 4, 4, 4, 4, 4, 4, 4, 4, 4, 4, 4, 4, 4, 4, 4, 4, 4, 4, 4, 4, 4, 4, 4, 4, 4, 4, 4, 4, 4, 4, 4, 4, 4, 4, 4, 4, 4, 4, 4, 4, 4, 4, 4, 4, 4, 4, 4, 4, 4, 4, 4, 4, 4, 4, 4, 4, 4, 4, 4, 4, 4, 4, 4, 4, 4, 4, 4, 4, 4, 4, 4, 4, 4, 4, 4, 4, 4, 4, 4, 4, 4, 4, 4, 4, 4, 4, 4, 4, 4, 4, 4, 4, 4, 4, 4, 4, 4, 4, 4, 4, 4, 4, 4, 4, 4, 4, 4, 4, 4, 4, 4, 4, 4, 4, 4, 4, 4, 4, 4, 4, 4, 4, 4, 4, 4, 4, 4, 4, 4, 4, 4, 4, 4, 4, 4, 4, 4, 4, 4, 4, 4, 4, 4, 4, 4, 4, 4, 4, 4, 4, 4, 4, 4, 4, 4, 4, 4, 4, 4, 4, 4, 4, 4, 4, 4, 4, 4, 4, 4, 4, 4, 4, 4, 4, 4, 4, 4, 4, 4, 4, 4, 4, 4, 4, 4, 4, 4, 4, 4, 4, 4, 4, 4, 4, 4, 4, 4, 4, 4, 4, 4, 4, 4, 4, 4, 4, 4, 4, 4, 4, 4, 4, 4, 4, 4, 4, 4, 4, 4, 4, 4, 4, 4, 4, 4, 4, 4, 4, 4, 4, 4, 4, 4, 4, 4, 4, 4, 4, 4, 4, 4, 4, 4, 4, 4, 4, 4, 4, 4, 4, 4, 4, 4, 4, 4, 4, 4, 4, 4, 4, 4, 4, 4, 4, 4, 4, 4, 4, 4, 4, 4, 4, 4, 4, 4, 4, 4, 4, 4, 4, 4, 4, 4, 4, 4, 4, 4, 4, 4, 4, 4, 4, 4, 4, 4, 4, 4, 4, 4, 4, 4, 4, 4, 4, 4, 4, 4, 4, 4, 4, 4, 4, 4]
            int[] faceVertexIndices = [54, 90, 95, 59, 73, 78, 33, 9, 3, 60, 61, 27, 82, 87, 32, 5, 8, 53, 52, 34, 100, 6, 31, 105, 93, 14, 36, 97, 56, 62, 32, 10, 58, 94, 98, 65, 75, 80, 50, 23, 76, 21, 28, 77, 74, 19, 39, 79, 17, 67, 68, 37, 16, 69, 70, 30, 18, 64, 66, 43, 84, 23, 50, 89, 85, 86, 25, 12, 83, 22, 40, 88, 20, 47, 46, 49, 21, 45, 44, 28, 19, 51, 48, 39, 102, 107, 43, 17, 103, 15, 26, 104, 101, 106, 37, 16, 59, 58, 12, 25, 78, 34, 19, 74, 27, 61, 64, 18, 87, 83, 10, 32, 34, 52, 51, 19, 105, 31, 13, 101, 63, 56, 10, 35, 62, 55, 5, 32, 65, 57, 11, 41, 80, 49, 21, 76, 77, 72, 1, 29, 79, 75, 23, 40, 37, 68, 69, 16, 30, 70, 71, 7, 43, 66, 67, 17, 89, 85, 12, 41, 86, 81, 2, 25, 88, 40, 23, 84, 49, 46, 45, 21, 28, 44, 38, 4, 39, 48, 47, 20, 107, 42, 15, 103, 104, 26, 0, 99, 106, 36, 14, 102, 59, 25, 2, 54, 63, 35, 11, 57, 56, 92, 96, 62, 65, 41, 12, 58, 59, 95, 94, 58, 63, 97, 92, 56, 62, 96, 91, 55, 65, 98, 93, 57, 73, 8, 34, 78, 75, 20, 49, 80, 77, 29, 24, 76, 79, 40, 22, 74, 74, 22, 33, 78, 76, 24, 50, 80, 77, 28, 4, 72, 79, 39, 20, 75, 82, 9, 33, 87, 89, 41, 11, 84, 85, 24, 29, 86, 88, 35, 10, 83, 87, 33, 22, 83, 89, 50, 24, 85, 86, 29, 1, 81, 84, 11, 35, 88, 90, 0, 26, 95, 97, 63, 57, 93, 94, 15, 42, 98, 92, 13, 31, 96, 95, 26, 15, 94, 97, 36, 13, 92, 96, 31, 6, 91, 98, 42, 14, 93, 105, 30, 7, 100, 102, 14, 42, 107, 104, 27, 18, 103, 101, 13, 36, 106, 101, 16, 30, 105, 103, 18, 43, 107, 99, 3, 27, 104, 102, 17, 37, 106, 185, 180, 153, 158, 141, 168, 163, 117, 61, 60, 111, 135, 140, 177, 172, 113, 52, 53, 116, 142, 139, 114, 190, 195, 144, 122, 183, 187, 140, 159, 155, 118, 188, 184, 157, 161, 152, 170, 165, 131, 136, 129, 166, 167, 146, 127, 164, 169, 68, 67, 125, 145, 70, 69, 124, 138, 66, 64, 126, 150, 152, 131, 174, 179, 133, 176, 175, 120, 147, 130, 173, 178, 46, 47, 128, 151, 44, 45, 129, 136, 48, 51, 127, 146, 150, 197, 192, 125, 134, 123, 193, 194, 145, 196, 191, 124, 120, 157, 158, 133, 127, 142, 168, 164, 64, 61, 135, 126, 118, 173, 177, 140, 51, 52, 142, 127, 121, 139, 195, 191, 118, 155, 160, 143, 113, 154, 159, 140, 119, 156, 161, 148, 129, 151, 170, 166, 109, 162, 167, 137, 131, 165, 169, 147, 69, 68, 145, 124, 71, 70, 138, 115, 67, 66, 150, 125, 120, 175, 179, 148, 110, 171, 176, 133, 131, 147, 178, 174, 45, 46, 151, 129, 38, 44, 136, 112, 47, 48, 146, 128, 123, 149, 197, 193, 108, 134, 194, 189, 122, 144, 196, 192, 110, 133, 158, 153, 119, 143, 160, 156, 186, 182, 155, 159, 120, 148, 161, 157, 184, 185, 158, 157, 182, 187, 160, 155, 181, 186, 159, 154, 183, 188, 161, 156, 142, 116, 163, 168, 151, 128, 165, 170, 132, 137, 167, 166, 130, 147, 169, 164, 141, 130, 164, 168, 152, 132, 166, 170, 112, 136, 167, 162, 128, 146, 169, 165, 141, 117, 172, 177, 119, 148, 179, 174, 137, 132, 175, 176, 118, 143, 178, 173, 130, 141, 177, 173, 132, 152, 179, 175, 109, 137, 176, 171, 143, 119, 174, 178, 134, 108, 180, 185, 156, 160, 187, 183, 149, 123, 184, 188, 139, 121, 182, 186, 123, 134, 185, 184, 121, 144, 187, 182, 114, 139, 186, 181, 122, 149, 188, 183, 115, 138, 195, 190, 149, 122, 192, 197, 126, 135, 194, 193, 144, 121, 191, 196, 138, 124, 191, 195, 150, 126, 193, 197, 135, 111, 189, 194, 145, 125, 192, 196, 293, 288, 252, 257, 231, 276, 271, 207, 259, 258, 201, 225, 230, 285, 280, 203, 250, 251, 206, 232, 229, 204, 298, 303, 234, 212, 291, 295, 230, 260, 254, 208, 296, 292, 256, 263, 248, 278, 273, 221, 226, 219, 274, 275, 237, 217, 272, 277, 266, 265, 215, 235, 268, 267, 214, 228, 264, 262, 216, 241, 248, 221, 282, 287, 223, 284, 283, 210, 238, 220, 281, 286, 244, 245, 218, 247, 242, 243, 219, 226, 246, 249, 217, 237, 241, 305, 300, 215, 224, 213, 301, 302, 235, 304, 299, 214, 210, 256, 257, 223, 217, 232, 276, 272, 262, 259, 225, 216, 208, 281, 285, 230, 249, 250, 232, 217, 211, 229, 303, 299, 208, 254, 261, 233, 203, 253, 260, 230, 209, 255, 263, 239, 219, 247, 278, 274, 199, 270, 275, 227, 221, 273, 277, 238, 267, 266, 235, 214, 269, 268, 228, 205, 265, 264, 241, 215, 210, 283, 287, 239, 200, 279, 284, 223, 221, 238, 286, 282, 243, 244, 247, 219, 236, 242, 226, 202, 245, 246, 237, 218, 213, 240, 305, 301, 198, 224, 302, 297, 212, 234, 304, 300, 200, 223, 257, 252, 209, 233, 261, 255, 294, 290, 254, 260, 210, 239, 263, 256, 292, 293, 257, 256, 290, 295, 261, 254, 289, 294, 260, 253, 291, 296, 263, 255, 232, 206, 271, 276, 247, 218, 273, 278, 222, 227, 275, 274, 220, 238, 277, 272, 231, 220, 272, 276, 248, 222, 274, 278, 202, 226, 275, 270, 218, 237, 277, 273, 231, 207, 280, 285, 209, 239, 287, 282, 227, 222, 283, 284, 208, 233, 286, 281, 220, 231, 285, 281, 222, 248, 287, 283, 199, 227, 284, 279, 233, 209, 282, 286, 224, 198, 288, 293, 255, 261, 295, 291, 240, 213, 292, 296, 229, 211, 290, 294, 213, 224, 293, 292, 211, 234, 295, 290, 204, 229, 294, 289, 212, 240, 296, 291, 205, 228, 303, 298, 240, 212, 300, 305, 216, 225, 302, 301, 234, 211, 299, 304, 228, 214, 299, 303, 241, 216, 301, 305, 225, 201, 297, 302, 235, 215, 300, 304, 351, 378, 383, 356, 361, 366, 339, 315, 309, 258, 259, 333, 370, 375, 338, 311, 314, 251, 250, 340, 388, 312, 337, 393, 381, 320, 342, 385, 353, 357, 338, 316, 355, 382, 386, 359, 363, 368, 350, 329, 364, 327, 334, 365, 362, 325, 344, 367, 323, 265, 266, 343, 322, 267, 268, 336, 324, 262, 264, 348, 372, 329, 350, 377, 373, 374, 331, 318, 371, 328, 345, 376, 326, 245, 244, 349, 327, 243, 242, 334, 325, 249, 246, 344, 390, 395, 348, 323, 391, 321, 332, 392, 389, 394, 343, 322, 356, 355, 318, 331, 366, 340, 325, 362, 333, 259, 262, 324, 375, 371, 316, 338, 340, 250, 249, 325, 393, 337, 319, 389, 358, 353, 316, 341, 357, 352, 311, 338, 359, 354, 317, 346, 368, 349, 327, 364, 365, 360, 307, 335, 367, 363, 329, 345, 343, 266, 267, 322, 336, 268, 269, 313, 348, 264, 265, 323, 377, 373, 318, 346, 374, 369, 308, 331, 376, 345, 329, 372, 349, 244, 243, 327, 334, 242, 236, 310, 344, 246, 245, 326, 395, 347, 321, 391, 392, 332, 306, 387, 394, 342, 320, 390, 356, 331, 308, 351, 358, 341, 317, 354, 353, 380, 384, 357, 359, 346, 318, 355, 356, 383, 382, 355, 358, 385, 380, 353, 357, 384, 379, 352, 359, 386, 381, 354, 361, 314, 340, 366, 363, 326, 349, 368, 365, 335, 330, 364, 367, 345, 328, 362, 362, 328, 339, 366, 364, 330, 350, 368, 365, 334, 310, 360, 367, 344, 326, 363, 370, 315, 339, 375, 377, 346, 317, 372, 373, 330, 335, 374, 376, 341, 316, 371, 375, 339, 328, 371, 377, 350, 330, 373, 374, 335, 307, 369, 372, 317, 341, 376, 378, 306, 332, 383, 385, 358, 354, 381, 382, 321, 347, 386, 380, 319, 337, 384, 383, 332, 321, 382, 385, 342, 319, 380, 384, 337, 312, 379, 386, 347, 320, 381, 393, 336, 313, 388, 390, 320, 347, 395, 392, 333, 324, 391, 389, 319, 342, 394, 389, 322, 336, 393, 391, 324, 348, 395, 387, 309, 333, 392, 390, 323, 343, 394]
            rel material:binding = </World/Looks/Mat>
            normal3f[] normals = [(0.7106513, 0, 0.70354444), (0.7106513, 0, 0.70354444), (0.7106513, 0, 0.70354444), (0.7106513, 0, 0.70354444), (0.43077895, 0.48180324, -0.7630827), (0.43077895, 0.48180324, -0.7630827), (0.43077895, 0.48180324, -0.7630827), (0.43077895, 0.48180324, -0.7630827), (0, -0.71065277, 0.703543), (0, -0.71065277, 0.703543), (0, -0.71065277, 0.703543), (0, -0.71065277, 0.703543), (0.7106548, 0, -0.70354086), (0.7106548, 0, -0.70354086), (0.7106548, 0, -0.70354086), (0.7106548, 0, -0.70354086), (0, 0.7106541, -0.7035415), (0, 0.7106541, -0.7035415), (0, 0.7106541, -0.7035415), (0, 0.7106541, -0.7035415), (0, -0.71065366, -0.703542), (0, -0.71065366, -0.703542), (0, -0.71065366, -0.703542), (0, -0.71065366, -0.703542), (0.7106534, 0, 0.70354235), (0.7106534, 0, 0.70354235), (0.7106534, 0, 0.70354235), (0.7106534, 0, 0.70354235), (0.71065176, 0, 0.70354384), (0.71065176, 0, 0.70354384), (0.71065176, 0, 0.70354384), (0.71065176, 0, 0.70354384), (0.7106522, 0, 0.7035436), (0.7106522, 0, 0.7035436), (0.7106522, 0, 0.7035436), (0.7106522, 0, 0.7035436), (0.4307781, 0.4818024, -0.7630836), (0.4307781, 0.4818024, -0.7630836), (0.4307781, 0.4818024, -0.7630836), (0.4307781, 0.4818024, -0.7630836), (0.43077925, 0.48180333, -0.7630825), (0.43077925, 0.48180333, -0.7630825), (0.43077925, 0.48180333, -0.7630825), (0.43077925, 0.48180333, -0.7630825), (0.43077818, 0.48180357, -0.76308286), (0.43077818, 0.48180357, -0.76308286), (0.43077818, 0.48180357, -0.76308286), (0.43077818, 0.48180357, -0.76308286), (0, -0.7106538, 0.7035419), (0, -0.7106538, 0.7035419), (0, -0.7106538, 0.7035419), (0, -0.7106538, 0.7035419), (0, -0.71065277, 0.703543), (0, -0.71065277, 0.703543), (0, -0.71065277, 0.703543), (0, -0.71065277, 0.703543), (0, -0.7106538, 0.7035419), (0, -0.7106538, 0.7035419), (0, -0.7106538, 0.7035419), (0, -0.7106538, 0.7035419), (0.71065277, 0, -0.7035429), (0.71065277, 0, -0.7035429), (0.71065277, 0, -0.7035429), (0.71065277, 0, -0.7035429), (0.7106548, 0, -0.70354086), (0.7106548, 0, -0.70354086), (0.7106548, 0, -0.70354086), (0.7106548, 0, -0.70354086), (0.71065277, 0, -0.7035429), (0.71065277, 0, -0.7035429), (0.71065277, 0, -0.7035429), (0.71065277, 0, -0.7035429), (0, 0.71065307, -0.7035426), (0, 0.71065307, -0.7035426), (0, 0.71065307, -0.7035426), (0, 0.71065307, -0.7035426), (0, 0.7106541, -0.7035415), (0, 0.7106541, -0.7035415), (0, 0.7106541, -0.7035415), (0, 0.7106541, -0.7035415), (0, 0.7106541, -0.7035415), (0, 0.7106541, -0.7035415), (0, 0.7106541, -0.7035415), (0, 0.7106541, -0.7035415), (0, -0.71065307, -0.7035426), (0, -0.71065307, -0.7035426), (0, -0.71065307, -0.7035426), (0, -0.71065307, -0.7035426), (0, -0.71065366, -0.703542), (0, -0.71065366, -0.703542), (0, -0.71065366, -0.703542), (0, -0.71065366, -0.703542), (0, -0.7106543, -0.7035413), (0, -0.7106543, -0.7035413), (0, -0.7106543, -0.7035413), (0, -0.7106543, -0.7035413), (0.7106535, 0, -0.7035422), (0.7106535, 0, -0.7035422), (0.7106535, 0, -0.7035422), (0.7106535, 0, -0.7035422), (0.4307789, 0.48180294, 0.7630829), (0.4307789, 0.48180294, 0.7630829), (0.4307789, 0.48180294, 0.7630829), (0.4307789, 0.48180294, 0.7630829), (0, -0.7106538, -0.7035419), (0, -0.7106538, -0.7035419), (0, -0.7106538, -0.7035419), (0, -0.7106538, -0.7035419), (0.71065265, 0, 0.703543), (0.71065265, 0, 0.703543), (0.71065265, 0, 0.703543), (0.71065265, 0, 0.703543), (0, 0.71065307, 0.7035426), (0, 0.71065307, 0.7035426), (0, 0.71065307, 0.7035426), (0, 0.71065307, 0.7035426), (0, -0.7106527, 0.703543), (0, -0.7106527, 0.703543), (0, -0.7106527, 0.703543), (0, -0.7106527, 0.703543), (0.7106531, 0, -0.7035426), (0.7106531, 0, -0.7035426), (0.7106531, 0, -0.7035426), (0.7106531, 0, -0.7035426), (0.710654, 0, -0.7035416), (0.710654, 0, -0.7035416), (0.710654, 0, -0.7035416), (0.710654, 0, -0.7035416), (0.71065176, 0, -0.70354384), (0.71065176, 0, -0.70354384), (0.71065176, 0, -0.70354384), (0.71065176, 0, -0.70354384), (0.43077964, 0.48180377, 0.76308197), (0.43077964, 0.48180377, 0.76308197), (0.43077964, 0.48180377, 0.76308197), (0.43077964, 0.48180377, 0.76308197), (0.4307781, 0.4818024, 0.7630836), (0.4307781, 0.4818024, 0.7630836), (0.4307781, 0.4818024, 0.7630836), (0.4307781, 0.4818024, 0.7630836), (0.43078008, 0.48180294, 0.76308227), (0.43078008, 0.48180294, 0.76308227), (0.43078008, 0.48180294, 0.76308227), (0.43078008, 0.48180294, 0.76308227), (0, -0.7106538, -0.7035419), (0, -0.7106538, -0.7035419), (0, -0.7106538, -0.7035419), (0, -0.7106538, -0.7035419), (0, -0.7106538, -0.7035419), (0, -0.7106538, -0.7035419), (0, -0.7106538, -0.7035419), (0, -0.7106538, -0.7035419), (0, -0.71065277, -0.703543), (0, -0.71065277, -0.703543), (0, -0.71065277, -0.703543), (0, -0.71065277, -0.703543), (0.7106548, 0, 0.70354086), (0.7106548, 0, 0.70354086), (0.7106548, 0, 0.70354086), (0.7106548, 0, 0.70354086), (0.710652, 0, 0.7035438), (0.710652, 0, 0.7035438), (0.710652, 0, 0.7035438), (0.710652, 0, 0.7035438), (0.7106537, 0, 0.703542), (0.7106537, 0, 0.703542), (0.7106537, 0, 0.703542), (0.7106537, 0, 0.703542), (0, 0.7106541, 0.7035415), (0, 0.7106541, 0.7035415), (0, 0.7106541, 0.7035415), (0, 0.7106541, 0.7035415), (0, 0.71065307, 0.7035426), (0, 0.71065307, 0.7035426), (0, 0.71065307, 0.7035426), (0, 0.71065307, 0.7035426), (0, 0.7106541, 0.7035415), (0, 0.7106541, 0.7035415), (0, 0.7106541, 0.7035415), (0, 0.7106541, 0.7035415), (0, -0.71065366, 0.703542), (0, -0.71065366, 0.703542), (0, -0.71065366, 0.703542), (0, -0.71065366, 0.703542), (0, -0.7106527, 0.703543), (0, -0.7106527, 0.703543), (0, -0.7106527, 0.703543), (0, -0.7106527, 0.703543), (0, -0.71065366, 0.703542), (0, -0.71065366, 0.703542), (0, -0.71065366, 0.703542), (0, -0.71065366, 0.703542), (0.710654, 0, 0.7035416), (0.710654, 0, 0.7035416), (0.710654, 0, 0.7035416), (0.710654, 0, 0.7035416), (0.710654, 0, 0.7035416), (0.710654, 0, 0.7035416), (0.710654, 0, 0.7035416), (0.710654, 0, 0.7035416), (0.71065307, 0, 0.7035427), (0.71065307, 0, 0.7035427), (0.71065307, 0, 0.7035427), (0.71065307, 0, 0.7035427), (0.710654, 0, 0.7035416), (0.710654, 0, 0.7035416), (0.710654, 0, 0.7035416), (0.710654, 0, 0.7035416), (0.71065474, 0, -0.70354086), (0.71065474, 0, -0.70354086), (0.71065474, 0, -0.70354086), (0.71065474, 0, -0.70354086), (0.71065474, 0, -0.70354086), (0.71065474, 0, -0.70354086), (0.71065474, 0, -0.70354086), (0.71065474, 0, -0.70354086), (0.71065307, 0, -0.7035427), (0.71065307, 0, -0.7035427), (0.71065307, 0, -0.7035427), (0.71065307, 0, -0.7035427), (0.71065307, 0, -0.7035427), (0.71065307, 0, -0.7035427), (0.71065307, 0, -0.7035427), (0.71065307, 0, -0.7035427), (0.43077925, 0.48180333, -0.7630825), (0.43077925, 0.48180333, -0.7630825), (0.43077925, 0.48180333, -0.7630825), (0.43077925, 0.48180333, -0.7630825), (0.43077952, 0.48180223, -0.763083), (0.43077952, 0.48180223, -0.763083), (0.43077952, 0.48180223, -0.763083), (0.43077952, 0.48180223, -0.763083), (0.43077895, 0.48180324, -0.7630827), (0.43077895, 0.48180324, -0.7630827), (0.43077895, 0.48180324, -0.7630827), (0.43077895, 0.48180324, -0.7630827), (0.43077895, 0.48180324, -0.7630827), (0.43077895, 0.48180324, -0.7630827), (0.43077895, 0.48180324, -0.7630827), (0.43077895, 0.48180324, -0.7630827), (0.43077788, 0.48180217, 0.7630839), (0.43077788, 0.48180217, 0.7630839), (0.43077788, 0.48180217, 0.7630839), (0.43077788, 0.48180217, 0.7630839), (0.43077815, 0.48180312, 0.7630832), (0.43077815, 0.48180312, 0.7630832), (0.43077815, 0.48180312, 0.7630832), (0.43077815, 0.48180312, 0.7630832), (0.4307789, 0.48180294, 0.7630829), (0.4307789, 0.48180294, 0.7630829), (0.4307789, 0.48180294, 0.7630829), (0.4307789, 0.48180294, 0.7630829), (0.43077964, 0.48180377, 0.76308197), (0.43077964, 0.48180377, 0.76308197), (0.43077964, 0.48180377, 0.76308197), (0.43077964, 0.48180377, 0.76308197), (0.7106537, 0, -0.703542), (0.7106537, 0, -0.703542), (0.7106537, 0, -0.703542), (0.7106537, 0, -0.703542), (0.71065265, 0, -0.703543), (0.71065265, 0, -0.703543), (0.71065265, 0, -0.703543), (0.71065265, 0, -0.703543), (0.7106537, 0, -0.703542), (0.7106537, 0, -0.703542), (0.7106537, 0, -0.703542), (0.7106537, 0, -0.703542), (0.71065336, 0, -0.7035423), (0.71065336, 0, -0.7035423), (0.71065336, 0, -0.7035423), (0.71065336, 0, -0.7035423), (0.71065277, 0, 0.7035429), (0.71065277, 0, 0.7035429), (0.71065277, 0, 0.7035429), (0.71065277, 0, 0.7035429), (0.7106537, 0, 0.703542), (0.7106537, 0, 0.703542), (0.7106537, 0, 0.703542), (0.7106537, 0, 0.703542), (0.71065277, 0, 0.7035429), (0.71065277, 0, 0.7035429), (0.71065277, 0, 0.7035429), (0.71065277, 0, 0.7035429), (0.71065336, 0, 0.7035423), (0.71065336, 0, 0.7035423), (0.71065336, 0, 0.7035423), (0.71065336, 0, 0.7035423), (0.7106534, 0, 0.70354235), (0.7106534, 0, 0.70354235), (0.7106534, 0, 0.70354235), (0.7106534, 0, 0.70354235), (0.71065474, 0, 0.70354086), (0.71065474, 0, 0.70354086), (0.71065474, 0, 0.70354086), (0.71065474, 0, 0.70354086), (0.7106534, 0, 0.70354235), (0.7106534, 0, 0.70354235), (0.7106534, 0, 0.70354235), (0.7106534, 0, 0.70354235), (0.7106534, 0, 0.70354235), (0.7106534, 0, 0.70354235), (0.7106534, 0, 0.70354235), (0.7106534, 0, 0.70354235), (0.71065485, 0, -0.70354086), (0.71065485, 0, -0.70354086), (0.71065485, 0, -0.70354086), (0.71065485, 0, -0.70354086), (0.7106534, 0, -0.70354235), (0.7106534, 0, -0.70354235), (0.7106534, 0, -0.70354235), (0.7106534, 0, -0.70354235), (0.7106534, 0, -0.70354235), (0.7106534, 0, -0.70354235), (0.7106534, 0, -0.70354235), (0.7106534, 0, -0.70354235), (0.71065265, 0, -0.703543), (0.71065265, 0, -0.703543), (0.71065265, 0, -0.703543), (0.71065265, 0, -0.703543), (0, -0.71065426, -0.7035414), (0, -0.71065426, -0.7035414), (0, -0.71065426, -0.7035414), (0, -0.71065426, -0.7035414), (0, -0.7106527, -0.703543), (0, -0.7106527, -0.703543), (0, -0.7106527, -0.703543), (0, -0.7106527, -0.703543), (0, -0.71065426, -0.7035414), (0, -0.71065426, -0.7035414), (0, -0.71065426, -0.7035414), (0, -0.71065426, -0.7035414), (0, -0.71065366, -0.703542), (0, -0.71065366, -0.703542), (0, -0.71065366, -0.703542), (0, -0.71065366, -0.703542), (0, -0.710653, 0.7035427), (0, -0.710653, 0.7035427), (0, -0.710653, 0.7035427), (0, -0.710653, 0.7035427), (0, -0.71065426, 0.7035414), (0, -0.71065426, 0.7035414), (0, -0.71065426, 0.7035414), (0, -0.71065426, 0.7035414), (0, -0.710653, 0.7035427), (0, -0.710653, 0.7035427), (0, -0.710653, 0.7035427), (0, -0.710653, 0.7035427), (0, -0.71065426, 0.7035414), (0, -0.71065426, 0.7035414), (0, -0.71065426, 0.7035414), (0, -0.71065426, 0.7035414), (-0.7106513, 0, 0.70354444), (-0.7106513, 0, 0.70354444), (-0.7106513, 0, 0.70354444), (-0.7106513, 0, 0.70354444), (-0.4307785, 0.4818027, -0.7630833), (-0.4307785, 0.4818027, -0.7630833), (-0.4307785, 0.4818027, -0.7630833), (-0.4307785, 0.4818027, -0.7630833), (0, -0.71065277, 0.70354295), (0, -0.71065277, 0.70354295), (0, -0.71065277, 0.70354295), (0, -0.71065277, 0.70354295), (-0.7106548, 0, -0.70354086), (-0.7106548, 0, -0.70354086), (-0.7106548, 0, -0.70354086), (-0.7106548, 0, -0.70354086), (0, 0.710654, -0.7035417), (0, 0.710654, -0.7035417), (0, 0.710654, -0.7035417), (0, 0.710654, -0.7035417), (0, -0.71065366, -0.703542), (0, -0.71065366, -0.703542), (0, -0.71065366, -0.703542), (0, -0.71065366, -0.703542), (-0.7106534, 0, 0.70354235), (-0.7106534, 0, 0.70354235), (-0.7106534, 0, 0.70354235), (-0.7106534, 0, 0.70354235), (-0.71065176, 0, 0.70354384), (-0.71065176, 0, 0.70354384), (-0.71065176, 0, 0.70354384), (-0.71065176, 0, 0.70354384), (-0.7106522, 0, 0.7035436), (-0.7106522, 0, 0.7035436), (-0.7106522, 0, 0.7035436), (-0.7106522, 0, 0.7035436), (-0.43077654, 0.4818022, -0.76308465), (-0.43077654, 0.4818022, -0.76308465), (-0.43077654, 0.4818022, -0.76308465), (-0.43077654, 0.4818022, -0.76308465), (-0.4307794, 0.4818035, -0.76308215), (-0.4307794, 0.4818035, -0.76308215), (-0.4307794, 0.4818035, -0.76308215), (-0.4307794, 0.4818035, -0.76308215), (-0.43077835, 0.48180377, -0.76308256), (-0.43077835, 0.48180377, -0.76308256), (-0.43077835, 0.48180377, -0.76308256), (-0.43077835, 0.48180377, -0.76308256), (0, -0.71065384, 0.7035419), (0, -0.71065384, 0.7035419), (0, -0.71065384, 0.7035419), (0, -0.71065384, 0.7035419), (0, -0.71065277, 0.70354295), (0, -0.71065277, 0.70354295), (0, -0.71065277, 0.70354295), (0, -0.71065277, 0.70354295), (0, -0.71065384, 0.7035419), (0, -0.71065384, 0.7035419), (0, -0.71065384, 0.7035419), (0, -0.71065384, 0.7035419), (-0.71065277, 0, -0.7035429), (-0.71065277, 0, -0.7035429), (-0.71065277, 0, -0.7035429), (-0.71065277, 0, -0.7035429), (-0.7106548, 0, -0.70354086), (-0.7106548, 0, -0.70354086), (-0.7106548, 0, -0.70354086), (-0.7106548, 0, -0.70354086), (-0.71065277, 0, -0.7035429), (-0.71065277, 0, -0.7035429), (-0.71065277, 0, -0.7035429), (-0.71065277, 0, -0.7035429), (0, 0.7106529, -0.7035427), (0, 0.7106529, -0.7035427), (0, 0.7106529, -0.7035427), (0, 0.7106529, -0.7035427), (0, 0.710654, -0.7035417), (0, 0.710654, -0.7035417), (0, 0.710654, -0.7035417), (0, 0.710654, -0.7035417), (0, 0.710654, -0.7035417), (0, 0.710654, -0.7035417), (0, 0.710654, -0.7035417), (0, 0.710654, -0.7035417), (0, -0.71065307, -0.7035426), (0, -0.71065307, -0.7035426), (0, -0.71065307, -0.7035426), (0, -0.71065307, -0.7035426), (0, -0.71065366, -0.703542), (0, -0.71065366, -0.703542), (0, -0.71065366, -0.703542), (0, -0.71065366, -0.703542), (0, -0.7106543, -0.7035413), (0, -0.7106543, -0.7035413), (0, -0.7106543, -0.7035413), (0, -0.7106543, -0.7035413), (-0.710654, 0, -0.7035416), (-0.710654, 0, -0.7035416), (-0.710654, 0, -0.7035416), (-0.710654, 0, -0.7035416), (-0.4307789, 0.48180294, 0.7630829), (-0.4307789, 0.48180294, 0.7630829), (-0.4307789, 0.48180294, 0.7630829), (-0.4307789, 0.48180294, 0.7630829), (0, -0.71065384, -0.7035419), (0, -0.71065384, -0.7035419), (0, -0.71065384, -0.7035419), (0, -0.71065384, -0.7035419), (-0.71065336, 0, 0.7035423), (-0.71065336, 0, 0.7035423), (-0.71065336, 0, 0.7035423), (-0.71065336, 0, 0.7035423), (0, 0.7106529, 0.7035427), (0, 0.7106529, 0.7035427), (0, 0.7106529, 0.7035427), (0, 0.7106529, 0.7035427), (0, -0.7106527, 0.7035429), (0, -0.7106527, 0.7035429), (0, -0.7106527, 0.7035429), (0, -0.7106527, 0.7035429), (-0.7106533, 0, -0.70354235), (-0.7106533, 0, -0.70354235), (-0.7106533, 0, -0.70354235), (-0.7106533, 0, -0.70354235), (-0.710654, 0, -0.7035416), (-0.710654, 0, -0.7035416), (-0.710654, 0, -0.7035416), (-0.710654, 0, -0.7035416), (-0.71065253, 0, -0.7035431), (-0.71065253, 0, -0.7035431), (-0.71065253, 0, -0.7035431), (-0.71065253, 0, -0.7035431), (-0.43077964, 0.48180377, 0.76308197), (-0.43077964, 0.48180377, 0.76308197), (-0.43077964, 0.48180377, 0.76308197), (-0.43077964, 0.48180377, 0.76308197), (-0.43077803, 0.48180157, 0.76308435), (-0.43077803, 0.48180157, 0.76308435), (-0.43077803, 0.48180157, 0.76308435), (-0.43077803, 0.48180157, 0.76308435), (-0.4307794, 0.4818022, 0.76308316), (-0.4307794, 0.4818022, 0.76308316), (-0.4307794, 0.4818022, 0.76308316), (-0.4307794, 0.4818022, 0.76308316), (0, -0.71065384, -0.7035419), (0, -0.71065384, -0.7035419), (0, -0.71065384, -0.7035419), (0, -0.71065384, -0.7035419), (0, -0.71065384, -0.7035419), (0, -0.71065384, -0.7035419), (0, -0.71065384, -0.7035419), (0, -0.71065384, -0.7035419), (0, -0.71065277, -0.70354295), (0, -0.71065277, -0.70354295), (0, -0.71065277, -0.70354295), (0, -0.71065277, -0.70354295), (-0.7106548, 0, 0.70354086), (-0.7106548, 0, 0.70354086), (-0.7106548, 0, 0.70354086), (-0.7106548, 0, 0.70354086), (-0.710652, 0, 0.7035438), (-0.710652, 0, 0.7035438), (-0.710652, 0, 0.7035438), (-0.710652, 0, 0.7035438), (-0.7106537, 0, 0.703542), (-0.7106537, 0, 0.703542), (-0.7106537, 0, 0.703542), (-0.7106537, 0, 0.703542), (0, 0.710654, 0.7035417), (0, 0.710654, 0.7035417), (0, 0.710654, 0.7035417), (0, 0.710654, 0.7035417), (0, 0.7106529, 0.7035427), (0, 0.7106529, 0.7035427), (0, 0.7106529, 0.7035427), (0, 0.7106529, 0.7035427), (0, 0.710654, 0.7035417), (0, 0.710654, 0.7035417), (0, 0.710654, 0.7035417), (0, 0.710654, 0.7035417), (0, -0.7106537, 0.70354193), (0, -0.7106537, 0.70354193), (0, -0.7106537, 0.70354193), (0, -0.7106537, 0.70354193), (0, -0.7106527, 0.7035429), (0, -0.7106527, 0.7035429), (0, -0.7106527, 0.7035429), (0, -0.7106527, 0.7035429), (0, -0.7106537, 0.70354193), (0, -0.7106537, 0.70354193), (0, -0.7106537, 0.70354193), (0, -0.7106537, 0.70354193), (-0.710654, 0, 0.7035416), (-0.710654, 0, 0.7035416), (-0.710654, 0, 0.7035416), (-0.710654, 0, 0.7035416), (-0.71065366, 0, 0.70354193), (-0.71065366, 0, 0.70354193), (-0.71065366, 0, 0.70354193), (-0.71065366, 0, 0.70354193), (-0.71065307, 0, 0.7035427), (-0.71065307, 0, 0.7035427), (-0.71065307, 0, 0.7035427), (-0.71065307, 0, 0.7035427), (-0.71065366, 0, 0.70354193), (-0.71065366, 0, 0.70354193), (-0.71065366, 0, 0.70354193), (-0.71065366, 0, 0.70354193), (-0.71065474, 0, -0.70354086), (-0.71065474, 0, -0.70354086), (-0.71065474, 0, -0.70354086), (-0.71065474, 0, -0.70354086), (-0.7106539, 0, -0.7035418), (-0.7106539, 0, -0.7035418), (-0.7106539, 0, -0.7035418), (-0.7106539, 0, -0.7035418), (-0.71065307, 0, -0.7035427), (-0.71065307, 0, -0.7035427), (-0.71065307, 0, -0.7035427), (-0.71065307, 0, -0.7035427), (-0.7106522, 0, -0.7035436), (-0.7106522, 0, -0.7035436), (-0.7106522, 0, -0.7035436), (-0.7106522, 0, -0.7035436), (-0.4307794, 0.4818035, -0.76308215), (-0.4307794, 0.4818035, -0.76308215), (-0.4307794, 0.4818035, -0.76308215), (-0.4307794, 0.4818035, -0.76308215), (-0.4307797, 0.48180243, -0.7630827), (-0.4307797, 0.48180243, -0.7630827), (-0.4307797, 0.48180243, -0.7630827), (-0.4307797, 0.48180243, -0.7630827), (-0.43077904, 0.48180255, -0.76308304), (-0.43077904, 0.48180255, -0.76308304), (-0.43077904, 0.48180255, -0.76308304), (-0.43077904, 0.48180255, -0.76308304), (-0.4307785, 0.4818027, -0.7630833), (-0.4307785, 0.4818027, -0.7630833), (-0.4307785, 0.4818027, -0.7630833), (-0.4307785, 0.4818027, -0.7630833), (-0.43077764, 0.48180193, 0.76308423), (-0.43077764, 0.48180193, 0.76308423), (-0.43077764, 0.48180193, 0.76308423), (-0.43077764, 0.48180193, 0.76308423), (-0.4307785, 0.4818027, 0.7630833), (-0.4307785, 0.4818027, 0.7630833), (-0.4307785, 0.4818027, 0.7630833), (-0.4307785, 0.4818027, 0.7630833), (-0.4307799, 0.48180264, 0.76308244), (-0.4307799, 0.48180264, 0.76308244), (-0.4307799, 0.48180264, 0.76308244), (-0.4307799, 0.48180264, 0.76308244), (-0.43077964, 0.48180377, 0.76308197), (-0.43077964, 0.48180377, 0.76308197), (-0.43077964, 0.48180377, 0.76308197), (-0.43077964, 0.48180377, 0.76308197), (-0.7106537, 0, -0.703542), (-0.7106537, 0, -0.703542), (-0.7106537, 0, -0.703542), (-0.7106537, 0, -0.703542), (-0.71065336, 0, -0.7035423), (-0.71065336, 0, -0.7035423), (-0.71065336, 0, -0.7035423), (-0.71065336, 0, -0.7035423), (-0.7106537, 0, -0.703542), (-0.7106537, 0, -0.703542), (-0.7106537, 0, -0.703542), (-0.7106537, 0, -0.703542), (-0.71065336, 0, -0.7035423), (-0.71065336, 0, -0.7035423), (-0.71065336, 0, -0.7035423), (-0.71065336, 0, -0.7035423), (-0.71065277, 0, 0.7035429), (-0.71065277, 0, 0.7035429), (-0.71065277, 0, 0.7035429), (-0.71065277, 0, 0.7035429), (-0.7106537, 0, 0.703542), (-0.7106537, 0, 0.703542), (-0.7106537, 0, 0.703542), (-0.7106537, 0, 0.703542), (-0.71065277, 0, 0.7035429), (-0.71065277, 0, 0.7035429), (-0.71065277, 0, 0.7035429), (-0.71065277, 0, 0.7035429), (-0.71065336, 0, 0.7035423), (-0.71065336, 0, 0.7035423), (-0.71065336, 0, 0.7035423), (-0.71065336, 0, 0.7035423), (-0.7106534, 0, 0.70354235), (-0.7106534, 0, 0.70354235), (-0.7106534, 0, 0.70354235), (-0.7106534, 0, 0.70354235), (-0.71065474, 0, 0.70354086), (-0.71065474, 0, 0.70354086), (-0.71065474, 0, 0.70354086), (-0.71065474, 0, 0.70354086), (-0.7106534, 0, 0.70354235), (-0.7106534, 0, 0.70354235), (-0.7106534, 0, 0.70354235), (-0.7106534, 0, 0.70354235), (-0.71065265, 0, 0.703543), (-0.71065265, 0, 0.703543), (-0.71065265, 0, 0.703543), (-0.71065265, 0, 0.703543), (-0.71065485, 0, -0.70354086), (-0.71065485, 0, -0.70354086), (-0.71065485, 0, -0.70354086), (-0.71065485, 0, -0.70354086), (-0.7106534, 0, -0.70354235), (-0.7106534, 0, -0.70354235), (-0.7106534, 0, -0.70354235), (-0.7106534, 0, -0.70354235), (-0.7106534, 0, -0.70354235), (-0.7106534, 0, -0.70354235), (-0.7106534, 0, -0.70354235), (-0.7106534, 0, -0.70354235), (-0.7106534, 0, -0.70354235), (-0.7106534, 0, -0.70354235), (-0.7106534, 0, -0.70354235), (-0.7106534, 0, -0.70354235), (0, -0.71065414, -0.70354146), (0, -0.71065414, -0.70354146), (0, -0.71065414, -0.70354146), (0, -0.71065414, -0.70354146), (0, -0.7106527, -0.703543), (0, -0.7106527, -0.703543), (0, -0.7106527, -0.703543), (0, -0.7106527, -0.703543), (0, -0.71065414, -0.70354146), (0, -0.71065414, -0.70354146), (0, -0.71065414, -0.70354146), (0, -0.71065414, -0.70354146), (0, -0.71065366, -0.703542), (0, -0.71065366, -0.703542), (0, -0.71065366, -0.703542), (0, -0.71065366, -0.703542), (0, -0.71065307, 0.7035426), (0, -0.71065307, 0.7035426), (0, -0.71065307, 0.7035426), (0, -0.71065307, 0.7035426), (0, -0.7106543, 0.7035413), (0, -0.7106543, 0.7035413), (0, -0.7106543, 0.7035413), (0, -0.7106543, 0.7035413), (0, -0.71065307, 0.7035426), (0, -0.71065307, 0.7035426), (0, -0.71065307, 0.7035426), (0, -0.71065307, 0.7035426), (0, -0.7106543, 0.7035413), (0, -0.7106543, 0.7035413), (0, -0.7106543, 0.7035413), (0, -0.7106543, 0.7035413), (0.7106513, 0, -0.70354444), (0.7106513, 0, -0.70354444), (0.7106513, 0, -0.70354444), (0.7106513, 0, -0.70354444), (0.4307785, 0.4818027, 0.7630833), (0.4307785, 0.4818027, 0.7630833), (0.4307785, 0.4818027, 0.7630833), (0.4307785, 0.4818027, 0.7630833), (0, -0.71065277, -0.70354295), (0, -0.71065277, -0.70354295), (0, -0.71065277, -0.70354295), (0, -0.71065277, -0.70354295), (0.7106548, 0, 0.70354086), (0.7106548, 0, 0.70354086), (0.7106548, 0, 0.70354086), (0.7106548, 0, 0.70354086), (0, 0.710654, 0.7035417), (0, 0.710654, 0.7035417), (0, 0.710654, 0.7035417), (0, 0.710654, 0.7035417), (0, -0.71065366, 0.703542), (0, -0.71065366, 0.703542), (0, -0.71065366, 0.703542), (0, -0.71065366, 0.703542), (0.7106534, 0, -0.70354235), (0.7106534, 0, -0.70354235), (0.7106534, 0, -0.70354235), (0.7106534, 0, -0.70354235), (0.71065176, 0, -0.70354384), (0.71065176, 0, -0.70354384), (0.71065176, 0, -0.70354384), (0.71065176, 0, -0.70354384), (0.7106522, 0, -0.7035436), (0.7106522, 0, -0.7035436), (0.7106522, 0, -0.7035436), (0.7106522, 0, -0.7035436), (0.43077654, 0.4818022, 0.76308465), (0.43077654, 0.4818022, 0.76308465), (0.43077654, 0.4818022, 0.76308465), (0.43077654, 0.4818022, 0.76308465), (0.4307794, 0.4818035, 0.76308215), (0.4307794, 0.4818035, 0.76308215), (0.4307794, 0.4818035, 0.76308215), (0.4307794, 0.4818035, 0.76308215), (0.43077835, 0.48180377, 0.76308256), (0.43077835, 0.48180377, 0.76308256), (0.43077835, 0.48180377, 0.76308256), (0.43077835, 0.48180377, 0.76308256), (0, -0.71065384, -0.7035419), (0, -0.71065384, -0.7035419), (0, -0.71065384, -0.7035419), (0, -0.71065384, -0.7035419), (0, -0.71065277, -0.70354295), (0, -0.71065277, -0.70354295), (0, -0.71065277, -0.70354295), (0, -0.71065277, -0.70354295), (0, -0.71065384, -0.7035419), (0, -0.71065384, -0.7035419), (0, -0.71065384, -0.7035419), (0, -0.71065384, -0.7035419), (0.71065277, 0, 0.7035429), (0.71065277, 0, 0.7035429), (0.71065277, 0, 0.7035429), (0.71065277, 0, 0.7035429), (0.7106548, 0, 0.70354086), (0.7106548, 0, 0.70354086), (0.7106548, 0, 0.70354086), (0.7106548, 0, 0.70354086), (0.71065277, 0, 0.7035429), (0.71065277, 0, 0.7035429), (0.71065277, 0, 0.7035429), (0.71065277, 0, 0.7035429), (0, 0.7106529, 0.7035427), (0, 0.7106529, 0.7035427), (0, 0.7106529, 0.7035427), (0, 0.7106529, 0.7035427), (0, 0.710654, 0.7035417), (0, 0.710654, 0.7035417), (0, 0.710654, 0.7035417), (0, 0.710654, 0.7035417), (0, 0.710654, 0.7035417), (0, 0.710654, 0.7035417), (0, 0.710654, 0.7035417), (0, 0.710654, 0.7035417), (0, -0.71065307, 0.7035426), (0, -0.71065307, 0.7035426), (0, -0.71065307, 0.7035426), (0, -0.71065307, 0.7035426), (0, -0.71065366, 0.703542), (0, -0.71065366, 0.703542), (0, -0.71065366, 0.703542), (0, -0.71065366, 0.703542), (0, -0.7106543, 0.7035413), (0, -0.7106543, 0.7035413), (0, -0.7106543, 0.7035413), (0, -0.7106543, 0.7035413), (0.710654, 0, 0.7035416), (0.710654, 0, 0.7035416), (0.710654, 0, 0.7035416), (0.710654, 0, 0.7035416), (0.4307789, 0.48180294, -0.7630829), (0.4307789, 0.48180294, -0.7630829), (0.4307789, 0.48180294, -0.7630829), (0.4307789, 0.48180294, -0.7630829), (0, -0.71065384, 0.7035419), (0, -0.71065384, 0.7035419), (0, -0.71065384, 0.7035419), (0, -0.71065384, 0.7035419), (0.71065336, 0, -0.7035423), (0.71065336, 0, -0.7035423), (0.71065336, 0, -0.7035423), (0.71065336, 0, -0.7035423), (0, 0.7106529, -0.7035427), (0, 0.7106529, -0.7035427), (0, 0.7106529, -0.7035427), (0, 0.7106529, -0.7035427), (0, -0.7106527, -0.7035429), (0, -0.7106527, -0.7035429), (0, -0.7106527, -0.7035429), (0, -0.7106527, -0.7035429), (0.7106533, 0, 0.70354235), (0.7106533, 0, 0.70354235), (0.7106533, 0, 0.70354235), (0.7106533, 0, 0.70354235), (0.710654, 0, 0.7035416), (0.710654, 0, 0.7035416), (0.710654, 0, 0.7035416), (0.710654, 0, 0.7035416), (0.71065253, 0, 0.7035431), (0.71065253, 0, 0.7035431), (0.71065253, 0, 0.7035431), (0.71065253, 0, 0.7035431), (0.43077964, 0.48180377, -0.76308197), (0.43077964, 0.48180377, -0.76308197), (0.43077964, 0.48180377, -0.76308197), (0.43077964, 0.48180377, -0.76308197), (0.43077803, 0.48180157, -0.76308435), (0.43077803, 0.48180157, -0.76308435), (0.43077803, 0.48180157, -0.76308435), (0.43077803, 0.48180157, -0.76308435), (0.4307794, 0.4818022, -0.76308316), (0.4307794, 0.4818022, -0.76308316), (0.4307794, 0.4818022, -0.76308316), (0.4307794, 0.4818022, -0.76308316), (0, -0.71065384, 0.7035419), (0, -0.71065384, 0.7035419), (0, -0.71065384, 0.7035419), (0, -0.71065384, 0.7035419), (0, -0.71065384, 0.7035419), (0, -0.71065384, 0.7035419), (0, -0.71065384, 0.7035419), (0, -0.71065384, 0.7035419), (0, -0.71065277, 0.70354295), (0, -0.71065277, 0.70354295), (0, -0.71065277, 0.70354295), (0, -0.71065277, 0.70354295), (0.7106548, 0, -0.70354086), (0.7106548, 0, -0.70354086), (0.7106548, 0, -0.70354086), (0.7106548, 0, -0.70354086), (0.710652, 0, -0.7035438), (0.710652, 0, -0.7035438), (0.710652, 0, -0.7035438), (0.710652, 0, -0.7035438), (0.7106537, 0, -0.703542), (0.7106537, 0, -0.703542), (0.7106537, 0, -0.703542), (0.7106537, 0, -0.703542), (0, 0.710654, -0.7035417), (0, 0.710654, -0.7035417), (0, 0.710654, -0.7035417), (0, 0.710654, -0.7035417), (0, 0.7106529, -0.7035427), (0, 0.7106529, -0.7035427), (0, 0.7106529, -0.7035427), (0, 0.7106529, -0.7035427), (0, 0.710654, -0.7035417), (0, 0.710654, -0.7035417), (0, 0.710654, -0.7035417), (0, 0.710654, -0.7035417), (0, -0.7106537, -0.70354193), (0, -0.7106537, -0.70354193), (0, -0.7106537, -0.70354193), (0, -0.7106537, -0.70354193), (0, -0.7106527, -0.7035429), (0, -0.7106527, -0.7035429), (0, -0.7106527, -0.7035429), (0, -0.7106527, -0.7035429), (0, -0.7106537, -0.70354193), (0, -0.7106537, -0.70354193), (0, -0.7106537, -0.70354193), (0, -0.7106537, -0.70354193), (0.710654, 0, -0.7035416), (0.710654, 0, -0.7035416), (0.710654, 0, -0.7035416), (0.710654, 0, -0.7035416), (0.71065366, 0, -0.70354193), (0.71065366, 0, -0.70354193), (0.71065366, 0, -0.70354193), (0.71065366, 0, -0.70354193), (0.71065307, 0, -0.7035427), (0.71065307, 0, -0.7035427), (0.71065307, 0, -0.7035427), (0.71065307, 0, -0.7035427), (0.71065366, 0, -0.70354193), (0.71065366, 0, -0.70354193), (0.71065366, 0, -0.70354193), (0.71065366, 0, -0.70354193), (0.71065474, 0, 0.70354086), (0.71065474, 0, 0.70354086), (0.71065474, 0, 0.70354086), (0.71065474, 0, 0.70354086), (0.7106539, 0, 0.7035418), (0.7106539, 0, 0.7035418), (0.7106539, 0, 0.7035418), (0.7106539, 0, 0.7035418), (0.71065307, 0, 0.7035427), (0.71065307, 0, 0.7035427), (0.71065307, 0, 0.7035427), (0.71065307, 0, 0.7035427), (0.7106522, 0, 0.7035436), (0.7106522, 0, 0.7035436), (0.7106522, 0, 0.7035436), (0.7106522, 0, 0.7035436), (0.4307794, 0.4818035, 0.76308215), (0.4307794, 0.4818035, 0.76308215), (0.4307794, 0.4818035, 0.76308215), (0.4307794, 0.4818035, 0.76308215), (0.4307797, 0.48180243, 0.7630827), (0.4307797, 0.48180243, 0.7630827), (0.4307797, 0.48180243, 0.7630827), (0.4307797, 0.48180243, 0.7630827), (0.43077904, 0.48180255, 0.76308304), (0.43077904, 0.48180255, 0.76308304), (0.43077904, 0.48180255, 0.76308304), (0.43077904, 0.48180255, 0.76308304), (0.4307785, 0.4818027, 0.7630833), (0.4307785, 0.4818027, 0.7630833), (0.4307785, 0.4818027, 0.7630833), (0.4307785, 0.4818027, 0.7630833), (0.43077764, 0.48180193, -0.76308423), (0.43077764, 0.48180193, -0.76308423), (0.43077764, 0.48180193, -0.76308423), (0.43077764, 0.48180193, -0.76308423), (0.4307785, 0.4818027, -0.7630833), (0.4307785, 0.4818027, -0.7630833), (0.4307785, 0.4818027, -0.7630833), (0.4307785, 0.4818027, -0.7630833), (0.4307799, 0.48180264, -0.76308244), (0.4307799, 0.48180264, -0.76308244), (0.4307799, 0.48180264, -0.76308244), (0.4307799, 0.48180264, -0.76308244), (0.43077964, 0.48180377, -0.76308197), (0.43077964, 0.48180377, -0.76308197), (0.43077964, 0.48180377, -0.76308197), (0.43077964, 0.48180377, -0.76308197), (0.7106537, 0, 0.703542), (0.7106537, 0, 0.703542), (0.7106537, 0, 0.703542), (0.7106537, 0, 0.703542), (0.71065336, 0, 0.7035423), (0.71065336, 0, 0.7035423), (0.71065336, 0, 0.7035423), (0.71065336, 0, 0.7035423), (0.7106537, 0, 0.703542), (0.7106537, 0, 0.703542), (0.7106537, 0, 0.703542), (0.7106537, 0, 0.703542), (0.71065336, 0, 0.7035423), (0.71065336, 0, 0.7035423), (0.71065336, 0, 0.7035423), (0.71065336, 0, 0.7035423), (0.71065277, 0, -0.7035429), (0.71065277, 0, -0.7035429), (0.71065277, 0, -0.7035429), (0.71065277, 0, -0.7035429), (0.7106537, 0, -0.703542), (0.7106537, 0, -0.703542), (0.7106537, 0, -0.703542), (0.7106537, 0, -0.703542), (0.71065277, 0, -0.7035429), (0.71065277, 0, -0.7035429), (0.71065277, 0, -0.7035429), (0.71065277, 0, -0.7035429), (0.71065336, 0, -0.7035423), (0.71065336, 0, -0.7035423), (0.71065336, 0, -0.7035423), (0.71065336, 0, -0.7035423), (0.7106534, 0, -0.70354235), (0.7106534, 0, -0.70354235), (0.7106534, 0, -0.70354235), (0.7106534, 0, -0.70354235), (0.71065474, 0, -0.70354086), (0.71065474, 0, -0.70354086), (0.71065474, 0, -0.70354086), (0.71065474, 0, -0.70354086), (0.7106534, 0, -0.70354235), (0.7106534, 0, -0.70354235), (0.7106534, 0, -0.70354235), (0.7106534, 0, -0.70354235), (0.71065265, 0, -0.703543), (0.71065265, 0, -0.703543), (0.71065265, 0, -0.703543), (0.71065265, 0, -0.703543), (0.71065485, 0, 0.70354086), (0.71065485, 0, 0.70354086), (0.71065485, 0, 0.70354086), (0.71065485, 0, 0.70354086), (0.7106534, 0, 0.70354235), (0.7106534, 0, 0.70354235), (0.7106534, 0, 0.70354235), (0.7106534, 0, 0.70354235), (0.7106534, 0, 0.70354235), (0.7106534, 0, 0.70354235), (0.7106534, 0, 0.70354235), (0.7106534, 0, 0.70354235), (0.7106534, 0, 0.70354235), (0.7106534, 0, 0.70354235), (0.7106534, 0, 0.70354235), (0.7106534, 0, 0.70354235), (0, -0.71065414, 0.70354146), (0, -0.71065414, 0.70354146), (0, -0.71065414, 0.70354146), (0, -0.71065414, 0.70354146), (0, -0.7106527, 0.703543), (0, -0.7106527, 0.703543), (0, -0.7106527, 0.703543), (0, -0.7106527, 0.703543), (0, -0.71065414, 0.70354146), (0, -0.71065414, 0.70354146), (0, -0.71065414, 0.70354146), (0, -0.71065414, 0.70354146), (0, -0.71065366, 0.703542), (0, -0.71065366, 0.703542), (0, -0.71065366, 0.703542), (0, -0.71065366, 0.703542), (0, -0.71065307, -0.7035426), (0, -0.71065307, -0.7035426), (0, -0.71065307, -0.7035426), (0, -0.71065307, -0.7035426), (0, -0.7106543, -0.7035413), (0, -0.7106543, -0.7035413), (0, -0.7106543, -0.7035413), (0, -0.7106543, -0.7035413), (0, -0.71065307, -0.7035426), (0, -0.71065307, -0.7035426), (0, -0.71065307, -0.7035426), (0, -0.71065307, -0.7035426), (0, -0.7106543, -0.7035413), (0, -0.7106543, -0.7035413), (0, -0.7106543, -0.7035413), (0, -0.7106543, -0.7035413), (-0.7106513, 0, -0.70354444), (-0.7106513, 0, -0.70354444), (-0.7106513, 0, -0.70354444), (-0.7106513, 0, -0.70354444), (-0.43077895, 0.48180324, 0.7630827), (-0.43077895, 0.48180324, 0.7630827), (-0.43077895, 0.48180324, 0.7630827), (-0.43077895, 0.48180324, 0.7630827), (0, -0.71065277, -0.703543), (0, -0.71065277, -0.703543), (0, -0.71065277, -0.703543), (0, -0.71065277, -0.703543), (-0.7106548, 0, 0.70354086), (-0.7106548, 0, 0.70354086), (-0.7106548, 0, 0.70354086), (-0.7106548, 0, 0.70354086), (0, 0.7106541, 0.7035415), (0, 0.7106541, 0.7035415), (0, 0.7106541, 0.7035415), (0, 0.7106541, 0.7035415), (0, -0.71065366, 0.703542), (0, -0.71065366, 0.703542), (0, -0.71065366, 0.703542), (0, -0.71065366, 0.703542), (-0.7106534, 0, -0.70354235), (-0.7106534, 0, -0.70354235), (-0.7106534, 0, -0.70354235), (-0.7106534, 0, -0.70354235), (-0.71065176, 0, -0.70354384), (-0.71065176, 0, -0.70354384), (-0.71065176, 0, -0.70354384), (-0.71065176, 0, -0.70354384), (-0.7106522, 0, -0.7035436), (-0.7106522, 0, -0.7035436), (-0.7106522, 0, -0.7035436), (-0.7106522, 0, -0.7035436), (-0.4307781, 0.4818024, 0.7630836), (-0.4307781, 0.4818024, 0.7630836), (-0.4307781, 0.4818024, 0.7630836), (-0.4307781, 0.4818024, 0.7630836), (-0.43077925, 0.48180333, 0.7630825), (-0.43077925, 0.48180333, 0.7630825), (-0.43077925, 0.48180333, 0.7630825), (-0.43077925, 0.48180333, 0.7630825), (-0.43077818, 0.48180357, 0.76308286), (-0.43077818, 0.48180357, 0.76308286), (-0.43077818, 0.48180357, 0.76308286), (-0.43077818, 0.48180357, 0.76308286), (0, -0.7106538, -0.7035419), (0, -0.7106538, -0.7035419), (0, -0.7106538, -0.7035419), (0, -0.7106538, -0.7035419), (0, -0.71065277, -0.703543), (0, -0.71065277, -0.703543), (0, -0.71065277, -0.703543), (0, -0.71065277, -0.703543), (0, -0.7106538, -0.7035419), (0, -0.7106538, -0.7035419), (0, -0.7106538, -0.7035419), (0, -0.7106538, -0.7035419), (-0.71065277, 0, 0.7035429), (-0.71065277, 0, 0.7035429), (-0.71065277, 0, 0.7035429), (-0.71065277, 0, 0.7035429), (-0.7106548, 0, 0.70354086), (-0.7106548, 0, 0.70354086), (-0.7106548, 0, 0.70354086), (-0.7106548, 0, 0.70354086), (-0.71065277, 0, 0.7035429), (-0.71065277, 0, 0.7035429), (-0.71065277, 0, 0.7035429), (-0.71065277, 0, 0.7035429), (0, 0.71065307, 0.7035426), (0, 0.71065307, 0.7035426), (0, 0.71065307, 0.7035426), (0, 0.71065307, 0.7035426), (0, 0.7106541, 0.7035415), (0, 0.7106541, 0.7035415), (0, 0.7106541, 0.7035415), (0, 0.7106541, 0.7035415), (0, 0.7106541, 0.7035415), (0, 0.7106541, 0.7035415), (0, 0.7106541, 0.7035415), (0, 0.7106541, 0.7035415), (0, -0.71065307, 0.7035426), (0, -0.71065307, 0.7035426), (0, -0.71065307, 0.7035426), (0, -0.71065307, 0.7035426), (0, -0.71065366, 0.703542), (0, -0.71065366, 0.703542), (0, -0.71065366, 0.703542), (0, -0.71065366, 0.703542), (0, -0.7106543, 0.7035413), (0, -0.7106543, 0.7035413), (0, -0.7106543, 0.7035413), (0, -0.7106543, 0.7035413), (-0.7106535, 0, 0.7035422), (-0.7106535, 0, 0.7035422), (-0.7106535, 0, 0.7035422), (-0.7106535, 0, 0.7035422), (-0.4307789, 0.48180294, -0.7630829), (-0.4307789, 0.48180294, -0.7630829), (-0.4307789, 0.48180294, -0.7630829), (-0.4307789, 0.48180294, -0.7630829), (0, -0.7106538, 0.7035419), (0, -0.7106538, 0.7035419), (0, -0.7106538, 0.7035419), (0, -0.7106538, 0.7035419), (-0.71065265, 0, -0.703543), (-0.71065265, 0, -0.703543), (-0.71065265, 0, -0.703543), (-0.71065265, 0, -0.703543), (0, 0.71065307, -0.7035426), (0, 0.71065307, -0.7035426), (0, 0.71065307, -0.7035426), (0, 0.71065307, -0.7035426), (0, -0.7106527, -0.703543), (0, -0.7106527, -0.703543), (0, -0.7106527, -0.703543), (0, -0.7106527, -0.703543), (-0.7106531, 0, 0.7035426), (-0.7106531, 0, 0.7035426), (-0.7106531, 0, 0.7035426), (-0.7106531, 0, 0.7035426), (-0.710654, 0, 0.7035416), (-0.710654, 0, 0.7035416), (-0.710654, 0, 0.7035416), (-0.710654, 0, 0.7035416), (-0.71065176, 0, 0.70354384), (-0.71065176, 0, 0.70354384), (-0.71065176, 0, 0.70354384), (-0.71065176, 0, 0.70354384), (-0.43077964, 0.48180377, -0.76308197), (-0.43077964, 0.48180377, -0.76308197), (-0.43077964, 0.48180377, -0.76308197), (-0.43077964, 0.48180377, -0.76308197), (-0.4307781, 0.4818024, -0.7630836), (-0.4307781, 0.4818024, -0.7630836), (-0.4307781, 0.4818024, -0.7630836), (-0.4307781, 0.4818024, -0.7630836), (-0.43078008, 0.48180294, -0.76308227), (-0.43078008, 0.48180294, -0.76308227), (-0.43078008, 0.48180294, -0.76308227), (-0.43078008, 0.48180294, -0.76308227), (0, -0.7106538, 0.7035419), (0, -0.7106538, 0.7035419), (0, -0.7106538, 0.7035419), (0, -0.7106538, 0.7035419), (0, -0.7106538, 0.7035419), (0, -0.7106538, 0.7035419), (0, -0.7106538, 0.7035419), (0, -0.7106538, 0.7035419), (0, -0.71065277, 0.703543), (0, -0.71065277, 0.703543), (0, -0.71065277, 0.703543), (0, -0.71065277, 0.703543), (-0.7106548, 0, -0.70354086), (-0.7106548, 0, -0.70354086), (-0.7106548, 0, -0.70354086), (-0.7106548, 0, -0.70354086), (-0.710652, 0, -0.7035438), (-0.710652, 0, -0.7035438), (-0.710652, 0, -0.7035438), (-0.710652, 0, -0.7035438), (-0.7106537, 0, -0.703542), (-0.7106537, 0, -0.703542), (-0.7106537, 0, -0.703542), (-0.7106537, 0, -0.703542), (0, 0.7106541, -0.7035415), (0, 0.7106541, -0.7035415), (0, 0.7106541, -0.7035415), (0, 0.7106541, -0.7035415), (0, 0.71065307, -0.7035426), (0, 0.71065307, -0.7035426), (0, 0.71065307, -0.7035426), (0, 0.71065307, -0.7035426), (0, 0.7106541, -0.7035415), (0, 0.7106541, -0.7035415), (0, 0.7106541, -0.7035415), (0, 0.7106541, -0.7035415), (0, -0.71065366, -0.703542), (0, -0.71065366, -0.703542), (0, -0.71065366, -0.703542), (0, -0.71065366, -0.703542), (0, -0.7106527, -0.703543), (0, -0.7106527, -0.703543), (0, -0.7106527, -0.703543), (0, -0.7106527, -0.703543), (0, -0.71065366, -0.703542), (0, -0.71065366, -0.703542), (0, -0.71065366, -0.703542), (0, -0.71065366, -0.703542), (-0.710654, 0, -0.7035416), (-0.710654, 0, -0.7035416), (-0.710654, 0, -0.7035416), (-0.710654, 0, -0.7035416), (-0.710654, 0, -0.7035416), (-0.710654, 0, -0.7035416), (-0.710654, 0, -0.7035416), (-0.710654, 0, -0.7035416), (-0.71065307, 0, -0.7035427), (-0.71065307, 0, -0.7035427), (-0.71065307, 0, -0.7035427), (-0.71065307, 0, -0.7035427), (-0.710654, 0, -0.7035416), (-0.710654, 0, -0.7035416), (-0.710654, 0, -0.7035416), (-0.710654, 0, -0.7035416), (-0.71065474, 0, 0.70354086), (-0.71065474, 0, 0.70354086), (-0.71065474, 0, 0.70354086), (-0.71065474, 0, 0.70354086), (-0.71065474, 0, 0.70354086), (-0.71065474, 0, 0.70354086), (-0.71065474, 0, 0.70354086), (-0.71065474, 0, 0.70354086), (-0.71065307, 0, 0.7035427), (-0.71065307, 0, 0.7035427), (-0.71065307, 0, 0.7035427), (-0.71065307, 0, 0.7035427), (-0.71065307, 0, 0.7035427), (-0.71065307, 0, 0.7035427), (-0.71065307, 0, 0.7035427), (-0.71065307, 0, 0.7035427), (-0.43077925, 0.48180333, 0.7630825), (-0.43077925, 0.48180333, 0.7630825), (-0.43077925, 0.48180333, 0.7630825), (-0.43077925, 0.48180333, 0.7630825), (-0.43077952, 0.48180223, 0.763083), (-0.43077952, 0.48180223, 0.763083), (-0.43077952, 0.48180223, 0.763083), (-0.43077952, 0.48180223, 0.763083), (-0.43077895, 0.48180324, 0.7630827), (-0.43077895, 0.48180324, 0.7630827), (-0.43077895, 0.48180324, 0.7630827), (-0.43077895, 0.48180324, 0.7630827), (-0.43077895, 0.48180324, 0.7630827), (-0.43077895, 0.48180324, 0.7630827), (-0.43077895, 0.48180324, 0.7630827), (-0.43077895, 0.48180324, 0.7630827), (-0.43077788, 0.48180217, -0.7630839), (-0.43077788, 0.48180217, -0.7630839), (-0.43077788, 0.48180217, -0.7630839), (-0.43077788, 0.48180217, -0.7630839), (-0.43077815, 0.48180312, -0.7630832), (-0.43077815, 0.48180312, -0.7630832), (-0.43077815, 0.48180312, -0.7630832), (-0.43077815, 0.48180312, -0.7630832), (-0.4307789, 0.48180294, -0.7630829), (-0.4307789, 0.48180294, -0.7630829), (-0.4307789, 0.48180294, -0.7630829), (-0.4307789, 0.48180294, -0.7630829), (-0.43077964, 0.48180377, -0.76308197), (-0.43077964, 0.48180377, -0.76308197), (-0.43077964, 0.48180377, -0.76308197), (-0.43077964, 0.48180377, -0.76308197), (-0.7106537, 0, 0.703542), (-0.7106537, 0, 0.703542), (-0.7106537, 0, 0.703542), (-0.7106537, 0, 0.703542), (-0.71065265, 0, 0.703543), (-0.71065265, 0, 0.703543), (-0.71065265, 0, 0.703543), (-0.71065265, 0, 0.703543), (-0.7106537, 0, 0.703542), (-0.7106537, 0, 0.703542), (-0.7106537, 0, 0.703542), (-0.7106537, 0, 0.703542), (-0.71065336, 0, 0.7035423), (-0.71065336, 0, 0.7035423), (-0.71065336, 0, 0.7035423), (-0.71065336, 0, 0.7035423), (-0.71065277, 0, -0.7035429), (-0.71065277, 0, -0.7035429), (-0.71065277, 0, -0.7035429), (-0.71065277, 0, -0.7035429), (-0.7106537, 0, -0.703542), (-0.7106537, 0, -0.703542), (-0.7106537, 0, -0.703542), (-0.7106537, 0, -0.703542), (-0.71065277, 0, -0.7035429), (-0.71065277, 0, -0.7035429), (-0.71065277, 0, -0.7035429), (-0.71065277, 0, -0.7035429), (-0.71065336, 0, -0.7035423), (-0.71065336, 0, -0.7035423), (-0.71065336, 0, -0.7035423), (-0.71065336, 0, -0.7035423), (-0.7106534, 0, -0.70354235), (-0.7106534, 0, -0.70354235), (-0.7106534, 0, -0.70354235), (-0.7106534, 0, -0.70354235), (-0.71065474, 0, -0.70354086), (-0.71065474, 0, -0.70354086), (-0.71065474, 0, -0.70354086), (-0.71065474, 0, -0.70354086), (-0.7106534, 0, -0.70354235), (-0.7106534, 0, -0.70354235), (-0.7106534, 0, -0.70354235), (-0.7106534, 0, -0.70354235), (-0.7106534, 0, -0.70354235), (-0.7106534, 0, -0.70354235), (-0.7106534, 0, -0.70354235), (-0.7106534, 0, -0.70354235), (-0.71065485, 0, 0.70354086), (-0.71065485, 0, 0.70354086), (-0.71065485, 0, 0.70354086), (-0.71065485, 0, 0.70354086), (-0.7106534, 0, 0.70354235), (-0.7106534, 0, 0.70354235), (-0.7106534, 0, 0.70354235), (-0.7106534, 0, 0.70354235), (-0.7106534, 0, 0.70354235), (-0.7106534, 0, 0.70354235), (-0.7106534, 0, 0.70354235), (-0.7106534, 0, 0.70354235), (-0.71065265, 0, 0.703543), (-0.71065265, 0, 0.703543), (-0.71065265, 0, 0.703543), (-0.71065265, 0, 0.703543), (0, -0.71065426, 0.7035414), (0, -0.71065426, 0.7035414), (0, -0.71065426, 0.7035414), (0, -0.71065426, 0.7035414), (0, -0.7106527, 0.703543), (0, -0.7106527, 0.703543), (0, -0.7106527, 0.703543), (0, -0.7106527, 0.703543), (0, -0.71065426, 0.7035414), (0, -0.71065426, 0.7035414), (0, -0.71065426, 0.7035414), (0, -0.71065426, 0.7035414), (0, -0.71065366, 0.703542), (0, -0.71065366, 0.703542), (0, -0.71065366, 0.703542), (0, -0.71065366, 0.703542), (0, -0.710653, -0.7035427), (0, -0.710653, -0.7035427), (0, -0.710653, -0.7035427), (0, -0.710653, -0.7035427), (0, -0.71065426, -0.7035414), (0, -0.71065426, -0.7035414), (0, -0.71065426, -0.7035414), (0, -0.71065426, -0.7035414), (0, -0.710653, -0.7035427), (0, -0.710653, -0.7035427), (0, -0.710653, -0.7035427), (0, -0.710653, -0.7035427), (0, -0.71065426, -0.7035414), (0, -0.71065426, -0.7035414), (0, -0.71065426, -0.7035414), (0, -0.71065426, -0.7035414)] (
                interpolation = "faceVarying"
            )
            point3f[] points = [(16.439514, 3.757316, 52.166496), (16.439514, 31.7985, 52.166496), (16.439514, 13.181512, 52.166496), (11.871112, 3.757316, 52.166496), (11.028646, 36.636345, 52.166496), (16.439514, 13.181512, 42.00382), (16.439514, 3.757316, 42.00382), (11.871112, 3.757316, 42.00382), (11.028646, 36.636345, 42.00382), (16.439514, 31.7985, 42.00382), (16.439514, 13.181512, 44.544487), (16.439514, 13.181512, 47.08516), (16.439514, 13.181512, 49.625828), (16.439514, 3.757316, 44.544487), (16.439514, 3.757316, 47.08516), (16.439514, 3.757316, 49.625828), (11.871112, 3.757316, 44.544487), (11.871112, 3.757316, 47.08516), (11.871112, 3.757316, 49.625828), (11.028646, 36.636345, 44.544487), (11.028646, 36.636345, 47.08516), (11.028646, 36.636345, 49.625828), (16.439514, 31.7985, 44.544487), (16.439514, 31.7985, 47.08516), (16.439514, 31.7985, 49.625828), (17.697138, 12.64484, 50.896164), (17.697138, 2.499693, 50.896164), (12.779252, 2.499693, 50.896164), (11.872337, 37.893967, 50.896164), (17.697138, 32.686028, 50.896164), (12.779252, 2.499693, 43.274155), (17.697138, 2.499693, 43.274155), (17.697138, 12.64484, 43.274155), (17.697138, 32.686028, 43.274155), (11.872337, 37.893967, 43.274155), (17.697138, 12.64484, 45.814823), (17.697138, 2.499693, 45.814823), (12.779252, 2.499693, 45.814823), (0, 36.636345, 52.166496), (11.872337, 37.893967, 45.814823), (17.697138, 32.686028, 45.814823), (17.697138, 12.64484, 48.35549), (17.697138, 2.499693, 48.35549), (12.779252, 2.499693, 48.35549), (0, 37.893967, 50.896164), (0, 36.636345, 49.625828), (0, 37.893967, 48.35549), (0, 36.636345, 47.08516), (0, 37.893967, 45.814823), (11.872337, 37.893967, 48.35549), (17.697138, 32.686028, 48.35549), (0, 36.636345, 44.544487), (0, 37.893967, 43.274155), (0, 36.636345, 42.00382), (16.439514, 10.529276, 52.166496), (16.439514, 10.529276, 42.00382), (16.439514, 10.529276, 44.544487), (16.439514, 10.529276, 47.08516), (16.439514, 10.529276, 49.625828), (17.697138, 9.789709, 50.896164), (0, 3.757316, 52.166496), (0, 2.499693, 50.896164), (17.697138, 9.789709, 43.274155), (17.697138, 9.789709, 45.814823), (0, 3.757316, 49.625828), (17.697138, 9.789709, 48.35549), (0, 2.499693, 48.35549), (0, 3.757316, 47.08516), (0, 2.499693, 45.814823), (0, 3.757316, 44.544487), (0, 2.499693, 43.274155), (0, 3.757316, 42.00382), (14.891688, 33.182407, 52.166496), (14.891688, 33.182407, 42.00382), (14.891688, 33.182407, 44.544487), (14.891688, 33.182407, 47.08516), (14.891688, 33.182407, 49.625828), (17.141962, 33.182407, 50.896164), (17.141962, 33.182407, 43.274155), (17.141962, 33.182407, 45.814823), (17.141962, 33.182407, 48.35549), (16.439514, 13.649919, 52.166496), (16.439514, 13.649919, 42.00382), (16.439514, 13.649919, 44.544487), (16.439514, 13.649919, 47.08516), (16.439514, 13.649919, 49.625828), (17.697138, 13.649919, 50.896164), (17.697138, 13.649919, 43.274155), (17.697138, 13.649919, 45.814823), (17.697138, 13.649919, 48.35549), (16.439514, 8.947945, 52.166496), (16.439514, 8.947945, 42.00382), (16.439514, 8.947945, 44.544487), (16.439514, 8.947945, 47.08516), (16.439514, 8.947945, 49.625828), (17.697138, 8.947945, 50.896164), (17.697138, 8.947945, 43.274155), (17.697138, 8.947945, 45.814823), (17.697138, 8.947945, 48.35549), (12.271073, 3.757316, 52.166496), (12.271073, 3.757316, 42.00382), (12.271073, 3.757316, 44.544487), (12.271073, 3.757316, 47.08516), (12.271073, 3.757316, 49.625828), (13.20981, 2.499693, 50.896164), (13.20981, 2.499693, 43.274155), (13.20981, 2.499693, 45.814823), (13.20981, 2.499693, 48.35549), (-16.439514, 3.757316, 52.166496), (-16.439514, 31.7985, 52.166496), (-16.439514, 13.181512, 52.166496), (-11.871112, 3.757316, 52.166496), (-11.028646, 36.636345, 52.166496), (-16.439514, 13.181512, 42.00382), (-16.439514, 3.757316, 42.00382), (-11.871112, 3.757316, 42.00382), (-11.028646, 36.636345, 42.00382), (-16.439514, 31.7985, 42.00382), (-16.439514, 13.181512, 44.544487), (-16.439514, 13.181512, 47.08516), (-16.439514, 13.181512, 49.625828), (-16.439514, 3.757316, 44.544487), (-16.439514, 3.757316, 47.08516), (-16.439514, 3.757316, 49.625828), (-11.871112, 3.757316, 44.544487), (-11.871112, 3.757316, 47.08516), (-11.871112, 3.757316, 49.625828), (-11.028646, 36.636345, 44.544487), (-11.028646, 36.636345, 47.08516), (-11.028646, 36.636345, 49.625828), (-16.439514, 31.7985, 44.544487), (-16.439514, 31.7985, 47.08516), (-16.439514, 31.7985, 49.625828), (-17.697138, 12.64484, 50.896164), (-17.697138, 2.499693, 50.896164), (-12.779252, 2.499693, 50.896164), (-11.872337, 37.893967, 50.896164), (-17.697138, 32.686028, 50.896164), (-12.779252, 2.499693, 43.274155), (-17.697138, 2.499693, 43.274155), (-17.697138, 12.64484, 43.274155), (-17.697138, 32.686028, 43.274155), (-11.872337, 37.893967, 43.274155), (-17.697138, 12.64484, 45.814823), (-17.697138, 2.499693, 45.814823), (-12.779252, 2.499693, 45.814823), (-11.872337, 37.893967, 45.814823), (-17.697138, 32.686028, 45.814823), (-17.697138, 12.64484, 48.35549), (-17.697138, 2.499693, 48.35549), (-12.779252, 2.499693, 48.35549), (-11.872337, 37.893967, 48.35549), (-17.697138, 32.686028, 48.35549), (-16.439514, 10.529276, 52.166496), (-16.439514, 10.529276, 42.00382), (-16.439514, 10.529276, 44.544487), (-16.439514, 10.529276, 47.08516), (-16.439514, 10.529276, 49.625828), (-17.697138, 9.789709, 50.896164), (-17.697138, 9.789709, 43.274155), (-17.697138, 9.789709, 45.814823), (-17.697138, 9.789709, 48.35549), (-14.891688, 33.182407, 52.166496), (-14.891688, 33.182407, 42.00382), (-14.891688, 33.182407, 44.544487), (-14.891688, 33.182407, 47.08516), (-14.891688, 33.182407, 49.625828), (-17.141962, 33.182407, 50.896164), (-17.141962, 33.182407, 43.274155), (-17.141962, 33.182407, 45.814823), (-17.141962, 33.182407, 48.35549), (-16.439514, 13.649919, 52.166496), (-16.439514, 13.649919, 42.00382), (-16.439514, 13.649919, 44.544487), (-16.439514, 13.649919, 47.08516), (-16.439514, 13.649919, 49.625828), (-17.697138, 13.649919, 50.896164), (-17.697138, 13.649919, 43.274155), (-17.697138, 13.649919, 45.814823), (-17.697138, 13.649919, 48.35549), (-16.439514, 8.947945, 52.166496), (-16.439514, 8.947945, 42.00382), (-16.439514, 8.947945, 44.544487), (-16.439514, 8.947945, 47.08516), (-16.439514, 8.947945, 49.625828), (-17.697138, 8.947945, 50.896164), (-17.697138, 8.947945, 43.274155), (-17.697138, 8.947945, 45.814823), (-17.697138, 8.947945, 48.35549), (-12.271073, 3.757316, 52.166496), (-12.271073, 3.757316, 42.00382), (-12.271073, 3.757316, 44.544487), (-12.271073, 3.757316, 47.08516), (-12.271073, 3.757316, 49.625828), (-13.20981, 2.499693, 50.896164), (-13.20981, 2.499693, 43.274155), (-13.20981, 2.499693, 45.814823), (-13.20981, 2.499693, 48.35549), (16.439514, 3.757316, -52.166496), (16.439514, 31.7985, -52.166496), (16.439514, 13.181512, -52.166496), (11.871112, 3.757316, -52.166496), (11.028646, 36.636345, -52.166496), (16.439514, 13.181512, -42.00382), (16.439514, 3.757316, -42.00382), (11.871112, 3.757316, -42.00382), (11.028646, 36.636345, -42.00382), (16.439514, 31.7985, -42.00382), (16.439514, 13.181512, -44.544487), (16.439514, 13.181512, -47.08516), (16.439514, 13.181512, -49.625828), (16.439514, 3.757316, -44.544487), (16.439514, 3.757316, -47.08516), (16.439514, 3.757316, -49.625828), (11.871112, 3.757316, -44.544487), (11.871112, 3.757316, -47.08516), (11.871112, 3.757316, -49.625828), (11.028646, 36.636345, -44.544487), (11.028646, 36.636345, -47.08516), (11.028646, 36.636345, -49.625828), (16.439514, 31.7985, -44.544487), (16.439514, 31.7985, -47.08516), (16.439514, 31.7985, -49.625828), (17.697138, 12.64484, -50.896164), (17.697138, 2.499693, -50.896164), (12.779252, 2.499693, -50.896164), (11.872337, 37.893967, -50.896164), (17.697138, 32.686028, -50.896164), (12.779252, 2.499693, -43.274155), (17.697138, 2.499693, -43.274155), (17.697138, 12.64484, -43.274155), (17.697138, 32.686028, -43.274155), (11.872337, 37.893967, -43.274155), (17.697138, 12.64484, -45.814823), (17.697138, 2.499693, -45.814823), (12.779252, 2.499693, -45.814823), (0, 36.636345, -52.166496), (11.872337, 37.893967, -45.814823), (17.697138, 32.686028, -45.814823), (17.697138, 12.64484, -48.35549), (17.697138, 2.499693, -48.35549), (12.779252, 2.499693, -48.35549), (0, 37.893967, -50.896164), (0, 36.636345, -49.625828), (0, 37.893967, -48.35549), (0, 36.636345, -47.08516), (0, 37.893967, -45.814823), (11.872337, 37.893967, -48.35549), (17.697138, 32.686028, -48.35549), (0, 36.636345, -44.544487), (0, 37.893967, -43.274155), (0, 36.636345, -42.00382), (16.439514, 10.529276, -52.166496), (16.439514, 10.529276, -42.00382), (16.439514, 10.529276, -44.544487), (16.439514, 10.529276, -47.08516), (16.439514, 10.529276, -49.625828), (17.697138, 9.789709, -50.896164), (0, 3.757316, -52.166496), (0, 2.499693, -50.896164), (17.697138, 9.789709, -43.274155), (17.697138, 9.789709, -45.814823), (0, 3.757316, -49.625828), (17.697138, 9.789709, -48.35549), (0, 2.499693, -48.35549), (0, 3.757316, -47.08516), (0, 2.499693, -45.814823), (0, 3.757316, -44.544487), (0, 2.499693, -43.274155), (0, 3.757316, -42.00382), (14.891688, 33.182407, -52.166496), (14.891688, 33.182407, -42.00382), (14.891688, 33.182407, -44.544487), (14.891688, 33.182407, -47.08516), (14.891688, 33.182407, -49.625828), (17.141962, 33.182407, -50.896164), (17.141962, 33.182407, -43.274155), (17.141962, 33.182407, -45.814823), (17.141962, 33.182407, -48.35549), (16.439514, 13.649919, -52.166496), (16.439514, 13.649919, -42.00382), (16.439514, 13.649919, -44.544487), (16.439514, 13.649919, -47.08516), (16.439514, 13.649919, -49.625828), (17.697138, 13.649919, -50.896164), (17.697138, 13.649919, -43.274155), (17.697138, 13.649919, -45.814823), (17.697138, 13.649919, -48.35549), (16.439514, 8.947945, -52.166496), (16.439514, 8.947945, -42.00382), (16.439514, 8.947945, -44.544487), (16.439514, 8.947945, -47.08516), (16.439514, 8.947945, -49.625828), (17.697138, 8.947945, -50.896164), (17.697138, 8.947945, -43.274155), (17.697138, 8.947945, -45.814823), (17.697138, 8.947945, -48.35549), (12.271073, 3.757316, -52.166496), (12.271073, 3.757316, -42.00382), (12.271073, 3.757316, -44.544487), (12.271073, 3.757316, -47.08516), (12.271073, 3.757316, -49.625828), (13.20981, 2.499693, -50.896164), (13.20981, 2.499693, -43.274155), (13.20981, 2.499693, -45.814823), (13.20981, 2.499693, -48.35549), (-16.439514, 3.757316, -52.166496), (-16.439514, 31.7985, -52.166496), (-16.439514, 13.181512, -52.166496), (-11.871112, 3.757316, -52.166496), (-11.028646, 36.636345, -52.166496), (-16.439514, 13.181512, -42.00382), (-16.439514, 3.757316, -42.00382), (-11.871112, 3.757316, -42.00382), (-11.028646, 36.636345, -42.00382), (-16.439514, 31.7985, -42.00382), (-16.439514, 13.181512, -44.544487), (-16.439514, 13.181512, -47.08516), (-16.439514, 13.181512, -49.625828), (-16.439514, 3.757316, -44.544487), (-16.439514, 3.757316, -47.08516), (-16.439514, 3.757316, -49.625828), (-11.871112, 3.757316, -44.544487), (-11.871112, 3.757316, -47.08516), (-11.871112, 3.757316, -49.625828), (-11.028646, 36.636345, -44.544487), (-11.028646, 36.636345, -47.08516), (-11.028646, 36.636345, -49.625828), (-16.439514, 31.7985, -44.544487), (-16.439514, 31.7985, -47.08516), (-16.439514, 31.7985, -49.625828), (-17.697138, 12.64484, -50.896164), (-17.697138, 2.499693, -50.896164), (-12.779252, 2.499693, -50.896164), (-11.872337, 37.893967, -50.896164), (-17.697138, 32.686028, -50.896164), (-12.779252, 2.499693, -43.274155), (-17.697138, 2.499693, -43.274155), (-17.697138, 12.64484, -43.274155), (-17.697138, 32.686028, -43.274155), (-11.872337, 37.893967, -43.274155), (-17.697138, 12.64484, -45.814823), (-17.697138, 2.499693, -45.814823), (-12.779252, 2.499693, -45.814823), (-11.872337, 37.893967, -45.814823), (-17.697138, 32.686028, -45.814823), (-17.697138, 12.64484, -48.35549), (-17.697138, 2.499693, -48.35549), (-12.779252, 2.499693, -48.35549), (-11.872337, 37.893967, -48.35549), (-17.697138, 32.686028, -48.35549), (-16.439514, 10.529276, -52.166496), (-16.439514, 10.529276, -42.00382), (-16.439514, 10.529276, -44.544487), (-16.439514, 10.529276, -47.08516), (-16.439514, 10.529276, -49.625828), (-17.697138, 9.789709, -50.896164), (-17.697138, 9.789709, -43.274155), (-17.697138, 9.789709, -45.814823), (-17.697138, 9.789709, -48.35549), (-14.891688, 33.182407, -52.166496), (-14.891688, 33.182407, -42.00382), (-14.891688, 33.182407, -44.544487), (-14.891688, 33.182407, -47.08516), (-14.891688, 33.182407, -49.625828), (-17.141962, 33.182407, -50.896164), (-17.141962, 33.182407, -43.274155), (-17.141962, 33.182407, -45.814823), (-17.141962, 33.182407, -48.35549), (-16.439514, 13.649919, -52.166496), (-16.439514, 13.649919, -42.00382), (-16.439514, 13.649919, -44.544487), (-16.439514, 13.649919, -47.08516), (-16.439514, 13.649919, -49.625828), (-17.697138, 13.649919, -50.896164), (-17.697138, 13.649919, -43.274155), (-17.697138, 13.649919, -45.814823), (-17.697138, 13.649919, -48.35549), (-16.439514, 8.947945, -52.166496), (-16.439514, 8.947945, -42.00382), (-16.439514, 8.947945, -44.544487), (-16.439514, 8.947945, -47.08516), (-16.439514, 8.947945, -49.625828), (-17.697138, 8.947945, -50.896164), (-17.697138, 8.947945, -43.274155), (-17.697138, 8.947945, -45.814823), (-17.697138, 8.947945, -48.35549), (-12.271073, 3.757316, -52.166496), (-12.271073, 3.757316, -42.00382), (-12.271073, 3.757316, -44.544487), (-12.271073, 3.757316, -47.08516), (-12.271073, 3.757316, -49.625828), (-13.20981, 2.499693, -50.896164), (-13.20981, 2.499693, -43.274155), (-13.20981, 2.499693, -45.814823), (-13.20981, 2.499693, -48.35549)]
            texCoord2f[] primvars:st = [(0.663788, 0.272786), (0.666757, 0.273655), (0.669712, 0.274521), (0.660907, 0.27491), (0.658675, 0.274963), (0.658187, 0.275171), (0.672653, 0.275383), (0.663882, 0.275775), (0.661638, 0.275823), (0.66115, 0.27603), (0.666843, 0.276635), (0.664588, 0.276679), (0.664099, 0.276884), (0.656172, 0.276922), (0.65572, 0.277114), (0.669791, 0.277492), (0.667524, 0.27753), (0.667035, 0.277735), (0.659142, 0.277777), (0.658689, 0.277968), (0.672725, 0.278344), (0.662098, 0.278629), (0.661645, 0.278819), (0.66504, 0.279476), (0.664587, 0.279665), (0.667969, 0.280319), (0.667516, 0.280508), (0.643964, 0.281229), (0.646911, 0.28206), (0.642526, 0.28272), (0.664034, 0.282783), (0.649844, 0.282886), (0.661101, 0.282957), (0.645481, 0.283548), (0.667007, 0.283631), (0.652765, 0.28371), (0.66408, 0.283803), (0.664066, 0.284091), (0.648422, 0.284373), (0.669966, 0.284474), (0.667044, 0.284646), (0.667039, 0.284935), (0.651349, 0.285194), (0.672911, 0.285314), (0.661161, 0.285412), (0.669994, 0.285485), (0.669999, 0.285776), (0.654263, 0.286011), (0.66414, 0.286253), (0.672931, 0.28632), (0.672944, 0.286613), (0.630199, 0.287091), (0.667105, 0.287091), (0.629743, 0.287286), (0.63313, 0.287895), (0.670057, 0.287924), (0.632673, 0.288089), (0.629728, 0.288157), (0.629304, 0.288338), (0.664175, 0.288528), (0.636047, 0.288696), (0.672994, 0.288754), (0.63559, 0.288888), (0.632667, 0.288961), (0.632242, 0.289141), (0.625019, 0.289297), (0.66715, 0.289363), (0.638951, 0.289493), (0.66126, 0.289534), (0.638494, 0.289685), (0.635593, 0.289761), (0.635168, 0.28994), (0.627944, 0.290092), (0.664214, 0.290092), (0.670111, 0.290194), (0.624905, 0.290206), (0.661278, 0.290262), (0.664241, 0.290366), (0.638506, 0.290558), (0.63808, 0.290736), (0.630855, 0.290882), (0.667189, 0.290923), (0.627838, 0.291001), (0.673059, 0.291021), (0.664259, 0.291093), (0.667208, 0.291194), (0.641406, 0.291351), (0.640979, 0.291528), (0.633753, 0.291669), (0.670151, 0.291751), (0.630758, 0.291792), (0.667226, 0.291919), (0.670161, 0.292019), (0.673099, 0.292574), (0.633665, 0.29258), (0.670179, 0.292742), (0.6731, 0.292839), (0.636559, 0.293364), (0.673119, 0.293561), (0.62505, 0.297937), (0.627986, 0.298715), (0.625199, 0.298874), (0.630909, 0.29949), (0.628127, 0.299648), (0.625223, 0.300126), (0.633819, 0.300261), (0.625094, 0.300296), (0.631042, 0.300418), (0.628151, 0.300897), (0.636716, 0.301029), (0.628031, 0.301069), (0.633944, 0.301185), (0.631066, 0.301665), (0.630955, 0.301839), (0.633969, 0.30243), (0.765276, 0.302513), (0.633866, 0.302605), (0.76779, 0.303249), (0.636764, 0.303368), (0.770293, 0.303983), (0.625169, 0.304256), (0.760023, 0.304358), (0.625302, 0.304377), (0.762608, 0.304463), (0.759521, 0.304533), (0.772786, 0.304713), (0.625182, 0.304956), (0.628107, 0.305021), (0.762534, 0.305086), (0.628232, 0.305139), (0.765127, 0.305195), (0.762033, 0.305261), (0.62812, 0.305719), (0.631033, 0.305782), (0.765035, 0.305811), (0.625331, 0.305874), (0.631149, 0.305898), (0.767636, 0.305924), (0.764533, 0.305986), (0.75774, 0.306167), (0.757275, 0.306329), (0.631046, 0.306479), (0.767525, 0.306534), (0.633945, 0.30654), (0.628261, 0.306633), (0.770133, 0.306649), (0.634053, 0.306653), (0.767024, 0.306707), (0.760257, 0.306891), (0.759792, 0.307053), (0.633959, 0.307235), (0.636844, 0.307294), (0.77262, 0.307372), (0.631179, 0.307389), (0.762763, 0.307613), (0.762298, 0.307774), (0.636858, 0.307988), (0.634083, 0.308141), (0.765259, 0.308332), (0.764794, 0.308492), (0.767744, 0.309047), (0.767278, 0.309207), (0.74488, 0.309674), (0.747384, 0.31038), (0.749878, 0.311082), (0.743688, 0.311085), (0.765642, 0.311751), (0.752362, 0.311782), (0.746198, 0.311789), (0.762899, 0.311898), (0.768158, 0.312469), (0.748698, 0.31249), (0.76542, 0.312615), (0.76569, 0.312959), (0.770664, 0.313183), (0.751187, 0.313188), (0.767931, 0.313329), (0.768207, 0.313674), (0.753666, 0.313883), (0.773159, 0.313895), (0.770431, 0.314039), (0.762988, 0.314167), (0.770713, 0.314386), (0.730674, 0.314661), (0.77292, 0.314747), (0.730203, 0.314826), (0.76551, 0.314879), (0.773208, 0.315095), (0.733171, 0.315346), (0.732699, 0.315511), (0.768021, 0.315588), (0.730477, 0.31571), (0.730038, 0.315863), (0.735657, 0.316028), (0.735185, 0.316192), (0.770522, 0.316294), (0.73298, 0.316394), (0.72532, 0.316541), (0.732541, 0.316547), (0.738133, 0.316708), (0.737661, 0.316871), (0.773011, 0.316997), (0.765852, 0.317059), (0.735473, 0.317076), (0.727813, 0.317218), (0.735033, 0.317228), (0.72549, 0.317455), (0.737955, 0.317755), (0.76837, 0.317766), (0.730296, 0.317893), (0.737515, 0.317906), (0.763137, 0.317975), (0.72799, 0.318132), (0.740427, 0.318431), (0.770877, 0.318469), (0.765909, 0.318504), (0.732769, 0.318564), (0.739987, 0.318582), (0.661963, 0.31861), (0.763164, 0.318648), (0.76566, 0.318679), (0.73048, 0.318807), (0.773374, 0.31917), (0.768428, 0.319207), (0.765687, 0.319351), (0.664955, 0.319377), (0.768173, 0.319381), (0.732959, 0.319479), (0.664946, 0.319846), (0.770935, 0.319908), (0.768199, 0.320051), (0.770674, 0.320079), (0.667933, 0.320141), (0.735429, 0.320148), (0.773432, 0.320606), (0.667933, 0.320611), (0.770701, 0.320748), (0.773165, 0.320774), (0.664323, 0.320863), (0.670897, 0.320901), (0.670906, 0.321372), (0.660236, 0.321442), (0.773192, 0.321442), (0.66731, 0.321625), (0.673847, 0.321658), (0.673865, 0.32213), (0.663227, 0.322202), (0.670283, 0.322383), (0.666204, 0.322958), (0.673241, 0.323138), (0.669167, 0.32371), (0.672117, 0.324459), (0.725731, 0.32462), (0.728233, 0.325283), (0.725617, 0.325418), (0.730725, 0.325944), (0.728114, 0.326078), (0.725656, 0.326579), (0.733206, 0.326601), (0.7306, 0.326735), (0.725804, 0.326806), (0.728153, 0.327237), (0.735678, 0.327256), (0.733075, 0.32739), (0.728307, 0.327465), (0.730639, 0.327892), (0.7308, 0.328121), (0.655954, 0.32847), (0.733115, 0.328544), (0.733282, 0.328774), (0.658942, 0.329209), (0.735754, 0.329425), (0.661916, 0.329946), (0.658457, 0.330454), (0.725928, 0.330475), (0.725789, 0.330519), (0.664877, 0.330679), (0.725949, 0.331124), (0.728431, 0.331127), (0.728286, 0.331169), (0.661439, 0.33119), (0.667824, 0.331408), (0.728453, 0.331774), (0.730925, 0.331776), (0.730774, 0.331816), (0.725835, 0.331907), (0.664409, 0.331921), (0.625692, 0.332183), (0.730947, 0.332422), (0.733408, 0.332422), (0.733251, 0.33246), (0.728333, 0.332554), (0.667364, 0.33265), (0.628642, 0.332888), (0.643601, 0.332984), (0.735881, 0.333066), (0.733431, 0.333067), (0.730821, 0.333198), (0.631578, 0.33359), (0.627371, 0.333659), (0.646575, 0.333703), (0.735904, 0.333709), (0.733299, 0.33384), (0.634501, 0.334288), (0.630324, 0.334362), (0.625865, 0.334365), (0.649536, 0.334418), (0.626465, 0.334894), (0.637411, 0.334984), (0.633263, 0.335062), (0.628807, 0.335064), (0.652483, 0.33513), (0.645132, 0.335279), (0.629408, 0.335592), (0.631735, 0.335759), (0.636189, 0.335759), (0.655416, 0.335839), (0.6481, 0.335992), (0.632338, 0.336286), (0.634651, 0.336451), (0.639102, 0.336452), (0.651054, 0.336702), (0.635254, 0.336978), (0.631596, 0.337371), (0.653995, 0.337408), (0.634556, 0.33807), (0.637502, 0.338765), (0.640435, 0.339458), (0.63221, 0.339958), (0.643355, 0.340147), (0.635163, 0.340649), (0.638102, 0.341338), (0.641028, 0.342023), (0.764189, 0.344827), (0.76672, 0.345476), (0.766997, 0.34598), (0.76924, 0.346123), (0.769523, 0.346627), (0.771749, 0.346766), (0.766366, 0.346901), (0.772038, 0.347271), (0.76244, 0.347391), (0.774247, 0.347407), (0.768893, 0.347545), (0.774543, 0.347913), (0.76497, 0.348034), (0.771408, 0.348187), (0.76749, 0.348673), (0.773913, 0.348826), (0.769999, 0.34931), (0.772497, 0.349944), (0.758098, 0.353755), (0.760628, 0.354381), (0.763147, 0.355004), (0.760421, 0.355586), (0.765655, 0.355625), (0.762947, 0.356208), (0.768153, 0.356244), (0.726796, 0.356345), (0.765462, 0.356828), (0.729308, 0.356945), (0.767966, 0.357445), (0.731809, 0.357543), (0.745377, 0.35758), (0.728558, 0.357757), (0.7343, 0.358138), (0.7479, 0.35819), (0.726721, 0.358302), (0.731071, 0.358355), (0.736781, 0.358731), (0.750414, 0.358797), (0.727351, 0.358809), (0.729227, 0.358897), (0.733574, 0.358951), (0.752916, 0.359402), (0.729857, 0.359403), (0.731723, 0.35949), (0.736066, 0.359545), (0.746705, 0.359675), (0.732353, 0.359994), (0.755408, 0.360005), (0.734208, 0.360079), (0.738548, 0.360136), (0.749224, 0.36028), (0.734839, 0.360584), (0.751733, 0.360882), (0.732986, 0.361306), (0.75423, 0.361482), (0.735503, 0.361901), (0.73801, 0.362492), (0.740506, 0.363082), (0.733372, 0.36365), (0.742991, 0.363669), (0.735883, 0.364238), (0.738385, 0.364824), (0.740876, 0.365407)] (
                interpolation = "faceVarying"
            )
            int[] primvars:st:indices = [271, 262, 263, 268, 364, 371, 367, 358, 213, 178, 167, 199, 277, 285, 275, 274, 386, 363, 378, 391, 192, 206, 197, 185, 255, 221, 204, 256, 264, 257, 275, 278, 269, 258, 259, 265, 373, 379, 376, 362, 377, 390, 395, 384, 368, 388, 393, 375, 203, 171, 163, 188, 196, 168, 162, 183, 207, 175, 164, 193, 288, 362, 376, 297, 296, 302, 290, 289, 282, 360, 372, 291, 389, 370, 385, 394, 390, 374, 387, 395, 388, 366, 383, 393, 205, 194, 193, 203, 210, 227, 216, 200, 198, 189, 188, 196, 268, 269, 289, 290, 371, 391, 388, 368, 199, 167, 175, 207, 285, 282, 278, 275, 391, 378, 366, 388, 185, 197, 212, 198, 261, 264, 278, 279, 257, 260, 274, 275, 265, 266, 283, 284, 379, 394, 390, 377, 384, 382, 369, 381, 375, 373, 362, 372, 188, 163, 168, 196, 183, 162, 165, 191, 193, 164, 171, 203, 297, 296, 289, 284, 302, 301, 295, 290, 291, 372, 362, 288, 394, 385, 374, 390, 395, 387, 380, 392, 393, 383, 370, 389, 194, 209, 227, 210, 200, 216, 233, 217, 189, 204, 221, 205, 268, 290, 295, 271, 261, 279, 283, 266, 264, 253, 254, 257, 265, 284, 289, 269, 268, 263, 258, 269, 261, 256, 253, 264, 257, 254, 252, 260, 265, 259, 255, 266, 364, 386, 391, 371, 373, 389, 394, 379, 384, 381, 365, 377, 375, 372, 360, 368, 368, 360, 367, 371, 377, 365, 376, 379, 384, 395, 392, 382, 375, 393, 389, 373, 277, 358, 367, 285, 297, 284, 283, 288, 296, 365, 381, 302, 291, 279, 278, 282, 285, 367, 360, 282, 297, 376, 365, 296, 302, 381, 369, 301, 288, 283, 279, 291, 262, 233, 216, 263, 256, 261, 266, 255, 258, 227, 209, 259, 253, 212, 197, 254, 263, 216, 227, 258, 256, 204, 212, 253, 254, 197, 206, 252, 259, 209, 221, 255, 185, 183, 191, 192, 205, 221, 209, 194, 200, 199, 207, 210, 198, 212, 204, 189, 198, 196, 183, 185, 210, 207, 193, 194, 217, 213, 199, 200, 205, 203, 188, 189, 179, 184, 201, 187, 335, 339, 341, 333, 167, 178, 161, 147, 202, 215, 219, 211, 378, 363, 351, 354, 115, 123, 139, 121, 117, 137, 176, 170, 202, 173, 186, 220, 174, 180, 195, 182, 340, 346, 347, 336, 361, 355, 349, 348, 356, 352, 345, 343, 163, 171, 155, 131, 162, 168, 149, 124, 164, 175, 159, 138, 340, 336, 230, 229, 222, 234, 236, 231, 337, 334, 224, 223, 385, 370, 353, 359, 387, 374, 355, 361, 383, 366, 352, 356, 138, 134, 154, 155, 125, 145, 158, 142, 131, 128, 148, 149, 231, 195, 187, 222, 352, 354, 339, 345, 175, 167, 147, 159, 220, 224, 215, 202, 366, 378, 354, 352, 130, 115, 121, 148, 220, 186, 177, 208, 211, 181, 173, 202, 226, 190, 182, 214, 355, 359, 346, 349, 342, 350, 348, 344, 336, 347, 343, 337, 168, 163, 131, 149, 165, 162, 124, 140, 171, 164, 138, 155, 231, 236, 229, 214, 237, 242, 234, 222, 336, 337, 223, 230, 374, 385, 359, 355, 380, 387, 361, 357, 370, 383, 356, 353, 145, 119, 134, 158, 152, 125, 142, 160, 137, 117, 128, 154, 237, 222, 187, 201, 226, 208, 177, 190, 166, 172, 186, 173, 231, 214, 182, 195, 180, 179, 187, 195, 172, 170, 177, 186, 169, 166, 173, 181, 176, 174, 182, 190, 354, 351, 341, 339, 359, 353, 347, 346, 338, 344, 348, 349, 334, 337, 343, 345, 335, 334, 345, 339, 340, 338, 349, 346, 357, 361, 348, 350, 353, 356, 343, 347, 335, 333, 219, 215, 226, 214, 229, 230, 344, 338, 236, 234, 220, 208, 223, 224, 334, 335, 215, 224, 338, 340, 229, 236, 342, 344, 234, 242, 208, 226, 230, 223, 125, 152, 184, 179, 190, 177, 170, 176, 119, 145, 180, 174, 115, 130, 172, 166, 145, 125, 179, 180, 130, 117, 170, 172, 123, 115, 166, 169, 137, 119, 174, 176, 140, 124, 121, 139, 119, 137, 154, 134, 159, 147, 142, 158, 117, 130, 148, 128, 124, 149, 148, 121, 138, 159, 158, 134, 147, 161, 160, 142, 131, 155, 154, 128, 101, 99, 106, 104, 319, 322, 320, 308, 27, 29, 57, 51, 146, 157, 156, 151, 324, 316, 329, 332, 88, 97, 87, 69, 80, 90, 102, 107, 146, 114, 116, 143, 103, 100, 110, 108, 310, 313, 309, 298, 328, 325, 304, 307, 331, 327, 315, 318, 31, 38, 70, 60, 35, 42, 78, 67, 28, 33, 63, 54, 310, 298, 141, 144, 122, 135, 132, 127, 314, 303, 150, 153, 317, 306, 326, 330, 312, 300, 325, 328, 321, 311, 327, 331, 54, 56, 71, 70, 65, 82, 64, 53, 60, 62, 79, 78, 127, 110, 104, 122, 327, 332, 322, 315, 33, 27, 51, 63, 143, 150, 157, 146, 311, 324, 332, 327, 94, 88, 69, 79, 143, 116, 112, 136, 151, 118, 114, 146, 133, 113, 108, 129, 325, 330, 313, 304, 287, 299, 307, 305, 298, 309, 318, 314, 42, 31, 60, 78, 47, 35, 67, 86, 38, 28, 54, 70, 127, 132, 144, 129, 120, 126, 135, 122, 298, 314, 153, 141, 300, 317, 330, 325, 294, 312, 328, 323, 306, 321, 331, 326, 82, 72, 56, 64, 75, 65, 53, 58, 90, 80, 62, 71, 120, 122, 104, 106, 133, 136, 112, 113, 111, 105, 116, 114, 127, 129, 108, 110, 100, 101, 104, 110, 105, 107, 112, 116, 109, 111, 114, 118, 102, 103, 108, 113, 332, 329, 320, 322, 330, 326, 309, 313, 293, 305, 307, 304, 303, 314, 318, 315, 319, 303, 315, 322, 310, 293, 304, 313, 323, 328, 307, 299, 326, 331, 318, 309, 319, 308, 156, 157, 133, 129, 144, 141, 305, 293, 132, 135, 143, 136, 153, 150, 303, 319, 157, 150, 293, 310, 144, 132, 287, 305, 135, 126, 136, 133, 141, 153, 65, 75, 99, 101, 113, 112, 107, 102, 72, 82, 100, 103, 88, 94, 105, 111, 82, 65, 101, 100, 94, 80, 107, 105, 97, 88, 111, 109, 90, 72, 103, 102, 86, 67, 69, 87, 72, 90, 71, 56, 63, 51, 53, 64, 80, 94, 79, 62, 67, 78, 79, 69, 54, 63, 64, 56, 51, 57, 58, 53, 60, 70, 71, 62, 44, 32, 30, 37, 251, 249, 245, 244, 14, 29, 27, 5, 98, 93, 83, 96, 281, 316, 324, 292, 25, 20, 6, 16, 40, 10, 2, 39, 55, 50, 83, 92, 48, 36, 34, 41, 248, 243, 235, 232, 246, 270, 273, 238, 250, 276, 286, 247, 22, 38, 31, 12, 24, 42, 35, 17, 19, 33, 28, 9, 91, 232, 235, 81, 84, 73, 59, 77, 95, 239, 240, 89, 272, 306, 317, 280, 270, 300, 312, 273, 276, 311, 321, 286, 21, 8, 9, 22, 18, 7, 0, 4, 23, 11, 12, 24, 37, 48, 77, 59, 249, 292, 276, 250, 5, 27, 33, 19, 93, 95, 92, 83, 292, 324, 311, 276, 16, 6, 15, 23, 46, 55, 92, 74, 50, 61, 96, 83, 41, 52, 85, 66, 243, 280, 270, 246, 238, 241, 218, 228, 247, 248, 232, 240, 12, 31, 42, 24, 17, 35, 47, 26, 9, 28, 38, 22, 81, 84, 77, 66, 73, 76, 68, 59, 89, 240, 232, 91, 280, 317, 300, 270, 273, 312, 294, 267, 286, 321, 306, 272, 8, 1, 7, 18, 4, 0, 3, 13, 11, 2, 10, 21, 37, 59, 68, 44, 46, 74, 85, 52, 55, 45, 43, 50, 41, 66, 77, 48, 37, 30, 36, 48, 46, 39, 45, 55, 50, 43, 49, 61, 41, 34, 40, 52, 251, 281, 292, 249, 248, 272, 280, 243, 238, 228, 225, 246, 247, 240, 239, 250, 250, 239, 245, 249, 246, 225, 235, 243, 238, 273, 267, 241, 247, 286, 272, 248, 98, 244, 245, 93, 81, 66, 85, 91, 84, 225, 228, 73, 89, 74, 92, 95, 93, 245, 239, 95, 81, 235, 225, 84, 73, 228, 218, 76, 91, 85, 74, 89, 32, 3, 0, 30, 39, 46, 52, 40, 36, 7, 1, 34, 45, 15, 6, 43, 30, 0, 7, 36, 39, 2, 15, 45, 43, 6, 20, 49, 34, 1, 10, 40, 16, 17, 26, 25, 21, 10, 1, 8, 4, 5, 19, 18, 23, 15, 2, 11, 23, 24, 17, 16, 18, 19, 9, 8, 13, 14, 5, 4, 21, 22, 12, 11]
            uniform token subdivisionScheme = "none"
        }
    }

    def Xform "node_398_Tram_004" (
        displayName = "1398 Tram.004"
    )
    {
        float3 xformOp:rotateXYZ = (-0.0000045177453, -0, 0)
        float3 xformOp:scale = (100, 100, 100)
        double3 xformOp:translate = (0, 0, 0)
        uniform token[] xformOpOrder = ["xformOp:translate", "xformOp:rotateXYZ", "xformOp:scale"]

        def Mesh "mesh_398_Tram_005" (
            prepend apiSchemas = ["MaterialBindingAPI"]
            displayName = "1398 Tram.005"
        )
        {
            float3[] extent = [(-10.026012, 4.22441, -109.89807), (10.026012, 8.406782, 109.89807)]
            int[] faceVertexCounts = [4, 4, 4, 4, 4, 4, 4, 4, 4, 4, 4, 4, 3, 3, 3, 3, 3, 3, 3, 3, 3, 3, 3, 3, 4, 4, 4, 4, 4, 4, 4, 4, 4, 4, 4, 4, 4, 4, 4, 4, 4, 4, 4, 4, 4, 4, 4, 4, 4, 4, 4, 4, 4, 4, 4, 4, 4, 4, 4, 4, 4, 4, 4, 4, 4, 4, 4, 4, 4, 4, 4, 4, 3, 3, 3, 3, 3, 3, 3, 3, 3, 3, 3, 3, 4, 4, 4, 4, 4, 4, 4, 4, 4, 4, 4, 4, 4, 4, 4, 4, 4, 4, 4, 4, 4, 4, 4, 4, 4, 4, 4, 4, 4, 4, 4, 4, 4, 4, 4, 4, 4, 4, 4, 4, 4, 4, 4, 4, 4, 4, 4, 4, 3, 3, 3, 3, 3, 3, 3, 3, 3, 3, 3, 3, 4, 4, 4, 4, 4, 4, 4, 4, 4, 4, 4, 4, 4, 4, 4, 4, 4, 4, 4, 4, 4, 4, 4, 4, 4, 4, 4, 4, 4, 4, 4, 4, 4, 4, 4, 4, 4, 4, 4, 4, 4, 4, 4, 4, 4, 4, 4, 4, 3, 3, 3, 3, 3, 3, 3, 3, 3, 3, 3, 3, 4, 4, 4, 4, 4, 4, 4, 4, 4, 4, 4, 4, 4, 4, 4, 4, 4, 4, 4, 4, 4, 4, 4, 4, 4, 4, 4, 4, 4, 4, 4, 4, 4, 4, 4, 4]
            int[] faceVertexIndices = [0, 13, 14, 1, 1, 14, 15, 2, 2, 15, 16, 3, 3, 16, 17, 4, 4, 17, 18, 5, 5, 18, 19, 6, 6, 19, 20, 7, 7, 20, 21, 8, 8, 21, 22, 9, 9, 22, 23, 10, 10, 23, 24, 11, 11, 24, 13, 0, 50, 12, 49, 51, 12, 50, 52, 12, 51, 53, 12, 52, 54, 12, 53, 55, 12, 54, 56, 12, 55, 57, 12, 56, 58, 12, 57, 59, 12, 58, 60, 12, 59, 49, 12, 60, 1, 26, 25, 0, 2, 27, 26, 1, 3, 28, 27, 2, 4, 29, 28, 3, 5, 30, 29, 4, 6, 31, 30, 5, 7, 32, 31, 6, 8, 33, 32, 7, 9, 34, 33, 8, 10, 35, 34, 9, 11, 36, 35, 10, 0, 25, 36, 11, 26, 38, 37, 25, 27, 39, 38, 26, 28, 40, 39, 27, 29, 41, 40, 28, 30, 42, 41, 29, 31, 43, 42, 30, 32, 44, 43, 31, 33, 45, 44, 32, 34, 46, 45, 33, 35, 47, 46, 34, 36, 48, 47, 35, 25, 37, 48, 36, 38, 50, 49, 37, 39, 51, 50, 38, 40, 52, 51, 39, 41, 53, 52, 40, 42, 54, 53, 41, 43, 55, 54, 42, 44, 56, 55, 43, 45, 57, 56, 44, 46, 58, 57, 45, 47, 59, 58, 46, 48, 60, 59, 47, 37, 49, 60, 48, 75, 74, 61, 62, 76, 75, 62, 63, 77, 76, 63, 64, 78, 77, 64, 65, 79, 78, 65, 66, 80, 79, 66, 67, 81, 80, 67, 68, 82, 81, 68, 69, 83, 82, 69, 70, 84, 83, 70, 71, 85, 84, 71, 72, 74, 85, 72, 61, 73, 111, 110, 73, 112, 111, 73, 113, 112, 73, 114, 113, 73, 115, 114, 73, 116, 115, 73, 117, 116, 73, 118, 117, 73, 119, 118, 73, 120, 119, 73, 121, 120, 73, 110, 121, 86, 87, 62, 61, 87, 88, 63, 62, 88, 89, 64, 63, 89, 90, 65, 64, 90, 91, 66, 65, 91, 92, 67, 66, 92, 93, 68, 67, 93, 94, 69, 68, 94, 95, 70, 69, 95, 96, 71, 70, 96, 97, 72, 71, 97, 86, 61, 72, 98, 99, 87, 86, 99, 100, 88, 87, 100, 101, 89, 88, 101, 102, 90, 89, 102, 103, 91, 90, 103, 104, 92, 91, 104, 105, 93, 92, 105, 106, 94, 93, 106, 107, 95, 94, 107, 108, 96, 95, 108, 109, 97, 96, 109, 98, 86, 97, 110, 111, 99, 98, 111, 112, 100, 99, 112, 113, 101, 100, 113, 114, 102, 101, 114, 115, 103, 102, 115, 116, 104, 103, 116, 117, 105, 104, 117, 118, 106, 105, 118, 119, 107, 106, 119, 120, 108, 107, 120, 121, 109, 108, 121, 110, 98, 109, 136, 135, 122, 123, 137, 136, 123, 124, 138, 137, 124, 125, 139, 138, 125, 126, 140, 139, 126, 127, 141, 140, 127, 128, 142, 141, 128, 129, 143, 142, 129, 130, 144, 143, 130, 131, 145, 144, 131, 132, 146, 145, 132, 133, 135, 146, 133, 122, 134, 172, 171, 134, 173, 172, 134, 174, 173, 134, 175, 174, 134, 176, 175, 134, 177, 176, 134, 178, 177, 134, 179, 178, 134, 180, 179, 134, 181, 180, 134, 182, 181, 134, 171, 182, 147, 148, 123, 122, 148, 149, 124, 123, 149, 150, 125, 124, 150, 151, 126, 125, 151, 152, 127, 126, 152, 153, 128, 127, 153, 154, 129, 128, 154, 155, 130, 129, 155, 156, 131, 130, 156, 157, 132, 131, 157, 158, 133, 132, 158, 147, 122, 133, 159, 160, 148, 147, 160, 161, 149, 148, 161, 162, 150, 149, 162, 163, 151, 150, 163, 164, 152, 151, 164, 165, 153, 152, 165, 166, 154, 153, 166, 167, 155, 154, 167, 168, 156, 155, 168, 169, 157, 156, 169, 170, 158, 157, 170, 159, 147, 158, 171, 172, 160, 159, 172, 173, 161, 160, 173, 174, 162, 161, 174, 175, 163, 162, 175, 176, 164, 163, 176, 177, 165, 164, 177, 178, 166, 165, 178, 179, 167, 166, 179, 180, 168, 167, 180, 181, 169, 168, 181, 182, 170, 169, 182, 171, 159, 170, 183, 196, 197, 184, 184, 197, 198, 185, 185, 198, 199, 186, 186, 199, 200, 187, 187, 200, 201, 188, 188, 201, 202, 189, 189, 202, 203, 190, 190, 203, 204, 191, 191, 204, 205, 192, 192, 205, 206, 193, 193, 206, 207, 194, 194, 207, 196, 183, 233, 195, 232, 234, 195, 233, 235, 195, 234, 236, 195, 235, 237, 195, 236, 238, 195, 237, 239, 195, 238, 240, 195, 239, 241, 195, 240, 242, 195, 241, 243, 195, 242, 232, 195, 243, 184, 209, 208, 183, 185, 210, 209, 184, 186, 211, 210, 185, 187, 212, 211, 186, 188, 213, 212, 187, 189, 214, 213, 188, 190, 215, 214, 189, 191, 216, 215, 190, 192, 217, 216, 191, 193, 218, 217, 192, 194, 219, 218, 193, 183, 208, 219, 194, 209, 221, 220, 208, 210, 222, 221, 209, 211, 223, 222, 210, 212, 224, 223, 211, 213, 225, 224, 212, 214, 226, 225, 213, 215, 227, 226, 214, 216, 228, 227, 215, 217, 229, 228, 216, 218, 230, 229, 217, 219, 231, 230, 218, 208, 220, 231, 219, 221, 233, 232, 220, 222, 234, 233, 221, 223, 235, 234, 222, 224, 236, 235, 223, 225, 237, 236, 224, 226, 238, 237, 225, 227, 239, 238, 226, 228, 240, 239, 227, 229, 241, 240, 228, 230, 242, 241, 229, 231, 243, 242, 230, 220, 232, 243, 231]
            rel material:binding = </World/Looks/Mat>
            normal3f[] normals = [(0.9505598, 0.2588189, -0.17160685), (0.9505598, 0.2588189, -0.17160685), (0.9505598, 0.2588189, -0.17160685), (0.9505598, 0.2588189, -0.17160685), (0.6958594, 0.70710546, -0.12562464), (0.6958594, 0.70710546, -0.12562464), (0.6958594, 0.70710546, -0.12562464), (0.6958594, 0.70710546, -0.12562464), (0.25470045, 0.9659262, -0.04598132), (0.25470045, 0.9659262, -0.04598132), (0.25470045, 0.9659262, -0.04598132), (0.25470045, 0.9659262, -0.04598132), (-0.25470078, 0.96592605, 0.045982074), (-0.25470078, 0.96592605, 0.045982074), (-0.25470078, 0.96592605, 0.045982074), (-0.25470078, 0.96592605, 0.045982074), (-0.69585747, 0.70710725, 0.12562495), (-0.69585747, 0.70710725, 0.12562495), (-0.69585747, 0.70710725, 0.12562495), (-0.69585747, 0.70710725, 0.12562495), (-0.9505598, 0.25881934, 0.17160629), (-0.9505598, 0.25881934, 0.17160629), (-0.9505598, 0.25881934, 0.17160629), (-0.9505598, 0.25881934, 0.17160629), (-0.9505598, -0.25881934, 0.17160635), (-0.9505598, -0.25881934, 0.17160635), (-0.9505598, -0.25881934, 0.17160635), (-0.9505598, -0.25881934, 0.17160635), (-0.6958575, -0.7071073, 0.12562479), (-0.6958575, -0.7071073, 0.12562479), (-0.6958575, -0.7071073, 0.12562479), (-0.6958575, -0.7071073, 0.12562479), (-0.2547025, -0.9659256, 0.045981936), (-0.2547025, -0.9659256, 0.045981936), (-0.2547025, -0.9659256, 0.045981936), (-0.2547025, -0.9659256, 0.045981936), (0.25470227, -0.96592563, -0.04598172), (0.25470227, -0.96592563, -0.04598172), (0.25470227, -0.96592563, -0.04598172), (0.25470227, -0.96592563, -0.04598172), (0.6958575, -0.7071073, -0.12562439), (0.6958575, -0.7071073, -0.12562439), (0.6958575, -0.7071073, -0.12562439), (0.6958575, -0.7071073, -0.12562439), (0.9505598, -0.2588189, -0.17160703), (0.9505598, -0.2588189, -0.17160703), (0.9505598, -0.2588189, -0.17160703), (0.9505598, -0.2588189, -0.17160703), (0.17765693, 0.000006306153, 0.98409253), (0.17765693, 0.000006306153, 0.98409253), (0.17765693, 0.000006306153, 0.98409253), (0.17766887, 0.0000027589313, 0.9840903), (0.17766887, 0.0000027589313, 0.9840903), (0.17766887, 0.0000027589313, 0.9840903), (0.17765722, 0, 0.9840924), (0.17765722, 0, 0.9840924), (0.17765722, 0, 0.9840924), (0.17765722, 0, 0.9840924), (0.17765722, 0, 0.9840924), (0.17765722, 0, 0.9840924), (0.17768124, -0.000002364795, 0.9840881), (0.17768124, -0.000002364795, 0.9840881), (0.17768124, -0.000002364795, 0.9840881), (0.17765722, -0.000007094433, 0.9840924), (0.17765722, -0.000007094433, 0.9840924), (0.17765722, -0.000007094433, 0.9840924), (0.17765693, 0.000007094422, 0.98409253), (0.17765693, 0.000007094422, 0.98409253), (0.17765693, 0.000007094422, 0.98409253), (0.17766915, 0.0000023648022, 0.9840903), (0.17766915, 0.0000023648022, 0.9840903), (0.17766915, 0.0000023648022, 0.9840903), (0.17765722, 0, 0.9840924), (0.17765722, 0, 0.9840924), (0.17765722, 0, 0.9840924), (0.1776328, 0, 0.9840969), (0.1776328, 0, 0.9840969), (0.1776328, 0, 0.9840969), (0.17770566, -0.0000029559803, 0.9840837), (0.17770566, -0.0000029559803, 0.9840837), (0.17770566, -0.0000029559803, 0.9840837), (0.17765693, -0.000006306153, 0.98409253), (0.17765693, -0.000006306153, 0.98409253), (0.17765693, -0.000006306153, 0.98409253), (0.17766458, -0.0000027253182, 0.98409116), (0.17766458, -0.0000027253182, 0.98409116), (0.17766458, -0.0000027253182, 0.98409116), (0.17766458, -0.0000027253182, 0.98409116), (0.177669, -0.0000073583615, 0.9840904), (0.177669, -0.0000073583615, 0.9840904), (0.177669, -0.0000073583615, 0.9840904), (0.177669, -0.0000073583615, 0.9840904), (0.17766419, -0.000002452781, 0.98409116), (0.17766419, -0.000002452781, 0.98409116), (0.17766419, -0.000002452781, 0.98409116), (0.17766419, -0.000002452781, 0.98409116), (0.1776566, 0.0000027253295, 0.98409253), (0.1776566, 0.0000027253295, 0.98409253), (0.1776566, 0.0000027253295, 0.98409253), (0.1776566, 0.0000027253295, 0.98409253), (0.17763942, -0.0000077672, 0.9840956), (0.17763942, -0.0000077672, 0.9840956), (0.17763942, -0.0000077672, 0.9840956), (0.17763942, -0.0000077672, 0.9840956), (0.17766477, -0.0000065407703, 0.9840911), (0.17766477, -0.0000065407703, 0.9840911), (0.17766477, -0.0000065407703, 0.9840911), (0.17766477, -0.0000065407703, 0.9840911), (0.17766458, 0.000006472631, 0.98409116), (0.17766458, 0.000006472631, 0.98409116), (0.17766458, 0.000006472631, 0.98409116), (0.17766458, 0.000006472631, 0.98409116), (0.17766514, 0.000007971581, 0.984091), (0.17766514, 0.000007971581, 0.984091), (0.17766514, 0.000007971581, 0.984091), (0.17766514, 0.000007971581, 0.984091), (0.17766534, -0.0000028615964, 0.984091), (0.17766534, -0.0000028615964, 0.984091), (0.17766534, -0.0000028615964, 0.984091), (0.17766534, -0.0000028615964, 0.984091), (0.1776566, 0.0000027253295, 0.98409253), (0.1776566, 0.0000027253295, 0.98409253), (0.1776566, 0.0000027253295, 0.98409253), (0.1776566, 0.0000027253295, 0.98409253), (0.17763981, 0.0000070858828, 0.9840956), (0.17763981, 0.0000070858828, 0.9840956), (0.17763981, 0.0000070858828, 0.9840956), (0.17763981, 0.0000070858828, 0.9840956), (0.17766024, 0.0000028615843, 0.9840918), (0.17766024, 0.0000028615843, 0.9840918), (0.17766024, 0.0000028615843, 0.9840918), (0.17766024, 0.0000028615843, 0.9840918), (-0.9505607, -0.25881624, 0.17160575), (-0.9505607, -0.25881624, 0.17160575), (-0.9505607, -0.25881624, 0.17160575), (-0.9505607, -0.25881624, 0.17160575), (-0.69585705, -0.7071075, 0.12562673), (-0.69585705, -0.7071075, 0.12562673), (-0.69585705, -0.7071075, 0.12562673), (-0.69585705, -0.7071075, 0.12562673), (-0.254707, -0.9659245, 0.0459821), (-0.254707, -0.9659245, 0.0459821), (-0.254707, -0.9659245, 0.0459821), (-0.254707, -0.9659245, 0.0459821), (0.25470385, -0.9659253, -0.045981262), (0.25470385, -0.9659253, -0.045981262), (0.25470385, -0.9659253, -0.045981262), (0.25470385, -0.9659253, -0.045981262), (0.6958699, -0.7070961, -0.12561892), (0.6958699, -0.7070961, -0.12561892), (0.6958699, -0.7070961, -0.12561892), (0.6958699, -0.7070961, -0.12561892), (0.9505617, -0.25881493, -0.17160195), (0.9505617, -0.25881493, -0.17160195), (0.9505617, -0.25881493, -0.17160195), (0.9505617, -0.25881493, -0.17160195), (0.9505618, 0.25881496, -0.17160156), (0.9505618, 0.25881496, -0.17160156), (0.9505618, 0.25881496, -0.17160156), (0.9505618, 0.25881496, -0.17160156), (0.69586986, 0.70709604, -0.12561944), (0.69586986, 0.70709604, -0.12561944), (0.69586986, 0.70709604, -0.12561944), (0.69586986, 0.70709604, -0.12561944), (0.25469577, 0.9659275, -0.04598028), (0.25469577, 0.9659275, -0.04598028), (0.25469577, 0.9659275, -0.04598028), (0.25469577, 0.9659275, -0.04598028), (-0.254707, 0.9659245, 0.045980502), (-0.254707, 0.9659245, 0.045980502), (-0.254707, 0.9659245, 0.045980502), (-0.254707, 0.9659245, 0.045980502), (-0.69585687, 0.7071073, 0.1256277), (-0.69585687, 0.7071073, 0.1256277), (-0.69585687, 0.7071073, 0.1256277), (-0.69585687, 0.7071073, 0.1256277), (-0.9505607, 0.25881624, 0.17160602), (-0.9505607, 0.25881624, 0.17160602), (-0.9505607, 0.25881624, 0.17160602), (-0.9505607, 0.25881624, 0.17160602), (0.5788517, 0.114201255, 0.8073963), (0.5788517, 0.114201255, 0.8073963), (0.5788517, 0.114201255, 0.8073963), (0.5788517, 0.114201255, 0.8073963), (0.46646187, 0.31199557, 0.82769084), (0.46646187, 0.31199557, 0.82769084), (0.46646187, 0.31199557, 0.82769084), (0.46646187, 0.31199557, 0.82769084), (0.27181667, 0.42619452, 0.8628291), (0.27181667, 0.42619452, 0.8628291), (0.27181667, 0.42619452, 0.8628291), (0.27181667, 0.42619452, 0.8628291), (0.047032025, 0.42619893, 0.903406), (0.047032025, 0.42619893, 0.903406), (0.047032025, 0.42619893, 0.903406), (0.047032025, 0.42619893, 0.903406), (-0.14760605, 0.3120031, 0.9385449), (-0.14760605, 0.3120031, 0.9385449), (-0.14760605, 0.3120031, 0.9385449), (-0.14760605, 0.3120031, 0.9385449), (-0.25998682, 0.11419787, 0.95883566), (-0.25998682, 0.11419787, 0.95883566), (-0.25998682, 0.11419787, 0.95883566), (-0.25998682, 0.11419787, 0.95883566), (-0.2599866, -0.11419779, 0.95883566), (-0.2599866, -0.11419779, 0.95883566), (-0.2599866, -0.11419779, 0.95883566), (-0.2599866, -0.11419779, 0.95883566), (-0.14760609, -0.3120032, 0.9385448), (-0.14760609, -0.3120032, 0.9385448), (-0.14760609, -0.3120032, 0.9385448), (-0.14760609, -0.3120032, 0.9385448), (0.04704398, -0.4261988, 0.9034054), (0.04704398, -0.4261988, 0.9034054), (0.04704398, -0.4261988, 0.9034054), (0.04704398, -0.4261988, 0.9034054), (0.2718165, -0.42619386, 0.8628293), (0.2718165, -0.42619386, 0.8628293), (0.2718165, -0.42619386, 0.8628293), (0.2718165, -0.42619386, 0.8628293), (0.46646708, -0.31199503, 0.82768816), (0.46646708, -0.31199503, 0.82768816), (0.46646708, -0.31199503, 0.82768816), (0.46646708, -0.31199503, 0.82768816), (0.5788475, -0.11420162, 0.8073993), (0.5788475, -0.11420162, 0.8073993), (0.5788475, -0.11420162, 0.8073993), (0.5788475, -0.11420162, 0.8073993), (-0.9505597, 0.2588192, -0.17160684), (-0.9505597, 0.2588192, -0.17160684), (-0.9505597, 0.2588192, -0.17160684), (-0.9505597, 0.2588192, -0.17160684), (-0.69585955, 0.7071054, -0.12562455), (-0.69585955, 0.7071054, -0.12562455), (-0.69585955, 0.7071054, -0.12562455), (-0.69585955, 0.7071054, -0.12562455), (-0.2547005, 0.9659262, -0.04598145), (-0.2547005, 0.9659262, -0.04598145), (-0.2547005, 0.9659262, -0.04598145), (-0.2547005, 0.9659262, -0.04598145), (0.25470072, 0.965926, 0.045981947), (0.25470072, 0.965926, 0.045981947), (0.25470072, 0.965926, 0.045981947), (0.25470072, 0.965926, 0.045981947), (0.69585747, 0.70710725, 0.12562484), (0.69585747, 0.70710725, 0.12562484), (0.69585747, 0.70710725, 0.12562484), (0.69585747, 0.70710725, 0.12562484), (0.9505598, 0.25881916, 0.17160635), (0.9505598, 0.25881916, 0.17160635), (0.9505598, 0.25881916, 0.17160635), (0.9505598, 0.25881916, 0.17160635), (0.9505598, -0.25881916, 0.17160635), (0.9505598, -0.25881916, 0.17160635), (0.9505598, -0.25881916, 0.17160635), (0.9505598, -0.25881916, 0.17160635), (0.6958575, -0.7071073, 0.12562473), (0.6958575, -0.7071073, 0.12562473), (0.6958575, -0.7071073, 0.12562473), (0.6958575, -0.7071073, 0.12562473), (0.25470248, -0.9659257, 0.045981932), (0.25470248, -0.9659257, 0.045981932), (0.25470248, -0.9659257, 0.045981932), (0.25470248, -0.9659257, 0.045981932), (-0.25470224, -0.96592575, -0.04598166), (-0.25470224, -0.96592575, -0.04598166), (-0.25470224, -0.96592575, -0.04598166), (-0.25470224, -0.96592575, -0.04598166), (-0.69585764, -0.7071072, -0.12562452), (-0.69585764, -0.7071072, -0.12562452), (-0.69585764, -0.7071072, -0.12562452), (-0.69585764, -0.7071072, -0.12562452), (-0.9505597, -0.2588192, -0.1716069), (-0.9505597, -0.2588192, -0.1716069), (-0.9505597, -0.2588192, -0.1716069), (-0.9505597, -0.2588192, -0.1716069), (-0.17765704, 0.0000064539568, 0.9840924), (-0.17765704, 0.0000064539568, 0.9840924), (-0.17765704, 0.0000064539568, 0.9840924), (-0.17766902, 0.0000029560003, 0.9840903), (-0.17766902, 0.0000029560003, 0.9840903), (-0.17766902, 0.0000029560003, 0.9840903), (-0.17766333, 0, 0.98409134), (-0.17766333, 0, 0.98409134), (-0.17766333, 0, 0.98409134), (-0.17765109, 0, 0.9840935), (-0.17765109, 0, 0.9840935), (-0.17765109, 0, 0.9840935), (-0.17766902, -0.0000023648001, 0.9840903), (-0.17766902, -0.0000023648001, 0.9840903), (-0.17766902, -0.0000023648001, 0.9840903), (-0.17765713, -0.000007045163, 0.9840924), (-0.17765713, -0.000007045163, 0.9840924), (-0.17765713, -0.000007045163, 0.9840924), (-0.17765693, 0.000007045155, 0.98409253), (-0.17765693, 0.000007045155, 0.98409253), (-0.17765693, 0.000007045155, 0.98409253), (-0.17766915, 0.0000023648022, 0.9840903), (-0.17766915, 0.0000023648022, 0.9840903), (-0.17766915, 0.0000023648022, 0.9840903), (-0.17765722, 0, 0.9840924), (-0.17765722, 0, 0.9840924), (-0.17765722, 0, 0.9840924), (-0.17763887, 0, 0.9840957), (-0.17763887, 0, 0.9840957), (-0.17763887, 0, 0.9840957), (-0.17769343, -0.000002955987, 0.98408586), (-0.17769343, -0.000002955987, 0.98408586), (-0.17769343, -0.000002955987, 0.98408586), (-0.17765693, -0.0000064539536, 0.98409253), (-0.17765693, -0.0000064539536, 0.98409253), (-0.17765693, -0.0000064539536, 0.98409253), (-0.17766468, -0.0000028615857, 0.9840911), (-0.17766468, -0.0000028615857, 0.9840911), (-0.17766468, -0.0000028615857, 0.9840911), (-0.17766468, -0.0000028615857, 0.9840911), (-0.17766468, -0.000007630895, 0.9840911), (-0.17766468, -0.000007630895, 0.9840911), (-0.17766468, -0.000007630895, 0.9840911), (-0.17766468, -0.000007630895, 0.9840911), (-0.1776643, -0.0000027253136, 0.98409116), (-0.1776643, -0.0000027253136, 0.98409116), (-0.1776643, -0.0000027253136, 0.98409116), (-0.1776643, -0.0000027253136, 0.98409116), (-0.17766507, 0.0000027253257, 0.9840911), (-0.17766507, 0.0000027253257, 0.9840911), (-0.17766507, 0.0000027253257, 0.9840911), (-0.17766507, 0.0000027253257, 0.9840911), (-0.17763089, -0.000007903475, 0.9840972), (-0.17763089, -0.000007903475, 0.9840972), (-0.17763089, -0.000007903475, 0.9840972), (-0.17763089, -0.000007903475, 0.9840972), (-0.17766477, -0.0000065407703, 0.9840911), (-0.17766477, -0.0000065407703, 0.9840911), (-0.17766477, -0.0000065407703, 0.9840911), (-0.17766477, -0.0000065407703, 0.9840911), (-0.17766449, 0.0000066770262, 0.98409116), (-0.17766449, 0.0000066770262, 0.98409116), (-0.17766449, 0.0000066770262, 0.98409116), (-0.17766449, 0.0000066770262, 0.98409116), (-0.17766486, 0.000007903435, 0.98409104), (-0.17766486, 0.000007903435, 0.98409104), (-0.17766486, 0.000007903435, 0.98409104), (-0.17766486, 0.000007903435, 0.98409104), (-0.17766544, -0.0000027253313, 0.984091), (-0.17766544, -0.0000027253313, 0.984091), (-0.17766544, -0.0000027253313, 0.984091), (-0.17766544, -0.0000027253313, 0.984091), (-0.1776735, 0.0000027253213, 0.98408955), (-0.1776735, 0.0000027253213, 0.98408955), (-0.1776735, 0.0000027253213, 0.98408955), (-0.1776735, 0.0000027253213, 0.98408955), (-0.1776311, 0.0000070858828, 0.9840972), (-0.1776311, 0.0000070858828, 0.9840972), (-0.1776311, 0.0000070858828, 0.9840972), (-0.1776311, 0.0000070858828, 0.9840972), (-0.17766449, 0.0000028615827, 0.98409116), (-0.17766449, 0.0000028615827, 0.98409116), (-0.17766449, 0.0000028615827, 0.98409116), (-0.17766449, 0.0000028615827, 0.98409116), (0.95056075, -0.25881574, 0.17160603), (0.95056075, -0.25881574, 0.17160603), (0.95056075, -0.25881574, 0.17160603), (0.95056075, -0.25881574, 0.17160603), (0.69585705, -0.7071075, 0.12562619), (0.69585705, -0.7071075, 0.12562619), (0.69585705, -0.7071075, 0.12562619), (0.69585705, -0.7071075, 0.12562619), (0.25470698, -0.9659244, 0.045982495), (0.25470698, -0.9659244, 0.045982495), (0.25470698, -0.9659244, 0.045982495), (0.25470698, -0.9659244, 0.045982495), (-0.25470385, -0.9659253, -0.04598193), (-0.25470385, -0.9659253, -0.04598193), (-0.25470385, -0.9659253, -0.04598193), (-0.25470385, -0.9659253, -0.04598193), (-0.69586986, -0.7070963, -0.12561812), (-0.69586986, -0.7070963, -0.12561812), (-0.69586986, -0.7070963, -0.12561812), (-0.69586986, -0.7070963, -0.12561812), (-0.9505618, -0.2588148, -0.17160197), (-0.9505618, -0.2588148, -0.17160197), (-0.9505618, -0.2588148, -0.17160197), (-0.9505618, -0.2588148, -0.17160197), (-0.9505618, 0.2588148, -0.17160197), (-0.9505618, 0.2588148, -0.17160197), (-0.9505618, 0.2588148, -0.17160197), (-0.9505618, 0.2588148, -0.17160197), (-0.69587004, 0.7070959, -0.1256192), (-0.69587004, 0.7070959, -0.1256192), (-0.69587004, 0.7070959, -0.1256192), (-0.69587004, 0.7070959, -0.1256192), (-0.2546959, 0.9659275, -0.045979902), (-0.2546959, 0.9659275, -0.045979902), (-0.2546959, 0.9659275, -0.045979902), (-0.2546959, 0.9659275, -0.045979902), (0.254707, 0.9659245, 0.04598037), (0.254707, 0.9659245, 0.04598037), (0.254707, 0.9659245, 0.04598037), (0.254707, 0.9659245, 0.04598037), (0.69585705, 0.7071075, 0.12562619), (0.69585705, 0.7071075, 0.12562619), (0.69585705, 0.7071075, 0.12562619), (0.69585705, 0.7071075, 0.12562619), (0.95056075, 0.25881574, 0.17160603), (0.95056075, 0.25881574, 0.17160603), (0.95056075, 0.25881574, 0.17160603), (0.95056075, 0.25881574, 0.17160603), (-0.5788517, 0.11420098, 0.8073963), (-0.5788517, 0.11420098, 0.8073963), (-0.5788517, 0.11420098, 0.8073963), (-0.5788517, 0.11420098, 0.8073963), (-0.4664668, 0.31199488, 0.8276883), (-0.4664668, 0.31199488, 0.8276883), (-0.4664668, 0.31199488, 0.8276883), (-0.4664668, 0.31199488, 0.8276883), (-0.27181944, 0.42619398, 0.86282843), (-0.27181944, 0.42619398, 0.86282843), (-0.27181944, 0.42619398, 0.86282843), (-0.27181944, 0.42619398, 0.86282843), (-0.04703799, 0.42619893, 0.90340567), (-0.04703799, 0.42619893, 0.90340567), (-0.04703799, 0.42619893, 0.90340567), (-0.04703799, 0.42619893, 0.90340567), (0.14760605, 0.3120031, 0.9385449), (0.14760605, 0.3120031, 0.9385449), (0.14760605, 0.3120031, 0.9385449), (0.14760605, 0.3120031, 0.9385449), (0.25999233, 0.114197664, 0.9588341), (0.25999233, 0.114197664, 0.9588341), (0.25999233, 0.114197664, 0.9588341), (0.25999233, 0.114197664, 0.9588341), (0.259981, -0.11419795, 0.95883715), (0.259981, -0.11419795, 0.95883715), (0.259981, -0.11419795, 0.95883715), (0.259981, -0.11419795, 0.95883715), (0.14760605, -0.3120031, 0.9385449), (0.14760605, -0.3120031, 0.9385449), (0.14760605, -0.3120031, 0.9385449), (0.14760605, -0.3120031, 0.9385449), (-0.047040973, -0.42619887, 0.90340555), (-0.047040973, -0.42619887, 0.90340555), (-0.047040973, -0.42619887, 0.90340555), (-0.047040973, -0.42619887, 0.90340555), (-0.27181646, -0.42619404, 0.86282927), (-0.27181646, -0.42619404, 0.86282927), (-0.27181646, -0.42619404, 0.86282927), (-0.27181646, -0.42619404, 0.86282927), (-0.4664671, -0.31199506, 0.82768804), (-0.4664671, -0.31199506, 0.82768804), (-0.4664671, -0.31199506, 0.82768804), (-0.4664671, -0.31199506, 0.82768804), (-0.57884353, -0.11420173, 0.807402), (-0.57884353, -0.11420173, 0.807402), (-0.57884353, -0.11420173, 0.807402), (-0.57884353, -0.11420173, 0.807402), (0.9505597, 0.2588192, 0.17160684), (0.9505597, 0.2588192, 0.17160684), (0.9505597, 0.2588192, 0.17160684), (0.9505597, 0.2588192, 0.17160684), (0.69585955, 0.7071054, 0.12562455), (0.69585955, 0.7071054, 0.12562455), (0.69585955, 0.7071054, 0.12562455), (0.69585955, 0.7071054, 0.12562455), (0.2547005, 0.9659262, 0.04598145), (0.2547005, 0.9659262, 0.04598145), (0.2547005, 0.9659262, 0.04598145), (0.2547005, 0.9659262, 0.04598145), (-0.25470072, 0.965926, -0.045981947), (-0.25470072, 0.965926, -0.045981947), (-0.25470072, 0.965926, -0.045981947), (-0.25470072, 0.965926, -0.045981947), (-0.69585747, 0.70710725, -0.12562484), (-0.69585747, 0.70710725, -0.12562484), (-0.69585747, 0.70710725, -0.12562484), (-0.69585747, 0.70710725, -0.12562484), (-0.9505598, 0.25881916, -0.17160635), (-0.9505598, 0.25881916, -0.17160635), (-0.9505598, 0.25881916, -0.17160635), (-0.9505598, 0.25881916, -0.17160635), (-0.9505598, -0.25881916, -0.17160635), (-0.9505598, -0.25881916, -0.17160635), (-0.9505598, -0.25881916, -0.17160635), (-0.9505598, -0.25881916, -0.17160635), (-0.6958575, -0.7071073, -0.12562473), (-0.6958575, -0.7071073, -0.12562473), (-0.6958575, -0.7071073, -0.12562473), (-0.6958575, -0.7071073, -0.12562473), (-0.25470248, -0.9659257, -0.045981932), (-0.25470248, -0.9659257, -0.045981932), (-0.25470248, -0.9659257, -0.045981932), (-0.25470248, -0.9659257, -0.045981932), (0.25470224, -0.96592575, 0.04598166), (0.25470224, -0.96592575, 0.04598166), (0.25470224, -0.96592575, 0.04598166), (0.25470224, -0.96592575, 0.04598166), (0.69585764, -0.7071072, 0.12562452), (0.69585764, -0.7071072, 0.12562452), (0.69585764, -0.7071072, 0.12562452), (0.69585764, -0.7071072, 0.12562452), (0.9505597, -0.2588192, 0.1716069), (0.9505597, -0.2588192, 0.1716069), (0.9505597, -0.2588192, 0.1716069), (0.9505597, -0.2588192, 0.1716069), (0.17765704, 0.0000064539568, -0.9840924), (0.17765704, 0.0000064539568, -0.9840924), (0.17765704, 0.0000064539568, -0.9840924), (0.17766902, 0.0000029560003, -0.9840903), (0.17766902, 0.0000029560003, -0.9840903), (0.17766902, 0.0000029560003, -0.9840903), (0.17766333, 0, -0.98409134), (0.17766333, 0, -0.98409134), (0.17766333, 0, -0.98409134), (0.17765109, 0, -0.9840935), (0.17765109, 0, -0.9840935), (0.17765109, 0, -0.9840935), (0.17766902, -0.0000023648001, -0.9840903), (0.17766902, -0.0000023648001, -0.9840903), (0.17766902, -0.0000023648001, -0.9840903), (0.17765713, -0.000007045163, -0.9840924), (0.17765713, -0.000007045163, -0.9840924), (0.17765713, -0.000007045163, -0.9840924), (0.17765693, 0.000007045155, -0.98409253), (0.17765693, 0.000007045155, -0.98409253), (0.17765693, 0.000007045155, -0.98409253), (0.17766915, 0.0000023648022, -0.9840903), (0.17766915, 0.0000023648022, -0.9840903), (0.17766915, 0.0000023648022, -0.9840903), (0.17765722, 0, -0.9840924), (0.17765722, 0, -0.9840924), (0.17765722, 0, -0.9840924), (0.17763887, 0, -0.9840957), (0.17763887, 0, -0.9840957), (0.17763887, 0, -0.9840957), (0.17769343, -0.000002955987, -0.98408586), (0.17769343, -0.000002955987, -0.98408586), (0.17769343, -0.000002955987, -0.98408586), (0.17765693, -0.0000064539536, -0.98409253), (0.17765693, -0.0000064539536, -0.98409253), (0.17765693, -0.0000064539536, -0.98409253), (0.17766468, -0.0000028615857, -0.9840911), (0.17766468, -0.0000028615857, -0.9840911), (0.17766468, -0.0000028615857, -0.9840911), (0.17766468, -0.0000028615857, -0.9840911), (0.17766468, -0.000007630895, -0.9840911), (0.17766468, -0.000007630895, -0.9840911), (0.17766468, -0.000007630895, -0.9840911), (0.17766468, -0.000007630895, -0.9840911), (0.1776643, -0.0000027253136, -0.98409116), (0.1776643, -0.0000027253136, -0.98409116), (0.1776643, -0.0000027253136, -0.98409116), (0.1776643, -0.0000027253136, -0.98409116), (0.17766507, 0.0000027253257, -0.9840911), (0.17766507, 0.0000027253257, -0.9840911), (0.17766507, 0.0000027253257, -0.9840911), (0.17766507, 0.0000027253257, -0.9840911), (0.17763089, -0.000007903475, -0.9840972), (0.17763089, -0.000007903475, -0.9840972), (0.17763089, -0.000007903475, -0.9840972), (0.17763089, -0.000007903475, -0.9840972), (0.17766477, -0.0000065407703, -0.9840911), (0.17766477, -0.0000065407703, -0.9840911), (0.17766477, -0.0000065407703, -0.9840911), (0.17766477, -0.0000065407703, -0.9840911), (0.17766449, 0.0000066770262, -0.98409116), (0.17766449, 0.0000066770262, -0.98409116), (0.17766449, 0.0000066770262, -0.98409116), (0.17766449, 0.0000066770262, -0.98409116), (0.17766486, 0.000007903435, -0.98409104), (0.17766486, 0.000007903435, -0.98409104), (0.17766486, 0.000007903435, -0.98409104), (0.17766486, 0.000007903435, -0.98409104), (0.17766544, -0.0000027253313, -0.984091), (0.17766544, -0.0000027253313, -0.984091), (0.17766544, -0.0000027253313, -0.984091), (0.17766544, -0.0000027253313, -0.984091), (0.1776735, 0.0000027253213, -0.98408955), (0.1776735, 0.0000027253213, -0.98408955), (0.1776735, 0.0000027253213, -0.98408955), (0.1776735, 0.0000027253213, -0.98408955), (0.1776311, 0.0000070858828, -0.9840972), (0.1776311, 0.0000070858828, -0.9840972), (0.1776311, 0.0000070858828, -0.9840972), (0.1776311, 0.0000070858828, -0.9840972), (0.17766449, 0.0000028615827, -0.98409116), (0.17766449, 0.0000028615827, -0.98409116), (0.17766449, 0.0000028615827, -0.98409116), (0.17766449, 0.0000028615827, -0.98409116), (-0.95056075, -0.25881574, -0.17160603), (-0.95056075, -0.25881574, -0.17160603), (-0.95056075, -0.25881574, -0.17160603), (-0.95056075, -0.25881574, -0.17160603), (-0.69585705, -0.7071075, -0.12562619), (-0.69585705, -0.7071075, -0.12562619), (-0.69585705, -0.7071075, -0.12562619), (-0.69585705, -0.7071075, -0.12562619), (-0.25470698, -0.9659244, -0.045982495), (-0.25470698, -0.9659244, -0.045982495), (-0.25470698, -0.9659244, -0.045982495), (-0.25470698, -0.9659244, -0.045982495), (0.25470385, -0.9659253, 0.04598193), (0.25470385, -0.9659253, 0.04598193), (0.25470385, -0.9659253, 0.04598193), (0.25470385, -0.9659253, 0.04598193), (0.69586986, -0.7070963, 0.12561812), (0.69586986, -0.7070963, 0.12561812), (0.69586986, -0.7070963, 0.12561812), (0.69586986, -0.7070963, 0.12561812), (0.9505618, -0.2588148, 0.17160197), (0.9505618, -0.2588148, 0.17160197), (0.9505618, -0.2588148, 0.17160197), (0.9505618, -0.2588148, 0.17160197), (0.9505618, 0.2588148, 0.17160197), (0.9505618, 0.2588148, 0.17160197), (0.9505618, 0.2588148, 0.17160197), (0.9505618, 0.2588148, 0.17160197), (0.69587004, 0.7070959, 0.1256192), (0.69587004, 0.7070959, 0.1256192), (0.69587004, 0.7070959, 0.1256192), (0.69587004, 0.7070959, 0.1256192), (0.2546959, 0.9659275, 0.045979902), (0.2546959, 0.9659275, 0.045979902), (0.2546959, 0.9659275, 0.045979902), (0.2546959, 0.9659275, 0.045979902), (-0.254707, 0.9659245, -0.04598037), (-0.254707, 0.9659245, -0.04598037), (-0.254707, 0.9659245, -0.04598037), (-0.254707, 0.9659245, -0.04598037), (-0.69585705, 0.7071075, -0.12562619), (-0.69585705, 0.7071075, -0.12562619), (-0.69585705, 0.7071075, -0.12562619), (-0.69585705, 0.7071075, -0.12562619), (-0.95056075, 0.25881574, -0.17160603), (-0.95056075, 0.25881574, -0.17160603), (-0.95056075, 0.25881574, -0.17160603), (-0.95056075, 0.25881574, -0.17160603), (0.5788517, 0.11420098, -0.8073963), (0.5788517, 0.11420098, -0.8073963), (0.5788517, 0.11420098, -0.8073963), (0.5788517, 0.11420098, -0.8073963), (0.4664668, 0.31199488, -0.8276883), (0.4664668, 0.31199488, -0.8276883), (0.4664668, 0.31199488, -0.8276883), (0.4664668, 0.31199488, -0.8276883), (0.27181944, 0.42619398, -0.86282843), (0.27181944, 0.42619398, -0.86282843), (0.27181944, 0.42619398, -0.86282843), (0.27181944, 0.42619398, -0.86282843), (0.04703799, 0.42619893, -0.90340567), (0.04703799, 0.42619893, -0.90340567), (0.04703799, 0.42619893, -0.90340567), (0.04703799, 0.42619893, -0.90340567), (-0.14760605, 0.3120031, -0.9385449), (-0.14760605, 0.3120031, -0.9385449), (-0.14760605, 0.3120031, -0.9385449), (-0.14760605, 0.3120031, -0.9385449), (-0.25999233, 0.114197664, -0.9588341), (-0.25999233, 0.114197664, -0.9588341), (-0.25999233, 0.114197664, -0.9588341), (-0.25999233, 0.114197664, -0.9588341), (-0.259981, -0.11419795, -0.95883715), (-0.259981, -0.11419795, -0.95883715), (-0.259981, -0.11419795, -0.95883715), (-0.259981, -0.11419795, -0.95883715), (-0.14760605, -0.3120031, -0.9385449), (-0.14760605, -0.3120031, -0.9385449), (-0.14760605, -0.3120031, -0.9385449), (-0.14760605, -0.3120031, -0.9385449), (0.047040973, -0.42619887, -0.90340555), (0.047040973, -0.42619887, -0.90340555), (0.047040973, -0.42619887, -0.90340555), (0.047040973, -0.42619887, -0.90340555), (0.27181646, -0.42619404, -0.86282927), (0.27181646, -0.42619404, -0.86282927), (0.27181646, -0.42619404, -0.86282927), (0.27181646, -0.42619404, -0.86282927), (0.4664671, -0.31199506, -0.82768804), (0.4664671, -0.31199506, -0.82768804), (0.4664671, -0.31199506, -0.82768804), (0.4664671, -0.31199506, -0.82768804), (0.57884353, -0.11420173, -0.807402), (0.57884353, -0.11420173, -0.807402), (0.57884353, -0.11420173, -0.807402), (0.57884353, -0.11420173, -0.807402), (-0.9505598, 0.2588189, 0.17160685), (-0.9505598, 0.2588189, 0.17160685), (-0.9505598, 0.2588189, 0.17160685), (-0.9505598, 0.2588189, 0.17160685), (-0.6958594, 0.70710546, 0.12562464), (-0.6958594, 0.70710546, 0.12562464), (-0.6958594, 0.70710546, 0.12562464), (-0.6958594, 0.70710546, 0.12562464), (-0.25470045, 0.9659262, 0.04598132), (-0.25470045, 0.9659262, 0.04598132), (-0.25470045, 0.9659262, 0.04598132), (-0.25470045, 0.9659262, 0.04598132), (0.25470078, 0.96592605, -0.045982074), (0.25470078, 0.96592605, -0.045982074), (0.25470078, 0.96592605, -0.045982074), (0.25470078, 0.96592605, -0.045982074), (0.69585747, 0.70710725, -0.12562495), (0.69585747, 0.70710725, -0.12562495), (0.69585747, 0.70710725, -0.12562495), (0.69585747, 0.70710725, -0.12562495), (0.9505598, 0.25881934, -0.17160629), (0.9505598, 0.25881934, -0.17160629), (0.9505598, 0.25881934, -0.17160629), (0.9505598, 0.25881934, -0.17160629), (0.9505598, -0.25881934, -0.17160635), (0.9505598, -0.25881934, -0.17160635), (0.9505598, -0.25881934, -0.17160635), (0.9505598, -0.25881934, -0.17160635), (0.6958575, -0.7071073, -0.12562479), (0.6958575, -0.7071073, -0.12562479), (0.6958575, -0.7071073, -0.12562479), (0.6958575, -0.7071073, -0.12562479), (0.2547025, -0.9659256, -0.045981936), (0.2547025, -0.9659256, -0.045981936), (0.2547025, -0.9659256, -0.045981936), (0.2547025, -0.9659256, -0.045981936), (-0.25470227, -0.96592563, 0.04598172), (-0.25470227, -0.96592563, 0.04598172), (-0.25470227, -0.96592563, 0.04598172), (-0.25470227, -0.96592563, 0.04598172), (-0.6958575, -0.7071073, 0.12562439), (-0.6958575, -0.7071073, 0.12562439), (-0.6958575, -0.7071073, 0.12562439), (-0.6958575, -0.7071073, 0.12562439), (-0.9505598, -0.2588189, 0.17160703), (-0.9505598, -0.2588189, 0.17160703), (-0.9505598, -0.2588189, 0.17160703), (-0.9505598, -0.2588189, 0.17160703), (-0.17765693, 0.000006306153, -0.98409253), (-0.17765693, 0.000006306153, -0.98409253), (-0.17765693, 0.000006306153, -0.98409253), (-0.17766887, 0.0000027589313, -0.9840903), (-0.17766887, 0.0000027589313, -0.9840903), (-0.17766887, 0.0000027589313, -0.9840903), (-0.17765722, 0, -0.9840924), (-0.17765722, 0, -0.9840924), (-0.17765722, 0, -0.9840924), (-0.17765722, 0, -0.9840924), (-0.17765722, 0, -0.9840924), (-0.17765722, 0, -0.9840924), (-0.17768124, -0.000002364795, -0.9840881), (-0.17768124, -0.000002364795, -0.9840881), (-0.17768124, -0.000002364795, -0.9840881), (-0.17765722, -0.000007094433, -0.9840924), (-0.17765722, -0.000007094433, -0.9840924), (-0.17765722, -0.000007094433, -0.9840924), (-0.17765693, 0.000007094422, -0.98409253), (-0.17765693, 0.000007094422, -0.98409253), (-0.17765693, 0.000007094422, -0.98409253), (-0.17766915, 0.0000023648022, -0.9840903), (-0.17766915, 0.0000023648022, -0.9840903), (-0.17766915, 0.0000023648022, -0.9840903), (-0.17765722, 0, -0.9840924), (-0.17765722, 0, -0.9840924), (-0.17765722, 0, -0.9840924), (-0.1776328, 0, -0.9840969), (-0.1776328, 0, -0.9840969), (-0.1776328, 0, -0.9840969), (-0.17770566, -0.0000029559803, -0.9840837), (-0.17770566, -0.0000029559803, -0.9840837), (-0.17770566, -0.0000029559803, -0.9840837), (-0.17765693, -0.000006306153, -0.98409253), (-0.17765693, -0.000006306153, -0.98409253), (-0.17765693, -0.000006306153, -0.98409253), (-0.17766458, -0.0000027253182, -0.98409116), (-0.17766458, -0.0000027253182, -0.98409116), (-0.17766458, -0.0000027253182, -0.98409116), (-0.17766458, -0.0000027253182, -0.98409116), (-0.177669, -0.0000073583615, -0.9840904), (-0.177669, -0.0000073583615, -0.9840904), (-0.177669, -0.0000073583615, -0.9840904), (-0.177669, -0.0000073583615, -0.9840904), (-0.17766419, -0.000002452781, -0.98409116), (-0.17766419, -0.000002452781, -0.98409116), (-0.17766419, -0.000002452781, -0.98409116), (-0.17766419, -0.000002452781, -0.98409116), (-0.1776566, 0.0000027253295, -0.98409253), (-0.1776566, 0.0000027253295, -0.98409253), (-0.1776566, 0.0000027253295, -0.98409253), (-0.1776566, 0.0000027253295, -0.98409253), (-0.17763942, -0.0000077672, -0.9840956), (-0.17763942, -0.0000077672, -0.9840956), (-0.17763942, -0.0000077672, -0.9840956), (-0.17763942, -0.0000077672, -0.9840956), (-0.17766477, -0.0000065407703, -0.9840911), (-0.17766477, -0.0000065407703, -0.9840911), (-0.17766477, -0.0000065407703, -0.9840911), (-0.17766477, -0.0000065407703, -0.9840911), (-0.17766458, 0.000006472631, -0.98409116), (-0.17766458, 0.000006472631, -0.98409116), (-0.17766458, 0.000006472631, -0.98409116), (-0.17766458, 0.000006472631, -0.98409116), (-0.17766514, 0.000007971581, -0.984091), (-0.17766514, 0.000007971581, -0.984091), (-0.17766514, 0.000007971581, -0.984091), (-0.17766514, 0.000007971581, -0.984091), (-0.17766534, -0.0000028615964, -0.984091), (-0.17766534, -0.0000028615964, -0.984091), (-0.17766534, -0.0000028615964, -0.984091), (-0.17766534, -0.0000028615964, -0.984091), (-0.1776566, 0.0000027253295, -0.98409253), (-0.1776566, 0.0000027253295, -0.98409253), (-0.1776566, 0.0000027253295, -0.98409253), (-0.1776566, 0.0000027253295, -0.98409253), (-0.17763981, 0.0000070858828, -0.9840956), (-0.17763981, 0.0000070858828, -0.9840956), (-0.17763981, 0.0000070858828, -0.9840956), (-0.17763981, 0.0000070858828, -0.9840956), (-0.17766024, 0.0000028615843, -0.9840918), (-0.17766024, 0.0000028615843, -0.9840918), (-0.17766024, 0.0000028615843, -0.9840918), (-0.17766024, 0.0000028615843, -0.9840918), (0.9505607, -0.25881624, -0.17160575), (0.9505607, -0.25881624, -0.17160575), (0.9505607, -0.25881624, -0.17160575), (0.9505607, -0.25881624, -0.17160575), (0.69585705, -0.7071075, -0.12562673), (0.69585705, -0.7071075, -0.12562673), (0.69585705, -0.7071075, -0.12562673), (0.69585705, -0.7071075, -0.12562673), (0.254707, -0.9659245, -0.0459821), (0.254707, -0.9659245, -0.0459821), (0.254707, -0.9659245, -0.0459821), (0.254707, -0.9659245, -0.0459821), (-0.25470385, -0.9659253, 0.045981262), (-0.25470385, -0.9659253, 0.045981262), (-0.25470385, -0.9659253, 0.045981262), (-0.25470385, -0.9659253, 0.045981262), (-0.6958699, -0.7070961, 0.12561892), (-0.6958699, -0.7070961, 0.12561892), (-0.6958699, -0.7070961, 0.12561892), (-0.6958699, -0.7070961, 0.12561892), (-0.9505617, -0.25881493, 0.17160195), (-0.9505617, -0.25881493, 0.17160195), (-0.9505617, -0.25881493, 0.17160195), (-0.9505617, -0.25881493, 0.17160195), (-0.9505618, 0.25881496, 0.17160156), (-0.9505618, 0.25881496, 0.17160156), (-0.9505618, 0.25881496, 0.17160156), (-0.9505618, 0.25881496, 0.17160156), (-0.69586986, 0.70709604, 0.12561944), (-0.69586986, 0.70709604, 0.12561944), (-0.69586986, 0.70709604, 0.12561944), (-0.69586986, 0.70709604, 0.12561944), (-0.25469577, 0.9659275, 0.04598028), (-0.25469577, 0.9659275, 0.04598028), (-0.25469577, 0.9659275, 0.04598028), (-0.25469577, 0.9659275, 0.04598028), (0.254707, 0.9659245, -0.045980502), (0.254707, 0.9659245, -0.045980502), (0.254707, 0.9659245, -0.045980502), (0.254707, 0.9659245, -0.045980502), (0.69585687, 0.7071073, -0.1256277), (0.69585687, 0.7071073, -0.1256277), (0.69585687, 0.7071073, -0.1256277), (0.69585687, 0.7071073, -0.1256277), (0.9505607, 0.25881624, -0.17160602), (0.9505607, 0.25881624, -0.17160602), (0.9505607, 0.25881624, -0.17160602), (0.9505607, 0.25881624, -0.17160602), (-0.5788517, 0.114201255, -0.8073963), (-0.5788517, 0.114201255, -0.8073963), (-0.5788517, 0.114201255, -0.8073963), (-0.5788517, 0.114201255, -0.8073963), (-0.46646187, 0.31199557, -0.82769084), (-0.46646187, 0.31199557, -0.82769084), (-0.46646187, 0.31199557, -0.82769084), (-0.46646187, 0.31199557, -0.82769084), (-0.27181667, 0.42619452, -0.8628291), (-0.27181667, 0.42619452, -0.8628291), (-0.27181667, 0.42619452, -0.8628291), (-0.27181667, 0.42619452, -0.8628291), (-0.047032025, 0.42619893, -0.903406), (-0.047032025, 0.42619893, -0.903406), (-0.047032025, 0.42619893, -0.903406), (-0.047032025, 0.42619893, -0.903406), (0.14760605, 0.3120031, -0.9385449), (0.14760605, 0.3120031, -0.9385449), (0.14760605, 0.3120031, -0.9385449), (0.14760605, 0.3120031, -0.9385449), (0.25998682, 0.11419787, -0.95883566), (0.25998682, 0.11419787, -0.95883566), (0.25998682, 0.11419787, -0.95883566), (0.25998682, 0.11419787, -0.95883566), (0.2599866, -0.11419779, -0.95883566), (0.2599866, -0.11419779, -0.95883566), (0.2599866, -0.11419779, -0.95883566), (0.2599866, -0.11419779, -0.95883566), (0.14760609, -0.3120032, -0.9385448), (0.14760609, -0.3120032, -0.9385448), (0.14760609, -0.3120032, -0.9385448), (0.14760609, -0.3120032, -0.9385448), (-0.04704398, -0.4261988, -0.9034054), (-0.04704398, -0.4261988, -0.9034054), (-0.04704398, -0.4261988, -0.9034054), (-0.04704398, -0.4261988, -0.9034054), (-0.2718165, -0.42619386, -0.8628293), (-0.2718165, -0.42619386, -0.8628293), (-0.2718165, -0.42619386, -0.8628293), (-0.2718165, -0.42619386, -0.8628293), (-0.46646708, -0.31199503, -0.82768816), (-0.46646708, -0.31199503, -0.82768816), (-0.46646708, -0.31199503, -0.82768816), (-0.46646708, -0.31199503, -0.82768816), (-0.5788475, -0.11420162, -0.8073993), (-0.5788475, -0.11420162, -0.8073993), (-0.5788475, -0.11420162, -0.8073993), (-0.5788475, -0.11420162, -0.8073993)] (
                interpolation = "faceVarying"
            )
            point3f[] points = [(10.026012, 6.315596, 109.15503), (9.750303, 7.361189, 109.2048), (8.997052, 8.126617, 109.34079), (7.968092, 8.406782, 109.52655), (6.939133, 8.126617, 109.71231), (6.185882, 7.361189, 109.8483), (5.910173, 6.315596, 109.89807), (6.185882, 5.270003, 109.8483), (6.939133, 4.504576, 109.71231), (7.968092, 4.22441, 109.52655), (8.997052, 4.504576, 109.34079), (9.750303, 5.270003, 109.2048), (7.991975, 6.315596, 109.65884), (9.687754, 6.315596, 107.28136), (9.412045, 7.361189, 107.33113), (8.658795, 8.126617, 107.46712), (7.629835, 8.406782, 107.65288), (6.600875, 8.126617, 107.83864), (5.847624, 7.361189, 107.974625), (5.571916, 6.315596, 108.0244), (5.847624, 5.270003, 107.974625), (6.600875, 4.504576, 107.83864), (7.629835, 4.22441, 107.65288), (8.658795, 4.504576, 107.46712), (9.412045, 5.270003, 107.33113), (9.808695, 6.315596, 109.19426), (9.562101, 7.250774, 109.23878), (8.888394, 7.935372, 109.360405), (7.968092, 8.185952, 109.52655), (7.047791, 7.935372, 109.692696), (6.374084, 7.250774, 109.814316), (6.12749, 6.315596, 109.85883), (6.374084, 5.380418, 109.814316), (7.047791, 4.69582, 109.692696), (7.968092, 4.44524, 109.52655), (8.888394, 4.69582, 109.360405), (9.562101, 5.380418, 109.23878), (9.767571, 6.315596, 108.96647), (9.520977, 7.250774, 109.01099), (8.84727, 7.935372, 109.132614), (7.926969, 8.185952, 109.29876), (7.006668, 7.935372, 109.4649), (6.332961, 7.250774, 109.586525), (6.086367, 6.315596, 109.63104), (6.332961, 5.380418, 109.586525), (7.006668, 4.69582, 109.4649), (7.926969, 4.44524, 109.29876), (8.84727, 4.69582, 109.132614), (9.520977, 5.380418, 109.01099), (9.074402, 6.315596, 109.463425), (8.929384, 6.865558, 109.4896), (8.533188, 7.268159, 109.56113), (7.991975, 7.415521, 109.65884), (7.450762, 7.268159, 109.756546), (7.054566, 6.865558, 109.82807), (6.909548, 6.315596, 109.85425), (7.054566, 5.765634, 109.82807), (7.450762, 5.363034, 109.756546), (7.991975, 5.215672, 109.65884), (8.533188, 5.363034, 109.56113), (8.929384, 5.765634, 109.4896), (-10.026012, 6.315596, 109.15503), (-9.750303, 7.361189, 109.2048), (-8.997052, 8.126617, 109.34079), (-7.968092, 8.406782, 109.52655), (-6.939133, 8.126617, 109.71231), (-6.185882, 7.361189, 109.8483), (-5.910173, 6.315596, 109.89807), (-6.185882, 5.270003, 109.8483), (-6.939133, 4.504576, 109.71231), (-7.968092, 4.22441, 109.52655), (-8.997052, 4.504576, 109.34079), (-9.750303, 5.270003, 109.2048), (-7.991975, 6.315596, 109.65884), (-9.687754, 6.315596, 107.28136), (-9.412045, 7.361189, 107.33113), (-8.658795, 8.126617, 107.46712), (-7.629835, 8.406782, 107.65288), (-6.600875, 8.126617, 107.83864), (-5.847624, 7.361189, 107.974625), (-5.571916, 6.315596, 108.0244), (-5.847624, 5.270003, 107.974625), (-6.600875, 4.504576, 107.83864), (-7.629835, 4.22441, 107.65288), (-8.658795, 4.504576, 107.46712), (-9.412045, 5.270003, 107.33113), (-9.808695, 6.315596, 109.19426), (-9.562101, 7.250774, 109.23878), (-8.888394, 7.935372, 109.360405), (-7.968092, 8.185952, 109.52655), (-7.047791, 7.935372, 109.692696), (-6.374084, 7.250774, 109.814316), (-6.12749, 6.315596, 109.85883), (-6.374084, 5.380418, 109.814316), (-7.047791, 4.69582, 109.692696), (-7.968092, 4.44524, 109.52655), (-8.888394, 4.69582, 109.360405), (-9.562101, 5.380418, 109.23878), (-9.767571, 6.315596, 108.96647), (-9.520977, 7.250774, 109.01099), (-8.84727, 7.935372, 109.132614), (-7.926969, 8.185952, 109.29876), (-7.006668, 7.935372, 109.4649), (-6.332961, 7.250774, 109.586525), (-6.086367, 6.315596, 109.63104), (-6.332961, 5.380418, 109.586525), (-7.006668, 4.69582, 109.4649), (-7.926969, 4.44524, 109.29876), (-8.84727, 4.69582, 109.132614), (-9.520977, 5.380418, 109.01099), (-9.074402, 6.315596, 109.463425), (-8.929384, 6.865558, 109.4896), (-8.533188, 7.268159, 109.56113), (-7.991975, 7.415521, 109.65884), (-7.450762, 7.268159, 109.756546), (-7.054566, 6.865558, 109.82807), (-6.909548, 6.315596, 109.85425), (-7.054566, 5.765634, 109.82807), (-7.450762, 5.363034, 109.756546), (-7.991975, 5.215672, 109.65884), (-8.533188, 5.363034, 109.56113), (-8.929384, 5.765634, 109.4896), (10.026012, 6.315596, -109.15503), (9.750303, 7.361189, -109.2048), (8.997052, 8.126617, -109.34079), (7.968092, 8.406782, -109.52655), (6.939133, 8.126617, -109.71231), (6.185882, 7.361189, -109.8483), (5.910173, 6.315596, -109.89807), (6.185882, 5.270003, -109.8483), (6.939133, 4.504576, -109.71231), (7.968092, 4.22441, -109.52655), (8.997052, 4.504576, -109.34079), (9.750303, 5.270003, -109.2048), (7.991975, 6.315596, -109.65884), (9.687754, 6.315596, -107.28136), (9.412045, 7.361189, -107.33113), (8.658795, 8.126617, -107.46712), (7.629835, 8.406782, -107.65288), (6.600875, 8.126617, -107.83864), (5.847624, 7.361189, -107.974625), (5.571916, 6.315596, -108.0244), (5.847624, 5.270003, -107.974625), (6.600875, 4.504576, -107.83864), (7.629835, 4.22441, -107.65288), (8.658795, 4.504576, -107.46712), (9.412045, 5.270003, -107.33113), (9.808695, 6.315596, -109.19426), (9.562101, 7.250774, -109.23878), (8.888394, 7.935372, -109.360405), (7.968092, 8.185952, -109.52655), (7.047791, 7.935372, -109.692696), (6.374084, 7.250774, -109.814316), (6.12749, 6.315596, -109.85883), (6.374084, 5.380418, -109.814316), (7.047791, 4.69582, -109.692696), (7.968092, 4.44524, -109.52655), (8.888394, 4.69582, -109.360405), (9.562101, 5.380418, -109.23878), (9.767571, 6.315596, -108.96647), (9.520977, 7.250774, -109.01099), (8.84727, 7.935372, -109.132614), (7.926969, 8.185952, -109.29876), (7.006668, 7.935372, -109.4649), (6.332961, 7.250774, -109.586525), (6.086367, 6.315596, -109.63104), (6.332961, 5.380418, -109.586525), (7.006668, 4.69582, -109.4649), (7.926969, 4.44524, -109.29876), (8.84727, 4.69582, -109.132614), (9.520977, 5.380418, -109.01099), (9.074402, 6.315596, -109.463425), (8.929384, 6.865558, -109.4896), (8.533188, 7.268159, -109.56113), (7.991975, 7.415521, -109.65884), (7.450762, 7.268159, -109.756546), (7.054566, 6.865558, -109.82807), (6.909548, 6.315596, -109.85425), (7.054566, 5.765634, -109.82807), (7.450762, 5.363034, -109.756546), (7.991975, 5.215672, -109.65884), (8.533188, 5.363034, -109.56113), (8.929384, 5.765634, -109.4896), (-10.026012, 6.315596, -109.15503), (-9.750303, 7.361189, -109.2048), (-8.997052, 8.126617, -109.34079), (-7.968092, 8.406782, -109.52655), (-6.939133, 8.126617, -109.71231), (-6.185882, 7.361189, -109.8483), (-5.910173, 6.315596, -109.89807), (-6.185882, 5.270003, -109.8483), (-6.939133, 4.504576, -109.71231), (-7.968092, 4.22441, -109.52655), (-8.997052, 4.504576, -109.34079), (-9.750303, 5.270003, -109.2048), (-7.991975, 6.315596, -109.65884), (-9.687754, 6.315596, -107.28136), (-9.412045, 7.361189, -107.33113), (-8.658795, 8.126617, -107.46712), (-7.629835, 8.406782, -107.65288), (-6.600875, 8.126617, -107.83864), (-5.847624, 7.361189, -107.974625), (-5.571916, 6.315596, -108.0244), (-5.847624, 5.270003, -107.974625), (-6.600875, 4.504576, -107.83864), (-7.629835, 4.22441, -107.65288), (-8.658795, 4.504576, -107.46712), (-9.412045, 5.270003, -107.33113), (-9.808695, 6.315596, -109.19426), (-9.562101, 7.250774, -109.23878), (-8.888394, 7.935372, -109.360405), (-7.968092, 8.185952, -109.52655), (-7.047791, 7.935372, -109.692696), (-6.374084, 7.250774, -109.814316), (-6.12749, 6.315596, -109.85883), (-6.374084, 5.380418, -109.814316), (-7.047791, 4.69582, -109.692696), (-7.968092, 4.44524, -109.52655), (-8.888394, 4.69582, -109.360405), (-9.562101, 5.380418, -109.23878), (-9.767571, 6.315596, -108.96647), (-9.520977, 7.250774, -109.01099), (-8.84727, 7.935372, -109.132614), (-7.926969, 8.185952, -109.29876), (-7.006668, 7.935372, -109.4649), (-6.332961, 7.250774, -109.586525), (-6.086367, 6.315596, -109.63104), (-6.332961, 5.380418, -109.586525), (-7.006668, 4.69582, -109.4649), (-7.926969, 4.44524, -109.29876), (-8.84727, 4.69582, -109.132614), (-9.520977, 5.380418, -109.01099), (-9.074402, 6.315596, -109.463425), (-8.929384, 6.865558, -109.4896), (-8.533188, 7.268159, -109.56113), (-7.991975, 7.415521, -109.65884), (-7.450762, 7.268159, -109.756546), (-7.054566, 6.865558, -109.82807), (-6.909548, 6.315596, -109.85425), (-7.054566, 5.765634, -109.82807), (-7.450762, 5.363034, -109.756546), (-7.991975, 5.215672, -109.65884), (-8.533188, 5.363034, -109.56113), (-8.929384, 5.765634, -109.4896)]
            texCoord2f[] primvars:st = [(0.795653, 0.612949), (0.79439, 0.613185), (0.796911, 0.613393), (0.795806, 0.613935), (0.79346, 0.614035), (0.795063, 0.614073), (0.796545, 0.614196), (0.797827, 0.614398), (0.794516, 0.614573), (0.797083, 0.614787), (0.815735, 0.615165), (0.793112, 0.615273), (0.794311, 0.6153), (0.814659, 0.615356), (0.795792, 0.615424), (0.797275, 0.615549), (0.816805, 0.615665), (0.798153, 0.615695), (0.794502, 0.616061), (0.813867, 0.616183), (0.816048, 0.616184), (0.797069, 0.616277), (0.815416, 0.616295), (0.816677, 0.616478), (0.793437, 0.616566), (0.795039, 0.616652), (0.817583, 0.616722), (0.796521, 0.616777), (0.814949, 0.616781), (0.795778, 0.616914), (0.797803, 0.616936), (0.817134, 0.617099), (0.813568, 0.617426), (0.814773, 0.617512), (0.794349, 0.617571), (0.816033, 0.617697), (0.79687, 0.617786), (0.817296, 0.617881), (0.795605, 0.618018), (0.817859, 0.618053), (0.814934, 0.618293), (0.817119, 0.618614), (0.813841, 0.618752), (0.81539, 0.618914), (0.816651, 0.6191), (0.816018, 0.61921), (0.817557, 0.6193), (0.175367, 0.61976), (0.814615, 0.619809), (0.176459, 0.619992), (0.175325, 0.620126), (0.81676, 0.620127), (0.175646, 0.6202), (0.815683, 0.620312), (0.176302, 0.620333), (0.178002, 0.620369), (0.176623, 0.620408), (0.174171, 0.620456), (0.179094, 0.620601), (0.174256, 0.620748), (0.174577, 0.620822), (0.176807, 0.621063), (0.177155, 0.621092), (0.176925, 0.621318), (0.177246, 0.621392), (0.179792, 0.621699), (0.173191, 0.621893), (0.173379, 0.622033), (0.173701, 0.622107), (0.175829, 0.622495), (0.177268, 0.622768), (0.177025, 0.622816), (0.177346, 0.62289), (0.179906, 0.623371), (0.172929, 0.623638), (0.172688, 0.623686), (0.173251, 0.623711), (0.162372, 0.624079), (0.162856, 0.624212), (0.175328, 0.624285), (0.176574, 0.624427), (0.16233, 0.624438), (0.165536, 0.624487), (0.162715, 0.624488), (0.176896, 0.6245), (0.162763, 0.624558), (0.176764, 0.624569), (0.163148, 0.624608), (0.166024, 0.62462), (0.161782, 0.624857), (0.173026, 0.625134), (0.161802, 0.625135), (0.179404, 0.625168), (0.162187, 0.625184), (0.173348, 0.625207), (0.163104, 0.625226), (0.164943, 0.625264), (0.172796, 0.625359), (0.162984, 0.625465), (0.16337, 0.625515), (0.166275, 0.625633), (0.175694, 0.625716), (0.176016, 0.625789), (0.175438, 0.625954), (0.175779, 0.626011), (0.173645, 0.626123), (0.173967, 0.626195), (0.174621, 0.626337), (0.161244, 0.626338), (0.174943, 0.626409), (0.16132, 0.62646), (0.173488, 0.626465), (0.161705, 0.626509), (0.178421, 0.626606), (0.174579, 0.626704), (0.164404, 0.626742), (0.163048, 0.62685), (0.162934, 0.626918), (0.16332, 0.626967), (0.176131, 0.627057), (0.166222, 0.627255), (0.177223, 0.627297), (0.161012, 0.62806), (0.161397, 0.628109), (0.1609, 0.628127), (0.162624, 0.628526), (0.164061, 0.628527), (0.163011, 0.628575), (0.162702, 0.628649), (0.165878, 0.629051), (0.16096, 0.629509), (0.161346, 0.629557), (0.160841, 0.629747), (0.16214, 0.629855), (0.162526, 0.629904), (0.16216, 0.630135), (0.164006, 0.630145), (0.161179, 0.630421), (0.161565, 0.630469), (0.165335, 0.630535), (0.161611, 0.630548), (0.161997, 0.630597), (0.161086, 0.630766), (0.161568, 0.63091), (0.164254, 0.631163), (0.16474, 0.631307), (0.607907, 0.650932), (0.606846, 0.651122), (0.608969, 0.651603), (0.606067, 0.652118), (0.607423, 0.652319), (0.606798, 0.652429), (0.608047, 0.652714), (0.609745, 0.652956), (0.60634, 0.653015), (0.608502, 0.65351), (0.605779, 0.653652), (0.60617, 0.653918), (0.607417, 0.654205), (0.608667, 0.654493), (0.629736, 0.654504), (0.610025, 0.654629), (0.628263, 0.654768), (0.606334, 0.654899), (0.631207, 0.655116), (0.606056, 0.655317), (0.608496, 0.655399), (0.606787, 0.655694), (0.627184, 0.655836), (0.629432, 0.655949), (0.608036, 0.655984), (0.60741, 0.656092), (0.628565, 0.656104), (0.609734, 0.65617), (0.630297, 0.65631), (0.632283, 0.656442), (0.606827, 0.656669), (0.627929, 0.656732), (0.630929, 0.65709), (0.60895, 0.657164), (0.607885, 0.657345), (0.626784, 0.657422), (0.627694, 0.657665), (0.629424, 0.657873), (0.631157, 0.658081), (0.632672, 0.658127), (0.627921, 0.658654), (0.630921, 0.659016), (0.62717, 0.659101), (0.628551, 0.659434), (0.630283, 0.659644), (0.632269, 0.659717), (0.629416, 0.659797), (0.62824, 0.660426), (0.631184, 0.660785), (0.629709, 0.661043), (0.447177, 0.667948), (0.447924, 0.668111), (0.449369, 0.668221), (0.450117, 0.668384), (0.449098, 0.668486), (0.449364, 0.668519), (0.446419, 0.668543), (0.449766, 0.668633), (0.450033, 0.668666), (0.44861, 0.668814), (0.448458, 0.668991), (0.448419, 0.669017), (0.448685, 0.66905), (0.450653, 0.669263), (0.450245, 0.669419), (0.450512, 0.669452), (0.445851, 0.669734), (0.448042, 0.670004), (0.44791, 0.670082), (0.448176, 0.670114), (0.448636, 0.670352), (0.450832, 0.670623), (0.43344, 0.670626), (0.450406, 0.670635), (0.450672, 0.670668), (0.434533, 0.670855), (0.43502, 0.671008), (0.432332, 0.671146), (0.445624, 0.671205), (0.436112, 0.671237), (0.434822, 0.671256), (0.435014, 0.671303), (0.447708, 0.671396), (0.447974, 0.671428), (0.435799, 0.671461), (0.447816, 0.671473), (0.43599, 0.671507), (0.433913, 0.671527), (0.433831, 0.67172), (0.434023, 0.671766), (0.435318, 0.671772), (0.448408, 0.67183), (0.450203, 0.671954), (0.45047, 0.671987), (0.450606, 0.672098), (0.436897, 0.672152), (0.431504, 0.672274), (0.4365, 0.67228), (0.436692, 0.672326), (0.445799, 0.672563), (0.447866, 0.672609), (0.448132, 0.672642), (0.433087, 0.672653), (0.433092, 0.672727), (0.433284, 0.672773), (0.447992, 0.67283), (0.449692, 0.673022), (0.447837, 0.673025), (0.449959, 0.673054), (0.435583, 0.673133), (0.450034, 0.673292), (0.448342, 0.673398), (0.448609, 0.673431), (0.44633, 0.673446), (0.436738, 0.673496), (0.437163, 0.673511), (0.43693, 0.673542), (0.449011, 0.67355), (0.449277, 0.673582), (0.447076, 0.673616), (0.431178, 0.673709), (0.448525, 0.673712), (0.449272, 0.673882), (0.432801, 0.674009), (0.432993, 0.674055), (0.432761, 0.674085), (0.435257, 0.674573), (0.436447, 0.674781), (0.436638, 0.674827), (0.436837, 0.674949), (0.43144, 0.675068), (0.433035, 0.675223), (0.433228, 0.675268), (0.433023, 0.675442), (0.434426, 0.675704), (0.435704, 0.675791), (0.435896, 0.675836), (0.432221, 0.675989), (0.433734, 0.676045), (0.436007, 0.676077), (0.433927, 0.67609), (0.433314, 0.676222), (0.434711, 0.676253), (0.434904, 0.676298), (0.433805, 0.676361), (0.434897, 0.676594)] (
                interpolation = "faceVarying"
            )
            int[] primvars:st:indices = [70, 73, 92, 86, 86, 92, 113, 104, 104, 113, 121, 114, 114, 121, 119, 111, 111, 119, 103, 97, 97, 103, 79, 75, 75, 79, 69, 66, 66, 69, 61, 57, 57, 61, 55, 47, 47, 55, 58, 49, 49, 58, 65, 62, 62, 65, 73, 70, 18, 14, 12, 25, 14, 18, 29, 14, 25, 27, 14, 29, 21, 14, 27, 15, 14, 21, 9, 14, 15, 6, 14, 9, 3, 14, 6, 5, 14, 3, 8, 14, 5, 12, 14, 8, 86, 80, 71, 70, 104, 101, 80, 86, 114, 107, 101, 104, 111, 105, 107, 114, 97, 90, 105, 111, 75, 74, 90, 97, 66, 67, 74, 75, 57, 59, 67, 66, 47, 50, 59, 57, 49, 54, 50, 47, 62, 63, 54, 49, 70, 71, 63, 62, 80, 84, 72, 71, 101, 102, 84, 80, 107, 109, 102, 101, 105, 106, 109, 107, 90, 94, 106, 105, 74, 76, 94, 90, 67, 68, 76, 74, 59, 60, 68, 67, 50, 52, 60, 59, 54, 56, 52, 50, 63, 64, 56, 54, 71, 72, 64, 63, 24, 18, 12, 11, 34, 25, 18, 24, 38, 29, 25, 34, 36, 27, 29, 38, 30, 21, 27, 36, 17, 15, 21, 30, 7, 9, 15, 17, 2, 6, 9, 7, 0, 3, 6, 2, 1, 5, 3, 0, 4, 8, 5, 1, 11, 12, 8, 4, 136, 126, 124, 132, 144, 136, 132, 142, 145, 144, 142, 143, 139, 145, 143, 135, 129, 139, 135, 128, 120, 129, 128, 116, 100, 120, 116, 95, 88, 100, 95, 78, 82, 88, 78, 77, 96, 82, 77, 89, 115, 96, 89, 108, 126, 115, 108, 124, 35, 41, 37, 35, 44, 41, 35, 45, 44, 35, 43, 45, 35, 40, 43, 35, 33, 40, 35, 28, 33, 35, 22, 28, 35, 20, 22, 35, 23, 20, 35, 31, 23, 35, 37, 31, 122, 130, 132, 124, 130, 137, 142, 132, 137, 140, 143, 142, 140, 133, 135, 143, 133, 125, 128, 135, 125, 117, 116, 128, 117, 98, 95, 116, 98, 85, 78, 95, 85, 81, 77, 78, 81, 91, 89, 77, 91, 110, 108, 89, 110, 122, 124, 108, 123, 131, 130, 122, 131, 138, 137, 130, 138, 141, 140, 137, 141, 134, 133, 140, 134, 127, 125, 133, 127, 118, 117, 125, 118, 99, 98, 117, 99, 87, 85, 98, 87, 83, 81, 85, 83, 93, 91, 81, 93, 112, 110, 91, 112, 123, 122, 110, 37, 41, 46, 39, 41, 44, 51, 46, 44, 45, 53, 51, 45, 43, 48, 53, 43, 40, 42, 48, 40, 33, 32, 42, 33, 28, 19, 32, 28, 22, 13, 19, 22, 20, 10, 13, 20, 23, 16, 10, 23, 31, 26, 16, 31, 37, 39, 26, 237, 216, 217, 240, 253, 237, 240, 256, 265, 253, 256, 268, 259, 265, 268, 267, 245, 259, 267, 251, 224, 245, 251, 231, 212, 224, 231, 213, 202, 212, 213, 205, 196, 202, 205, 198, 197, 196, 198, 199, 206, 197, 199, 209, 216, 206, 209, 217, 158, 163, 157, 158, 167, 163, 158, 171, 167, 158, 170, 171, 158, 166, 170, 158, 159, 166, 158, 155, 159, 158, 152, 155, 158, 150, 152, 158, 151, 150, 158, 154, 151, 158, 157, 154, 220, 239, 240, 217, 239, 254, 256, 240, 254, 264, 268, 256, 264, 258, 267, 268, 258, 247, 251, 267, 247, 229, 231, 251, 229, 215, 213, 231, 215, 208, 205, 213, 208, 201, 198, 205, 201, 204, 199, 198, 204, 211, 209, 199, 211, 220, 217, 209, 219, 238, 239, 220, 238, 252, 254, 239, 252, 263, 264, 254, 263, 257, 258, 264, 257, 246, 247, 258, 246, 228, 229, 247, 228, 214, 215, 229, 214, 207, 208, 215, 207, 200, 201, 208, 200, 203, 204, 201, 203, 210, 211, 204, 210, 219, 220, 211, 157, 163, 165, 156, 163, 167, 176, 165, 167, 171, 180, 176, 171, 170, 179, 180, 170, 166, 173, 179, 166, 159, 161, 173, 159, 155, 153, 161, 155, 152, 148, 153, 152, 150, 146, 148, 150, 151, 147, 146, 151, 154, 149, 147, 154, 157, 156, 149, 271, 266, 276, 279, 279, 276, 283, 290, 290, 283, 287, 291, 291, 287, 280, 285, 285, 280, 272, 275, 275, 272, 255, 261, 261, 255, 236, 241, 241, 236, 221, 225, 225, 221, 218, 222, 222, 218, 223, 233, 233, 223, 242, 248, 248, 242, 266, 271, 187, 183, 184, 190, 183, 187, 192, 183, 190, 189, 183, 192, 186, 183, 189, 182, 183, 186, 177, 183, 182, 172, 183, 177, 169, 183, 172, 174, 183, 169, 178, 183, 174, 184, 183, 178, 279, 278, 270, 271, 290, 286, 278, 279, 291, 289, 286, 290, 285, 282, 289, 291, 275, 274, 282, 285, 261, 262, 274, 275, 241, 244, 262, 261, 225, 232, 244, 241, 222, 227, 232, 225, 233, 235, 227, 222, 248, 250, 235, 233, 271, 270, 250, 248, 278, 277, 269, 270, 286, 284, 277, 278, 289, 288, 284, 286, 282, 281, 288, 289, 274, 273, 281, 282, 262, 260, 273, 274, 244, 243, 260, 262, 232, 230, 243, 244, 227, 226, 230, 232, 235, 234, 226, 227, 250, 249, 234, 235, 270, 269, 249, 250, 191, 187, 184, 185, 194, 190, 187, 191, 195, 192, 190, 194, 193, 189, 192, 195, 188, 186, 189, 193, 181, 182, 186, 188, 168, 177, 182, 181, 162, 172, 177, 168, 160, 169, 172, 162, 164, 174, 169, 160, 175, 178, 174, 164, 185, 184, 178, 175]
            uniform token subdivisionScheme = "none"
        }
    }

    def Xform "node_398_Tram_005" (
        displayName = "1398 Tram.005"
    )
    {
        float3 xformOp:rotateXYZ = (-0.0000045177453, -0, 0)
        float3 xformOp:scale = (100, 100, 100)
        double3 xformOp:translate = (0, 0, 0)
        uniform token[] xformOpOrder = ["xformOp:translate", "xformOp:rotateXYZ", "xformOp:scale"]

        def Mesh "mesh_398_Tram_006" (
            prepend apiSchemas = ["MaterialBindingAPI"]
            displayName = "1398 Tram.006"
        )
        {
            float3[] extent = [(-19.262152, 22.183563, -106.969604), (19.262152, 33.267097, -100.651955)]
            int[] faceVertexCounts = [4, 4, 4, 4, 4, 4, 4, 4, 4, 4, 4, 4, 4, 4, 4, 4, 4, 4, 4, 4, 4, 4, 4, 4, 4, 4, 4, 4, 4, 4, 4, 4, 4, 4, 4, 4]
            int[] faceVertexIndices = [1, 3, 2, 0, 17, 19, 18, 16, 5, 7, 6, 4, 7, 1, 0, 6, 7, 5, 3, 1, 0, 2, 4, 6, 8, 10, 4, 2, 10, 11, 5, 4, 11, 9, 3, 5, 9, 8, 2, 3, 12, 14, 10, 8, 14, 15, 11, 10, 15, 13, 9, 11, 13, 12, 8, 9, 16, 18, 14, 12, 18, 19, 15, 14, 19, 17, 13, 15, 17, 16, 12, 13, 22, 23, 21, 20, 38, 39, 37, 36, 26, 27, 25, 24, 20, 21, 27, 26, 23, 25, 27, 21, 24, 22, 20, 26, 24, 30, 28, 22, 25, 31, 30, 24, 23, 29, 31, 25, 22, 28, 29, 23, 30, 34, 32, 28, 31, 35, 34, 30, 29, 33, 35, 31, 28, 32, 33, 29, 34, 38, 36, 32, 35, 39, 38, 34, 33, 37, 39, 35, 32, 36, 37, 33]
            rel material:binding = </World/Looks/Mat>
            normal3f[] normals = [(-0.7071074, -6.080228e-7, -0.7071062), (-0.7071074, -6.080228e-7, -0.7071062), (-0.7071074, -6.080228e-7, -0.7071062), (-0.7071074, -6.080228e-7, -0.7071062), (0, -1, 0), (0, -1, 0), (0, -1, 0), (0, -1, 0), (0.7071086, 0.0000018240653, 0.707105), (0.7071086, 0.0000018240653, 0.707105), (0.7071086, 0.0000018240653, 0.707105), (0.7071086, 0.0000018240653, 0.707105), (-0.7071077, 0, 0.7071059), (-0.7071077, 0, 0.7071059), (-0.7071077, 0, 0.7071059), (-0.7071077, 0, 0.7071059), (0.27805346, 0.9194411, -0.27805462), (0.27805346, 0.9194411, -0.27805462), (0.27805346, 0.9194411, -0.27805462), (0.27805346, 0.9194411, -0.27805462), (-0.0789616, -0.9937455, 0.0789616), (-0.0789616, -0.9937455, 0.0789616), (-0.0789616, -0.9937455, 0.0789616), (-0.0789616, -0.9937455, 0.0789616), (-0.6721053, 0.31072965, 0.67210233), (-0.6721053, 0.31072965, 0.67210233), (-0.6721053, 0.31072965, 0.67210233), (-0.6721053, 0.31072965, 0.67210233), (0.5401333, 0.64538074, 0.5401293), (0.5401333, 0.64538074, 0.5401293), (0.5401333, 0.64538074, 0.5401293), (0.5401333, 0.64538074, 0.5401293), (0.67210454, 0.31072992, -0.67210305), (0.67210454, 0.31072992, -0.67210305), (0.67210454, 0.31072992, -0.67210305), (0.67210454, 0.31072992, -0.67210305), (-0.54013, 0.64538205, -0.540131), (-0.54013, 0.64538205, -0.540131), (-0.54013, 0.64538205, -0.540131), (-0.54013, 0.64538205, -0.540131), (-0.70710737, 0, 0.7071062), (-0.70710737, 0, 0.7071062), (-0.70710737, 0, 0.7071062), (-0.70710737, 0, 0.7071062), (0.7071057, 0, 0.70710784), (0.7071057, 0, 0.70710784), (0.7071057, 0, 0.70710784), (0.7071057, 0, 0.70710784), (0.7071072, 0, -0.7071063), (0.7071072, 0, -0.7071063), (0.7071072, 0, -0.7071063), (0.7071072, 0, -0.7071063), (-0.707106, 0, -0.70710754), (-0.707106, 0, -0.70710754), (-0.707106, 0, -0.70710754), (-0.707106, 0, -0.70710754), (-0.70710677, -9.080932e-7, 0.70710677), (-0.70710677, -9.080932e-7, 0.70710677), (-0.70710677, -9.080932e-7, 0.70710677), (-0.70710677, -9.080932e-7, 0.70710677), (0.67250615, -0.30898067, 0.6725075), (0.67250615, -0.30898067, 0.6725075), (0.67250615, -0.30898067, 0.6725075), (0.67250615, -0.30898067, 0.6725075), (0.70710677, 0, -0.70710677), (0.70710677, 0, -0.70710677), (0.70710677, 0, -0.70710677), (0.70710677, 0, -0.70710677), (-0.67250675, -0.3089809, -0.67250675), (-0.67250675, -0.3089809, -0.67250675), (-0.67250675, -0.3089809, -0.67250675), (-0.67250675, -0.3089809, -0.67250675), (0.70710677, 0, -0.70710677), (0.70710677, 0, -0.70710677), (0.70710677, 0, -0.70710677), (0.70710677, 0, -0.70710677), (0, -1, -3.7336463e-7), (0, -1, -3.7336463e-7), (0, -1, -3.7336463e-7), (0, -1, -3.7336463e-7), (-0.70710903, 0.0000015200527, 0.7071045), (-0.70710903, 0.0000015200527, 0.7071045), (-0.70710903, 0.0000015200527, 0.7071045), (-0.70710903, 0.0000015200527, 0.7071045), (0.7071077, 0, 0.7071059), (0.7071077, 0, 0.7071059), (0.7071077, 0, 0.7071059), (0.7071077, 0, 0.7071059), (-0.27805343, 0.9194413, -0.27805403), (-0.27805343, 0.9194413, -0.27805403), (-0.27805343, 0.9194413, -0.27805403), (-0.27805343, 0.9194413, -0.27805403), (0.0789616, -0.9937455, 0.0789616), (0.0789616, -0.9937455, 0.0789616), (0.0789616, -0.9937455, 0.0789616), (0.0789616, -0.9937455, 0.0789616), (0.6721053, 0.31072965, 0.67210233), (0.6721053, 0.31072965, 0.67210233), (0.6721053, 0.31072965, 0.67210233), (0.6721053, 0.31072965, 0.67210233), (-0.5401334, 0.64538085, 0.54012895), (-0.5401334, 0.64538085, 0.54012895), (-0.5401334, 0.64538085, 0.54012895), (-0.5401334, 0.64538085, 0.54012895), (-0.6721041, 0.31072992, -0.67210335), (-0.6721041, 0.31072992, -0.67210335), (-0.6721041, 0.31072992, -0.67210335), (-0.6721041, 0.31072992, -0.67210335), (0.5401305, 0.64538264, -0.54013), (0.5401305, 0.64538264, -0.54013), (0.5401305, 0.64538264, -0.54013), (0.5401305, 0.64538264, -0.54013), (0.70710737, 0, 0.7071062), (0.70710737, 0, 0.7071062), (0.70710737, 0, 0.7071062), (0.70710737, 0, 0.7071062), (-0.7071057, 0, 0.70710784), (-0.7071057, 0, 0.70710784), (-0.7071057, 0, 0.70710784), (-0.7071057, 0, 0.70710784), (-0.7071072, 0, -0.7071063), (-0.7071072, 0, -0.7071063), (-0.7071072, 0, -0.7071063), (-0.7071072, 0, -0.7071063), (0.707106, 0, -0.70710754), (0.707106, 0, -0.70710754), (0.707106, 0, -0.70710754), (0.707106, 0, -0.70710754), (0.70710665, -0.0000011351163, 0.7071069), (0.70710665, -0.0000011351163, 0.7071069), (0.70710665, -0.0000011351163, 0.7071069), (0.70710665, -0.0000011351163, 0.7071069), (-0.67250615, -0.30898082, 0.67250735), (-0.67250615, -0.30898082, 0.67250735), (-0.67250615, -0.30898082, 0.67250735), (-0.67250615, -0.30898082, 0.67250735), (-0.70710695, -1.1351168e-7, -0.7071066), (-0.70710695, -1.1351168e-7, -0.7071066), (-0.70710695, -1.1351168e-7, -0.7071066), (-0.70710695, -1.1351168e-7, -0.7071066), (0.67250645, -0.30898163, -0.6725068), (0.67250645, -0.30898163, -0.6725068), (0.67250645, -0.30898163, -0.6725068), (0.67250645, -0.30898163, -0.6725068)] (
                interpolation = "faceVarying"
            )
            point3f[] points = [(12.944504, 31.255098, -102.07465), (12.944504, 33.267097, -102.07465), (16.132034, 30.748547, -105.262184), (17.10855, 30.748547, -106.2387), (17.554733, 30.748547, -103.839485), (18.531248, 30.748547, -104.816), (14.367202, 31.255098, -100.651955), (14.367202, 33.267097, -100.651955), (15.401132, 29.866446, -105.58527), (16.785463, 29.866446, -106.969604), (17.87782, 29.866446, -103.10858), (19.262152, 29.866446, -104.49291), (15.401132, 23.558168, -105.58527), (16.785463, 23.558168, -106.969604), (17.87782, 23.558168, -103.10858), (19.262152, 23.558168, -104.49291), (15.71691, 22.183563, -105.26949), (17.101242, 22.183563, -106.653824), (17.562042, 22.183563, -103.42436), (18.946375, 22.183563, -104.80869), (-12.944504, 31.255098, -102.07465), (-12.944504, 33.267097, -102.07465), (-16.132034, 30.748547, -105.262184), (-17.10855, 30.748547, -106.2387), (-17.554733, 30.748547, -103.839485), (-18.531248, 30.748547, -104.816), (-14.367202, 31.255098, -100.651955), (-14.367202, 33.267097, -100.651955), (-15.401132, 29.866446, -105.58527), (-16.785463, 29.866446, -106.969604), (-17.87782, 29.866446, -103.10858), (-19.262152, 29.866446, -104.49291), (-15.401132, 23.558168, -105.58527), (-16.785463, 23.558168, -106.969604), (-17.87782, 23.558168, -103.10858), (-19.262152, 23.558168, -104.49291), (-15.71691, 22.183563, -105.26949), (-17.101242, 22.183563, -106.653824), (-17.562042, 22.183563, -103.42436), (-18.946375, 22.183563, -104.80869)]
            texCoord2f[] primvars:st = [(0.59921, 0.284825), (0.594734, 0.285099), (0.599458, 0.286), (0.594996, 0.286273), (0.600011, 0.287037), (0.594, 0.287403), (0.600256, 0.288206), (0.594265, 0.288569), (0.600168, 0.297424), (0.594147, 0.29778), (0.600412, 0.298561), (0.594411, 0.298914), (0.598944, 0.299122), (0.595486, 0.299325), (0.599119, 0.29992), (0.59567, 0.300122), (0.56144, 0.301224), (0.558254, 0.301411), (0.561911, 0.30265), (0.558738, 0.302836), (0.561379, 0.303141), (0.55819, 0.303328), (0.5997, 0.303328), (0.596275, 0.303527), (0.562012, 0.305044), (0.55884, 0.305228), (0.599749, 0.306617), (0.596323, 0.306814), (0.561471, 0.313084), (0.558277, 0.313265), (0.561149, 0.314897), (0.562104, 0.314934), (0.558898, 0.315024), (0.558928, 0.315113), (0.568516, 0.315281), (0.561514, 0.315955), (0.55927, 0.316082), (0.568858, 0.31634), (0.568549, 0.31846), (0.568891, 0.319509), (0.451872, 0.70223), (0.451997, 0.702658), (0.445587, 0.702941), (0.445727, 0.703367), (0.445535, 0.705769), (0.445676, 0.706188), (0.419429, 0.707139), (0.422157, 0.707139), (0.419904, 0.707352), (0.422615, 0.707352), (0.419354, 0.709897), (0.422085, 0.709897)] (
                interpolation = "faceVarying"
            )
            int[] primvars:st:indices = [38, 32, 30, 34, 17, 19, 18, 16, 36, 39, 37, 35, 44, 45, 43, 42, 39, 36, 32, 38, 43, 41, 40, 42, 28, 31, 35, 30, 31, 33, 36, 35, 33, 29, 32, 36, 29, 28, 30, 32, 20, 24, 31, 28, 24, 25, 33, 31, 25, 21, 29, 33, 21, 20, 28, 29, 16, 18, 24, 20, 18, 19, 25, 24, 19, 17, 21, 25, 17, 16, 20, 21, 15, 13, 27, 23, 2, 0, 1, 3, 22, 26, 12, 14, 47, 51, 50, 46, 13, 12, 26, 27, 48, 49, 47, 46, 14, 10, 11, 15, 12, 8, 10, 14, 13, 9, 8, 12, 15, 11, 9, 13, 10, 6, 7, 11, 8, 4, 6, 10, 9, 5, 4, 8, 11, 7, 5, 9, 6, 2, 3, 7, 4, 0, 2, 6, 5, 1, 0, 4, 7, 3, 1, 5]
            uniform token subdivisionScheme = "none"
        }
    }

    def Xform "node_398_Tram_006" (
        displayName = "1398 Tram.006"
    )
    {
        float3 xformOp:rotateXYZ = (-0.0000045177453, -0, 0)
        float3 xformOp:scale = (100, 100, 100)
        double3 xformOp:translate = (0, 0, 0)
        uniform token[] xformOpOrder = ["xformOp:translate", "xformOp:rotateXYZ", "xformOp:scale"]

        def Mesh "mesh_398_Tram_007" (
            prepend apiSchemas = ["MaterialBindingAPI"]
            displayName = "1398 Tram.007"
        )
        {
            float3[] extent = [(-15.79909, 38.842556, -23.719517), (15.79909, 65.50212, 2.261596)]
            int[] faceVertexCounts = [4, 4, 4, 4, 4, 4, 4, 4, 4, 4, 4, 4, 4, 4, 4, 4, 4, 4, 3, 3, 3, 3, 3, 3, 3, 3, 3, 3, 3, 3, 3, 3, 3, 3, 3, 3, 3, 3, 4, 4, 4, 4, 4, 4, 4, 4, 4, 4, 3, 3, 3, 3, 3, 3, 3, 3, 3, 3, 3, 3, 3, 3, 3, 3, 3, 3, 3, 3, 4, 4, 4, 4, 4, 4, 4, 4, 4, 4, 3, 4, 3, 3, 4, 3, 3, 4, 3, 3, 4, 3, 3, 4, 3, 3, 4, 3, 3, 4, 3, 3, 4, 3, 3, 4, 3, 3, 4, 3, 4, 4, 4, 4, 3, 4, 3, 3, 4, 3, 3, 4, 3, 3, 4, 3, 3, 4, 3, 3, 3, 3, 3, 4, 3, 3, 4, 3, 3, 4, 3, 3, 4, 4, 4, 4, 4, 4, 4, 4, 4]
            int[] faceVertexIndices = [12, 14, 15, 13, 10, 12, 13, 11, 16, 17, 19, 18, 10, 11, 17, 16, 3, 5, 4, 2, 1, 3, 2, 0, 8, 9, 7, 6, 6, 7, 1, 0, 3, 13, 15, 5, 5, 15, 14, 4, 4, 14, 12, 2, 1, 11, 13, 3, 2, 12, 10, 0, 6, 16, 18, 8, 8, 18, 19, 9, 9, 19, 17, 7, 0, 10, 16, 6, 7, 17, 11, 1, 36, 20, 35, 37, 20, 36, 33, 20, 32, 38, 20, 37, 39, 20, 38, 34, 20, 33, 40, 20, 39, 41, 20, 40, 35, 20, 34, 32, 20, 41, 24, 31, 25, 25, 31, 26, 21, 31, 22, 26, 31, 27, 27, 31, 28, 22, 31, 23, 28, 31, 29, 29, 31, 30, 23, 31, 24, 30, 31, 21, 25, 36, 35, 24, 26, 37, 36, 25, 22, 33, 32, 21, 27, 38, 37, 26, 28, 39, 38, 27, 23, 34, 33, 22, 29, 40, 39, 28, 30, 41, 40, 29, 24, 35, 34, 23, 21, 32, 41, 30, 42, 58, 57, 42, 59, 58, 42, 55, 54, 42, 60, 59, 42, 61, 60, 42, 56, 55, 42, 62, 61, 42, 63, 62, 42, 57, 56, 42, 54, 63, 53, 46, 47, 53, 47, 48, 53, 43, 44, 53, 48, 49, 53, 49, 50, 53, 44, 45, 53, 50, 51, 53, 51, 52, 53, 45, 46, 53, 52, 43, 57, 58, 47, 46, 58, 59, 48, 47, 54, 55, 44, 43, 59, 60, 49, 48, 60, 61, 50, 49, 55, 56, 45, 44, 61, 62, 51, 50, 62, 63, 52, 51, 56, 57, 46, 45, 63, 54, 43, 52, 70, 66, 64, 76, 132, 131, 75, 73, 65, 69, 74, 70, 64, 72, 136, 132, 76, 77, 65, 73, 78, 74, 64, 79, 80, 76, 75, 81, 65, 77, 82, 78, 64, 83, 84, 80, 79, 85, 65, 81, 86, 82, 64, 87, 88, 84, 83, 89, 65, 85, 90, 86, 64, 91, 92, 88, 87, 93, 65, 89, 94, 90, 64, 95, 96, 92, 91, 97, 65, 93, 98, 94, 64, 99, 100, 96, 95, 101, 65, 97, 102, 98, 64, 103, 104, 100, 99, 105, 65, 101, 66, 102, 64, 67, 68, 104, 103, 69, 65, 105, 71, 135, 139, 67, 68, 140, 136, 72, 67, 139, 140, 68, 75, 131, 135, 71, 118, 114, 112, 119, 120, 116, 115, 121, 113, 117, 122, 118, 112, 123, 124, 120, 119, 125, 113, 121, 126, 122, 112, 127, 128, 124, 123, 129, 113, 125, 130, 126, 112, 131, 132, 128, 127, 133, 113, 129, 134, 130, 112, 115, 116, 110, 109, 137, 113, 133, 138, 134, 112, 117, 113, 111, 141, 113, 137, 142, 138, 112, 143, 144, 140, 139, 145, 113, 141, 146, 142, 112, 147, 106, 144, 143, 107, 113, 145, 108, 146, 112, 109, 110, 106, 147, 111, 113, 107, 114, 108, 112, 158, 156, 157, 159, 150, 154, 155, 151, 148, 152, 154, 150, 149, 153, 152, 148, 151, 155, 153, 149, 154, 158, 159, 155, 152, 156, 158, 154, 153, 157, 156, 152, 155, 159, 157, 153]
            rel material:binding = </World/Looks/Mat>
            normal3f[] normals = [(0.8217534, -0.2767404, 0.49813253), (0.8217534, -0.2767404, 0.49813253), (0.8217534, -0.2767404, 0.49813253), (0.8217534, -0.2767404, 0.49813253), (0, -0.48564208, 0.8741577), (0, -0.48564208, 0.8741577), (0, -0.48564208, 0.8741577), (0, -0.48564208, 0.8741577), (-0.8217534, -0.27674046, 0.49813265), (-0.8217534, -0.27674046, 0.49813265), (-0.8217534, -0.27674046, 0.49813265), (-0.8217534, -0.27674046, 0.49813265), (0, -0.48564208, 0.8741577), (0, -0.48564208, 0.8741577), (0, -0.48564208, 0.8741577), (0, -0.48564208, 0.8741577), (-0.82175297, 0.27674052, -0.4981332), (-0.82175297, 0.27674052, -0.4981332), (-0.82175297, 0.27674052, -0.4981332), (-0.82175297, 0.27674052, -0.4981332), (0, 0.4856433, -0.874157), (0, 0.4856433, -0.874157), (0, 0.4856433, -0.874157), (0, 0.4856433, -0.874157), (0.82175297, 0.27674037, -0.4981332), (0.82175297, 0.27674037, -0.4981332), (0.82175297, 0.27674037, -0.4981332), (0.82175297, 0.27674037, -0.4981332), (0, 0.4856433, -0.874157), (0, 0.4856433, -0.874157), (0, 0.4856433, -0.874157), (0, 0.4856433, -0.874157), (1.4797203e-7, -0.8741572, -0.48564303), (1.4797203e-7, -0.8741572, -0.48564303), (1.4797203e-7, -0.8741572, -0.48564303), (1.4797203e-7, -0.8741572, -0.48564303), (-0.56984586, -0.39907727, 0.7183405), (-0.56984586, -0.39907727, 0.7183405), (-0.56984586, -0.39907727, 0.7183405), (-0.56984586, -0.39907727, 0.7183405), (-2.9594412e-7, 0.8741565, 0.4856443), (-2.9594412e-7, 0.8741565, 0.4856443), (-2.9594412e-7, 0.8741565, 0.4856443), (-2.9594412e-7, 0.8741565, 0.4856443), (0, -0.87415683, -0.4856438), (0, -0.87415683, -0.4856438), (0, -0.87415683, -0.4856438), (0, -0.87415683, -0.4856438), (0, 0.87415975, 0.4856386), (0, 0.87415975, 0.4856386), (0, 0.87415975, 0.4856386), (0, 0.87415975, 0.4856386), (0, 0.8741561, 0.48564512), (0, 0.8741561, 0.48564512), (0, 0.8741561, 0.48564512), (0, 0.8741561, 0.48564512), (0.5698457, -0.39907768, 0.7183404), (0.5698457, -0.39907768, 0.7183404), (0.5698457, -0.39907768, 0.7183404), (0.5698457, -0.39907768, 0.7183404), (-5.9188744e-7, -0.8741568, -0.48564366), (-5.9188744e-7, -0.8741568, -0.48564366), (-5.9188744e-7, -0.8741568, -0.48564366), (-5.9188744e-7, -0.8741568, -0.48564366), (0, 0.87415916, 0.4856395), (0, 0.87415916, 0.4856395), (0, 0.87415916, 0.4856395), (0, 0.87415916, 0.4856395), (0, -0.87415665, -0.48564392), (0, -0.87415665, -0.48564392), (0, -0.87415665, -0.48564392), (0, -0.87415665, -0.48564392), (0.42080447, 0.48167604, -0.7687078), (0.42080447, 0.48167604, -0.7687078), (0.42080447, 0.48167604, -0.7687078), (0.42079738, 0.48167494, -0.76871246), (0.42079738, 0.48167494, -0.76871246), (0.42079738, 0.48167494, -0.76871246), (0.4208013, 0.48167783, -0.7687084), (0.4208013, 0.48167783, -0.7687084), (0.4208013, 0.48167783, -0.7687084), (0.42079917, 0.48168346, -0.7687061), (0.42079917, 0.48168346, -0.7687061), (0.42079917, 0.48168346, -0.7687061), (0.42080283, 0.48167127, -0.7687118), (0.42080283, 0.48167127, -0.7687118), (0.42080283, 0.48167127, -0.7687118), (0.42080763, 0.48167357, -0.7687077), (0.42080763, 0.48167357, -0.7687077), (0.42080763, 0.48167357, -0.7687077), (0.420803, 0.4816724, -0.76871103), (0.420803, 0.4816724, -0.76871103), (0.420803, 0.4816724, -0.76871103), (0.420803, 0.4816724, -0.76871103), (0.420803, 0.4816724, -0.76871103), (0.420803, 0.4816724, -0.76871103), (0.42081097, 0.48168314, -0.76869977), (0.42081097, 0.48168314, -0.76869977), (0.42081097, 0.48168314, -0.76869977), (0.42080268, 0.48167363, -0.76871043), (0.42080268, 0.48167363, -0.76871043), (0.42080268, 0.48167363, -0.76871043), (-0.42080432, -0.48167852, 0.7687064), (-0.42080432, -0.48167852, 0.7687064), (-0.42080432, -0.48167852, 0.7687064), (-0.42079964, -0.4816722, 0.76871294), (-0.42079964, -0.4816722, 0.76871294), (-0.42079964, -0.4816722, 0.76871294), (-0.42080393, -0.48167998, 0.7687057), (-0.42080393, -0.48167998, 0.7687057), (-0.42080393, -0.48167998, 0.7687057), (-0.42081186, -0.4816847, 0.76869845), (-0.42081186, -0.4816847, 0.76869845), (-0.42081186, -0.4816847, 0.76869845), (-0.42079383, -0.48166478, 0.76872075), (-0.42079383, -0.48166478, 0.76872075), (-0.42079383, -0.48166478, 0.76872075), (-0.42080373, -0.481669, 0.7687127), (-0.42080373, -0.481669, 0.7687127), (-0.42080373, -0.481669, 0.7687127), (-0.42080083, -0.48167577, 0.76870996), (-0.42080083, -0.48167577, 0.76870996), (-0.42080083, -0.48167577, 0.76870996), (-0.42080644, -0.48167998, 0.7687044), (-0.42080644, -0.48167998, 0.7687044), (-0.42080644, -0.48167998, 0.7687044), (-0.4208022, -0.48167533, 0.76870954), (-0.4208022, -0.48167533, 0.76870954), (-0.4208022, -0.48167533, 0.76870954), (-0.4208058, -0.48167637, 0.76870704), (-0.4208058, -0.48167637, 0.76870704), (-0.4208058, -0.48167637, 0.76870704), (-0.77884275, 0.6263018, -0.033912517), (-0.77884275, 0.6263018, -0.033912517), (-0.77884275, 0.6263018, -0.033912517), (-0.77884275, 0.6263018, -0.033912517), (-0.35671595, 0.8669842, 0.347983), (-0.35671595, 0.8669842, 0.347983), (-0.35671595, 0.8669842, 0.347983), (-0.35671595, 0.8669842, 0.347983), (-0.20166774, -0.7765132, -0.5969566), (-0.20166774, -0.7765132, -0.5969566), (-0.20166774, -0.7765132, -0.5969566), (-0.20166774, -0.7765132, -0.5969566), (0.20166314, 0.77651197, 0.5969598), (0.20166314, 0.77651197, 0.5969598), (0.20166314, 0.77651197, 0.5969598), (0.20166314, 0.77651197, 0.5969598), (0.68302, 0.3894321, 0.61792094), (0.68302, 0.3894321, 0.61792094), (0.68302, 0.3894321, 0.61792094), (0.68302, 0.3894321, 0.61792094), (-0.6830215, -0.38943562, -0.61791706), (-0.6830215, -0.38943562, -0.61791706), (-0.6830215, -0.38943562, -0.61791706), (-0.6830215, -0.38943562, -0.61791706), (0.9034832, -0.14639074, 0.40284956), (0.9034832, -0.14639074, 0.40284956), (0.9034832, -0.14639074, 0.40284956), (0.9034832, -0.14639074, 0.40284956), (0.77884585, -0.6262982, 0.033909105), (0.77884585, -0.6262982, 0.033909105), (0.77884585, -0.6262982, 0.033909105), (0.77884585, -0.6262982, 0.033909105), (-0.9034811, 0.14638785, -0.40285543), (-0.9034811, 0.14638785, -0.40285543), (-0.9034811, 0.14638785, -0.40285543), (-0.9034811, 0.14638785, -0.40285543), (0.35671395, -0.86698514, -0.34798267), (0.35671395, -0.86698514, -0.34798267), (0.35671395, -0.86698514, -0.34798267), (0.35671395, -0.86698514, -0.34798267), (-0.42080227, 0.48167428, -0.7687102), (-0.42080227, 0.48167428, -0.7687102), (-0.42080227, 0.48167428, -0.7687102), (-0.420798, 0.48167473, -0.76871216), (-0.420798, 0.48167473, -0.76871216), (-0.420798, 0.48167473, -0.76871216), (-0.4208017, 0.48167908, -0.7687075), (-0.4208017, 0.48167908, -0.7687075), (-0.4208017, 0.48167908, -0.7687075), (-0.42080286, 0.481684, -0.76870376), (-0.42080286, 0.481684, -0.76870376), (-0.42080286, 0.481684, -0.76870376), (-0.4208001, 0.48167223, -0.7687127), (-0.4208001, 0.48167223, -0.7687127), (-0.4208001, 0.48167223, -0.7687127), (-0.42080745, 0.48167416, -0.7687074), (-0.42080745, 0.48167416, -0.7687074), (-0.42080745, 0.48167416, -0.7687074), (-0.4208061, 0.48167592, -0.768707), (-0.4208061, 0.48167592, -0.768707), (-0.4208061, 0.48167592, -0.768707), (-0.4208051, 0.4816748, -0.76870835), (-0.4208051, 0.4816748, -0.76870835), (-0.4208051, 0.4816748, -0.76870835), (-0.4208077, 0.48167777, -0.76870507), (-0.4208077, 0.48167777, -0.76870507), (-0.4208077, 0.48167777, -0.76870507), (-0.420802, 0.48167378, -0.7687106), (-0.420802, 0.48167378, -0.7687106), (-0.420802, 0.48167378, -0.7687106), (0.42080495, -0.4816784, 0.7687061), (0.42080495, -0.4816784, 0.7687061), (0.42080495, -0.4816784, 0.7687061), (0.42079824, -0.48167026, 0.76871485), (0.42079824, -0.48167026, 0.76871485), (0.42079824, -0.48167026, 0.76871485), (0.42080396, -0.48167992, 0.7687058), (0.42080396, -0.48167992, 0.7687058), (0.42080396, -0.48167992, 0.7687058), (0.42081118, -0.48168474, 0.7686987), (0.42081118, -0.48168474, 0.7686987), (0.42081118, -0.48168474, 0.7686987), (0.42079625, -0.48166707, 0.768718), (0.42079625, -0.48166707, 0.768718), (0.42079625, -0.48166707, 0.768718), (0.4208013, -0.48166665, 0.7687155), (0.4208013, -0.48166665, 0.7687155), (0.4208013, -0.48166665, 0.7687155), (0.4208024, -0.4816776, 0.768708), (0.4208024, -0.4816776, 0.768708), (0.4208024, -0.4816776, 0.768708), (0.420803, -0.48167786, 0.7687075), (0.420803, -0.48167786, 0.7687075), (0.420803, -0.48167786, 0.7687075), (0.42080534, -0.48167887, 0.76870555), (0.42080534, -0.48167887, 0.76870555), (0.42080534, -0.48167887, 0.76870555), (0.42080486, -0.48167524, 0.7687081), (0.42080486, -0.48167524, 0.7687081), (0.42080486, -0.48167524, 0.7687081), (0.778843, 0.6263015, -0.033910375), (0.778843, 0.6263015, -0.033910375), (0.778843, 0.6263015, -0.033910375), (0.778843, 0.6263015, -0.033910375), (0.35671654, 0.866985, 0.3479803), (0.35671654, 0.866985, 0.3479803), (0.35671654, 0.866985, 0.3479803), (0.35671654, 0.866985, 0.3479803), (0.20166698, -0.7765132, -0.59695685), (0.20166698, -0.7765132, -0.59695685), (0.20166698, -0.7765132, -0.59695685), (0.20166698, -0.7765132, -0.59695685), (-0.20166403, 0.77651304, 0.5969582), (-0.20166403, 0.77651304, 0.5969582), (-0.20166403, 0.77651304, 0.5969582), (-0.20166403, 0.77651304, 0.5969582), (-0.68302006, 0.38943228, 0.6179208), (-0.68302006, 0.38943228, 0.6179208), (-0.68302006, 0.38943228, 0.6179208), (-0.68302006, 0.38943228, 0.6179208), (0.6830219, -0.3894358, -0.6179165), (0.6830219, -0.3894358, -0.6179165), (0.6830219, -0.3894358, -0.6179165), (0.6830219, -0.3894358, -0.6179165), (-0.9034837, -0.14639035, 0.40284866), (-0.9034837, -0.14639035, 0.40284866), (-0.9034837, -0.14639035, 0.40284866), (-0.9034837, -0.14639035, 0.40284866), (-0.77884555, -0.6262984, 0.033909433), (-0.77884555, -0.6262984, 0.033909433), (-0.77884555, -0.6262984, 0.033909433), (-0.77884555, -0.6262984, 0.033909433), (0.9034807, 0.14638779, -0.4028563), (0.9034807, 0.14638779, -0.4028563), (0.9034807, 0.14638779, -0.4028563), (0.9034807, 0.14638779, -0.4028563), (-0.35671353, -0.86698586, -0.3479812), (-0.35671353, -0.86698586, -0.3479812), (-0.35671353, -0.86698586, -0.3479812), (-0.35671353, -0.86698586, -0.3479812), (-1, 0, 0), (-1, 0, 0), (-1, 0, 0), (0, 0.44477618, -0.8956418), (0, 0.44477618, -0.8956418), (0, 0.44477618, -0.8956418), (0, 0.44477618, -0.8956418), (1, 0, 0), (1, 0, 0), (1, 0, 0), (-1, 0, 0), (-1, 0, 0), (-1, 0, 0), (1, 0, 0), (1, 0, 0), (1, 0, 0), (1, 0, 0), (1, 0, 0), (1, 0, 0), (1, 0, 0), (-1, 0, 0), (-1, 0, 0), (-1, 0, 0), (0, 0, -1), (0, 0, -1), (0, 0, -1), (0, 0, -1), (1, 0, 0), (1, 0, 0), (1, 0, 0), (-1, 0, 0), (-1, 0, 0), (-1, 0, 0), (0, 0.5877846, -0.80901754), (0, 0.5877846, -0.80901754), (0, 0.5877846, -0.80901754), (0, 0.5877846, -0.80901754), (1, 0, 0), (1, 0, 0), (1, 0, 0), (-1, 0, 0), (-1, 0, 0), (-1, 0, 0), (0, 0.951057, -0.30901563), (0, 0.951057, -0.30901563), (0, 0.951057, -0.30901563), (0, 0.951057, -0.30901563), (1, 0, 0), (1, 0, 0), (1, 0, 0), (-1, 0, 0), (-1, 0, 0), (-1, 0, 0), (0, 0.95105684, 0.309016), (0, 0.95105684, 0.309016), (0, 0.95105684, 0.309016), (0, 0.95105684, 0.309016), (1, 0, 0), (1, 0, 0), (1, 0, 0), (-0.99999994, 0, 0), (-0.99999994, 0, 0), (-0.99999994, 0, 0), (0, 0.5877846, 0.80901754), (0, 0.5877846, 0.80901754), (0, 0.5877846, 0.80901754), (0, 0.5877846, 0.80901754), (0.99999994, 0, 0), (0.99999994, 0, 0), (0.99999994, 0, 0), (-1, 0, 0), (-1, 0, 0), (-1, 0, 0), (0, 0, 1), (0, 0, 1), (0, 0, 1), (0, 0, 1), (1, 0, 0), (1, 0, 0), (1, 0, 0), (-1, 0, 0), (-1, 0, 0), (-1, 0, 0), (0, -0.5877846, 0.80901754), (0, -0.5877846, 0.80901754), (0, -0.5877846, 0.80901754), (0, -0.5877846, 0.80901754), (1, 0, 0), (1, 0, 0), (1, 0, 0), (-0.99999994, 0, 0), (-0.99999994, 0, 0), (-0.99999994, 0, 0), (0, -0.95105684, 0.309016), (0, -0.95105684, 0.309016), (0, -0.95105684, 0.309016), (0, -0.95105684, 0.309016), (0.99999994, 0, 0), (0.99999994, 0, 0), (0.99999994, 0, 0), (-1, 0, 0), (-1, 0, 0), (-1, 0, 0), (-1, 0, 0), (1, 0, 0), (1, 0, 0), (1, 0, 0), (1, 0, 0), (0, -0.44251552, 0.8967608), (0, -0.44251552, 0.8967608), (0, -0.44251552, 0.8967608), (0, -0.44251552, 0.8967608), (-1, 0, 0), (-1, 0, 0), (-1, 0, 0), (-1, 0, 0), (-1, 0, 0), (-1, 0, 0), (-1, 0, 0), (0, -0.6886685, -0.7250763), (0, -0.6886685, -0.7250763), (0, -0.6886685, -0.7250763), (0, -0.6886685, -0.7250763), (1, 0, 0), (1, 0, 0), (1, 0, 0), (-1, 0, 0), (-1, 0, 0), (-1, 0, 0), (0, -0.13095427, -0.9913884), (0, -0.13095427, -0.9913884), (0, -0.13095427, -0.9913884), (0, -0.13095427, -0.9913884), (1, 0, 0), (1, 0, 0), (1, 0, 0), (-1, -5.223034e-7, 0), (-1, -5.223034e-7, 0), (-1, -5.223034e-7, 0), (0, 0.47677758, -0.8790239), (0, 0.47677758, -0.8790239), (0, 0.47677758, -0.8790239), (0, 0.47677758, -0.8790239), (1, -5.223034e-7, 0), (1, -5.223034e-7, 0), (1, -5.223034e-7, 0), (-1, 2.611528e-7, 0), (-1, 2.611528e-7, 0), (-1, 2.611528e-7, 0), (0, 0.9024001, -0.4308992), (0, 0.9024001, -0.4308992), (0, 0.9024001, -0.4308992), (0, 0.9024001, -0.4308992), (1, 2.611528e-7, 0), (1, 2.611528e-7, 0), (1, 2.611528e-7, 0), (-1, -1.9586419e-7, 0), (-1, -1.9586419e-7, 0), (-1, -1.9586419e-7, 0), (0, -0.98333454, -0.18180566), (0, -0.98333454, -0.18180566), (0, -0.98333454, -0.18180566), (0, -0.98333454, -0.18180566), (1, -1.9586419e-7, 0), (1, -1.9586419e-7, 0), (1, -1.9586419e-7, 0), (-0.99999994, 0, 0), (-0.99999994, 0, 0), (-0.99999994, 0, 0), (1, -6.528806e-8, 0), (1, -6.528806e-8, 0), (1, -6.528806e-8, 0), (0.99999994, 0, 0), (0.99999994, 0, 0), (0.99999994, 0, 0), (-1, 0, 0), (-1, 0, 0), (-1, 0, 0), (0, 0.13095666, 0.9913881), (0, 0.13095666, 0.9913881), (0, 0.13095666, 0.9913881), (0, 0.13095666, 0.9913881), (1, 0, 0), (1, 0, 0), (1, 0, 0), (-1, 0, 0), (-1, 0, 0), (-1, 0, 0), (0, -0.47677758, 0.8790239), (0, -0.47677758, 0.8790239), (0, -0.47677758, 0.8790239), (0, -0.47677758, 0.8790239), (1, 0, 0), (1, 0, 0), (1, 0, 0), (-0.99999994, 0, 0), (-0.99999994, 0, 0), (-0.99999994, 0, 0), (0, -0.9024001, 0.4308992), (0, -0.9024001, 0.4308992), (0, -0.9024001, 0.4308992), (0, -0.9024001, 0.4308992), (0.99999994, 0, 0), (0.99999994, 0, 0), (0.99999994, 0, 0), (-1, -6.528806e-8, 0), (-1, -6.528806e-8, 0), (-1, -6.528806e-8, 0), (0, 1, 0), (0, 1, 0), (0, 1, 0), (0, 1, 0), (-0.99999994, 0, 0), (-0.99999994, 0, 0), (-0.99999994, 0, 0), (-0.99999994, 0, 0), (0, 0, 1), (0, 0, 1), (0, 0, 1), (0, 0, 1), (0.99999994, 0, 0), (0.99999994, 0, 0), (0.99999994, 0, 0), (0.99999994, 0, 0), (0, 0, -1), (0, 0, -1), (0, 0, -1), (0, 0, -1), (-0.70710635, 0.7071072, 0), (-0.70710635, 0.7071072, 0), (-0.70710635, 0.7071072, 0), (-0.70710635, 0.7071072, 0), (0, 0.7071062, 0.7071073), (0, 0.7071062, 0.7071073), (0, 0.7071062, 0.7071073), (0, 0.7071062, 0.7071073), (0.7071062, 0.70710737, 0), (0.7071062, 0.70710737, 0), (0.7071062, 0.70710737, 0), (0.7071062, 0.70710737, 0), (0, 0.7071069, -0.7071066), (0, 0.7071069, -0.7071066), (0, 0.7071069, -0.7071066), (0, 0.7071069, -0.7071066)] (
                interpolation = "faceVarying"
            )
            point3f[] points = [(0, 65.50212, -21.933342), (0, 62.287006, -23.719517), (-13.986914, 65.50212, -21.933342), (-13.986914, 62.287006, -23.719517), (-15.79909, 64.233, -19.648924), (-15.79909, 61.017887, -21.435097), (13.986914, 65.50212, -21.933342), (13.986914, 62.287006, -23.719517), (15.79909, 64.233, -19.648924), (15.79909, 61.017887, -21.435097), (0, 64.96025, -20.957973), (0, 61.745136, -22.744146), (-13.402845, 64.96025, -20.957973), (-13.402845, 61.745136, -22.744146), (-14.882194, 63.924217, -19.093117), (-14.882194, 60.709103, -20.87929), (13.402845, 64.96025, -20.957973), (13.402845, 61.745136, -22.744146), (14.882194, 63.924217, -19.093117), (14.882194, 60.709103, -20.87929), (9.913492, 63.634575, -23.030497), (1.352704, 53.156174, -7.638731), (0.964879, 53.334297, -7.739417), (0.703099, 53.678547, -7.667014), (0.667356, 54.05742, -7.449177), (0.871303, 54.326202, -7.169113), (1.237038, 54.382233, -6.933795), (1.624864, 54.204105, -6.833109), (1.886643, 53.85986, -6.905512), (1.922386, 53.480988, -7.123349), (1.71844, 53.2122, -7.403414), (1.294871, 53.769203, -7.286263), (9.971325, 63.021545, -23.382963), (9.5835, 63.199673, -23.48365), (9.32172, 63.54392, -23.411247), (9.285977, 63.92279, -23.19341), (9.489924, 64.191574, -22.913345), (9.855659, 64.247604, -22.678028), (10.243485, 64.06948, -22.577341), (10.505265, 63.72523, -22.649746), (10.541007, 63.34636, -22.867582), (10.337061, 63.077576, -23.147646), (-9.913492, 63.634575, -23.030497), (-1.352704, 53.156174, -7.638731), (-0.964879, 53.334297, -7.739417), (-0.703099, 53.678547, -7.667014), (-0.667356, 54.05742, -7.449177), (-0.871303, 54.326202, -7.169113), (-1.237038, 54.382233, -6.933795), (-1.624864, 54.204105, -6.833109), (-1.886643, 53.85986, -6.905512), (-1.922386, 53.480988, -7.123349), (-1.71844, 53.2122, -7.403414), (-1.294871, 53.769203, -7.286263), (-9.971325, 63.021545, -23.382963), (-9.5835, 63.199673, -23.48365), (-9.32172, 63.54392, -23.411247), (-9.285977, 63.92279, -23.19341), (-9.489924, 64.191574, -22.913345), (-9.855659, 64.247604, -22.678028), (-10.243485, 64.06948, -22.577341), (-10.505265, 63.72523, -22.649746), (-10.541007, 63.34636, -22.867582), (-10.337061, 63.077576, -23.147646), (-2.737466, 54.063217, -7.691197), (2.737466, 54.063217, -7.691197), (-2.737466, 52.30072, -7.691197), (-2.737466, 52.30072, -7.691197), (2.737466, 52.30072, -7.691197), (2.737466, 52.30072, -7.691197), (-2.737466, 52.637325, -8.727169), (-2.737466, 52.637325, -8.727169), (2.737466, 52.637325, -8.727169), (2.737466, 52.637325, -8.727169), (-2.737466, 53.518578, -9.367435), (-2.737466, 53.518578, -9.367435), (2.737466, 53.518578, -9.367435), (2.737466, 53.518578, -9.367435), (-2.737466, 54.60786, -9.367435), (-2.737466, 54.60786, -9.367435), (2.737466, 54.60786, -9.367435), (2.737466, 54.60786, -9.367435), (-2.737466, 55.489113, -8.727169), (-2.737466, 55.489113, -8.727169), (2.737466, 55.489113, -8.727169), (2.737466, 55.489113, -8.727169), (-2.737466, 55.825718, -7.691197), (-2.737466, 55.825718, -7.691197), (2.737466, 55.825718, -7.691197), (2.737466, 55.825718, -7.691197), (-2.737466, 55.489113, -6.655226), (-2.737466, 55.489113, -6.655226), (2.737466, 55.489113, -6.655226), (2.737466, 55.489113, -6.655226), (-2.737466, 54.60786, -6.01496), (-2.737466, 54.60786, -6.01496), (2.737466, 54.60786, -6.01496), (2.737466, 54.60786, -6.01496), (-2.737466, 53.518578, -6.01496), (-2.737466, 53.518578, -6.01496), (2.737466, 53.518578, -6.01496), (2.737466, 53.518578, -6.01496), (-2.737466, 52.637325, -6.655226), (-2.737466, 52.637325, -6.655226), (2.737466, 52.637325, -6.655226), (2.737466, 52.637325, -6.655226), (2.737466, 40.44704, -12.911831), (2.737466, 40.44704, -12.911831), (-2.737466, 39.97767, -13.894801), (-2.737466, 39.97767, -13.894801), (2.737466, 39.97767, -13.894801), (2.737466, 39.97767, -13.894801), (-2.737466, 41.72499, -14.12561), (2.737466, 41.72499, -14.12561), (-2.737466, 40.17571, -14.965931), (-2.737466, 40.17571, -14.965931), (2.737466, 40.17571, -14.965931), (2.737466, 40.17571, -14.965931), (-2.737466, 40.965523, -15.716088), (-2.737466, 40.965523, -15.716088), (2.737466, 40.965523, -15.716088), (2.737466, 40.965523, -15.716088), (-2.737466, 42.04543, -15.858735), (-2.737466, 42.04543, -15.858735), (2.737466, 42.04543, -15.858735), (2.737466, 42.04543, -15.858735), (-2.737466, 43.002937, -15.339388), (-2.737466, 43.002937, -15.339388), (2.737466, 43.002937, -15.339388), (2.737466, 43.002937, -15.339388), (-2.737466, 43.47231, -14.356418), (-2.737466, 43.47231, -14.356418), (2.737466, 43.47231, -14.356418), (2.737466, 43.47231, -14.356418), (-2.737466, 43.27427, -13.285288), (-2.737466, 43.27427, -13.285288), (2.737466, 43.27427, -13.285288), (2.737466, 43.27427, -13.285288), (-2.737466, 42.48445, -12.535132), (-2.737466, 42.48445, -12.535132), (2.737466, 42.48445, -12.535132), (2.737466, 42.48445, -12.535132), (-2.737466, 41.40455, -12.392484), (-2.737466, 41.40455, -12.392484), (2.737466, 41.40455, -12.392484), (2.737466, 41.40455, -12.392484), (-2.737466, 40.44704, -12.911831), (-2.737466, 40.44704, -12.911831), (6.946604, 38.842556, 2.261596), (6.946604, 38.842556, -23.482113), (-6.946604, 38.842556, 2.261596), (-6.946604, 38.842556, -23.482113), (6.946604, 40.82029, 2.261596), (6.946604, 40.82029, -23.482113), (-6.946604, 40.82029, 2.261596), (-6.946604, 40.82029, -23.482113), (6.140744, 41.62615, 1.455737), (6.140744, 41.62615, -22.676252), (-6.140744, 41.62615, 1.455737), (-6.140744, 41.62615, -22.676252)]
            texCoord2f[] primvars:st = [(0.637652, 0.112868), (0.637652, 0.112868), (0.643212, 0.114576), (0.632119, 0.114677), (0.632119, 0.114677), (0.646677, 0.11915), (0.646677, 0.11915), (0.628724, 0.119313), (0.628724, 0.119313), (0.635517, 0.120003), (0.636542, 0.120541), (0.63416, 0.120945), (0.63772, 0.122079), (0.636843, 0.122347), (0.632991, 0.123009), (0.634656, 0.123871), (0.636311, 0.124727), (0.646723, 0.124846), (0.646723, 0.124846), (0.628763, 0.125007), (0.628763, 0.125007), (0.634308, 0.12538), (0.634308, 0.12538), (0.632461, 0.1254), (0.634893, 0.126662), (0.635662, 0.126704), (0.63515, 0.126778), (0.63971, 0.127042), (0.628933, 0.127138), (0.628933, 0.127138), (0.632771, 0.127199), (0.633799, 0.127722), (0.633445, 0.127773), (0.635453, 0.127889), (0.726316, 0.128124), (0.722009, 0.128654), (0.643327, 0.129487), (0.643327, 0.129487), (0.632225, 0.129586), (0.632225, 0.129586), (0.631871, 0.12961), (0.633103, 0.129687), (0.634343, 0.129765), (0.637789, 0.131298), (0.637789, 0.131298), (0.630767, 0.131474), (0.643076, 0.13149), (0.643076, 0.13149), (0.632759, 0.13161), (0.625634, 0.131644), (0.625634, 0.131644), (0.630552, 0.132661), (0.631311, 0.132715), (0.634373, 0.134335), (0.643118, 0.137028), (0.643118, 0.137028), (0.625671, 0.13718), (0.625671, 0.13718), (0.731031, 0.137904), (0.737366, 0.1395), (0.639819, 0.141539), (0.639819, 0.141539), (0.629033, 0.141632), (0.629033, 0.141632), (0.634438, 0.143298), (0.634438, 0.143298), (0.716186, 0.146374), (0.711931, 0.146806), (0.729769, 0.152308), (0.730656, 0.152809), (0.728451, 0.153339), (0.730776, 0.154643), (0.72721, 0.155509), (0.72104, 0.155919), (0.728654, 0.156309), (0.730088, 0.157104), (0.727343, 0.157582), (0.726523, 0.157982), (0.728855, 0.159259), (0.726652, 0.159807), (0.727543, 0.160292), (0.716076, 0.167335), (0.721287, 0.170103), (0.706783, 0.184093), (0.711995, 0.186868), (0.69255, 0.190567), (0.7031, 0.192871), (0.709547, 0.192932), (0.710436, 0.193105), (0.694513, 0.193648), (0.708018, 0.193877), (0.71034, 0.194337), (0.706432, 0.195578), (0.707858, 0.195866), (0.709293, 0.196157), (0.707423, 0.196492), (0.705391, 0.197387), (0.707697, 0.197864), (0.705288, 0.198619), (0.706168, 0.198804), (0.683923, 0.206111), (0.694414, 0.208537), (0.685926, 0.209126), (0.698762, 0.212118), (0.684324, 0.34157), (0.684406, 0.344572), (0.684423, 0.346317), (0.668789, 0.346839), (0.690217, 0.347437), (0.690217, 0.347437), (0.689048, 0.347453), (0.689048, 0.347453), (0.71245, 0.348396), (0.691314, 0.348397), (0.691314, 0.348397), (0.688256, 0.348441), (0.688256, 0.348441), (0.684072, 0.349467), (0.684072, 0.349467), (0.682906, 0.349485), (0.682906, 0.349485), (0.668863, 0.349791), (0.691924, 0.349966), (0.691924, 0.349966), (0.690037, 0.349995), (0.688144, 0.350025), (0.688144, 0.350025), (0.685167, 0.35042), (0.685167, 0.35042), (0.682114, 0.350468), (0.682114, 0.350468), (0.670677, 0.350906), (0.712543, 0.351333), (0.691814, 0.351546), (0.691814, 0.351546), (0.688756, 0.351597), (0.688756, 0.351597), (0.685774, 0.351977), (0.685774, 0.351977), (0.683891, 0.352009), (0.682001, 0.352041), (0.682001, 0.352041), (0.691025, 0.352536), (0.691025, 0.352536), (0.689857, 0.352556), (0.689857, 0.352556), (0.710795, 0.352618), (0.696782, 0.353432), (0.685663, 0.353547), (0.685663, 0.353547), (0.68261, 0.353603), (0.68261, 0.353603), (0.684874, 0.354532), (0.684874, 0.354532), (0.683708, 0.354554), (0.683708, 0.354554), (0.696866, 0.356321), (0.696937, 0.357016), (0.697526, 0.367468), (0.696412, 0.367719), (0.695752, 0.368886), (0.691349, 0.369356), (0.690237, 0.369608), (0.689576, 0.370767)] (
                interpolation = "faceVarying"
            )
            int[] primvars:st:indices = [101, 100, 85, 86, 83, 101, 86, 81, 73, 58, 35, 67, 83, 81, 58, 73, 95, 89, 102, 103, 82, 95, 103, 84, 66, 34, 59, 76, 76, 59, 82, 84, 95, 86, 85, 89, 89, 85, 100, 102, 102, 100, 101, 103, 82, 81, 86, 95, 103, 101, 83, 84, 76, 73, 67, 66, 66, 67, 35, 34, 34, 35, 58, 59, 84, 83, 73, 76, 59, 58, 81, 82, 80, 74, 78, 79, 74, 80, 71, 74, 69, 77, 74, 79, 72, 74, 77, 75, 74, 71, 70, 74, 72, 68, 74, 70, 78, 74, 75, 69, 74, 68, 26, 15, 31, 31, 15, 30, 10, 15, 13, 30, 15, 23, 23, 15, 14, 13, 15, 16, 14, 15, 11, 11, 15, 9, 16, 15, 26, 9, 15, 10, 31, 80, 78, 26, 30, 79, 80, 31, 13, 71, 69, 10, 23, 77, 79, 30, 14, 72, 77, 23, 16, 75, 71, 13, 11, 70, 72, 14, 9, 68, 70, 11, 26, 78, 75, 16, 10, 69, 68, 9, 93, 97, 94, 93, 99, 97, 93, 88, 87, 93, 98, 99, 93, 96, 98, 93, 91, 88, 93, 92, 96, 93, 90, 92, 93, 94, 91, 93, 87, 90, 41, 42, 48, 41, 48, 52, 41, 24, 25, 41, 52, 51, 41, 51, 45, 41, 25, 33, 41, 45, 40, 41, 40, 32, 41, 33, 42, 41, 32, 24, 94, 97, 48, 42, 97, 99, 52, 48, 87, 88, 25, 24, 99, 98, 51, 52, 98, 96, 45, 51, 88, 91, 33, 25, 96, 92, 40, 45, 92, 90, 32, 40, 91, 94, 42, 33, 90, 87, 24, 32, 27, 21, 53, 163, 154, 145, 160, 2, 12, 1, 46, 27, 53, 162, 152, 154, 163, 6, 12, 2, 54, 46, 53, 55, 17, 5, 47, 18, 12, 6, 60, 54, 53, 61, 36, 17, 55, 37, 12, 18, 64, 60, 53, 65, 43, 36, 61, 44, 12, 37, 62, 64, 53, 63, 38, 43, 65, 39, 12, 44, 56, 62, 53, 57, 19, 38, 63, 20, 12, 39, 49, 56, 53, 50, 7, 19, 57, 8, 12, 20, 28, 49, 53, 29, 3, 7, 50, 4, 12, 8, 21, 28, 53, 22, 0, 3, 29, 1, 12, 4, 159, 143, 134, 158, 161, 148, 152, 162, 158, 134, 148, 161, 160, 145, 143, 159, 115, 110, 124, 116, 129, 119, 111, 130, 139, 120, 125, 115, 124, 126, 140, 129, 116, 141, 139, 130, 135, 125, 124, 136, 150, 140, 126, 151, 139, 141, 144, 135, 124, 145, 154, 150, 136, 155, 139, 151, 142, 144, 124, 111, 119, 117, 109, 153, 139, 155, 133, 142, 124, 120, 139, 118, 149, 139, 153, 122, 133, 124, 123, 137, 148, 134, 138, 139, 149, 113, 122, 124, 114, 127, 137, 123, 128, 139, 138, 108, 113, 124, 109, 117, 127, 114, 118, 139, 128, 110, 108, 124, 146, 157, 131, 106, 112, 132, 105, 104, 147, 156, 132, 112, 107, 121, 156, 147, 104, 105, 121, 107, 132, 146, 106, 105, 156, 157, 146, 132, 121, 131, 157, 156, 105, 106, 131, 121]
            uniform token subdivisionScheme = "none"
        }
    }

    def Xform "node_398_Tram_007" (
        displayName = "1398 Tram.007"
    )
    {
        float3 xformOp:rotateXYZ = (-0.0000045177453, -0, 0)
        float3 xformOp:scale = (100, 100, 100)
        double3 xformOp:translate = (0, 0, 0)
        uniform token[] xformOpOrder = ["xformOp:translate", "xformOp:rotateXYZ", "xformOp:scale"]

        def Mesh "mesh_398_Tram_008" (
            prepend apiSchemas = ["MaterialBindingAPI"]
            displayName = "1398 Tram.008"
        )
        {
            float3[] extent = [(-6.393768, 38.842556, -84.579285), (6.393768, 42.514038, 84.579285)]
            int[] faceVertexCounts = [4, 4, 4, 4, 4, 4, 4, 4, 4, 4, 4, 4, 4, 4, 4, 4, 4, 4, 4, 4, 4, 4, 4, 4, 4, 4, 4, 4]
            int[] faceVertexIndices = [7, 9, 10, 8, 7, 6, 5, 9, 9, 11, 0, 10, 9, 5, 4, 11, 3, 0, 11, 4, 1, 8, 10, 2, 2, 10, 0, 3, 16, 15, 13, 14, 5, 6, 13, 15, 12, 17, 15, 16, 4, 5, 15, 17, 17, 12, 3, 4, 16, 14, 1, 2, 12, 16, 2, 3, 28, 27, 25, 26, 23, 24, 25, 27, 18, 29, 27, 28, 22, 23, 27, 29, 29, 18, 21, 22, 28, 26, 19, 20, 18, 28, 20, 21, 31, 33, 34, 32, 31, 24, 23, 33, 33, 35, 30, 34, 33, 23, 22, 35, 21, 30, 35, 22, 19, 32, 34, 20, 20, 34, 30, 21]
            rel material:binding = </World/Looks/Mat>
            normal3f[] normals = [(1, 0, 0), (1, 0, 0), (1, 0, 0), (1, 0, 0), (0, 0, -1), (0, 0, -1), (0, 0, -1), (0, 0, -1), (0.7071056, 0.707108, 0), (0.7071056, 0.707108, 0), (0.7071056, 0.707108, 0), (0.7071056, 0.707108, 0), (0, 0.70711106, -0.7071025), (0, 0.70711106, -0.7071025), (0, 0.70711106, -0.7071025), (0, 0.70711106, -0.7071025), (0, 1, 0), (0, 1, 0), (0, 1, 0), (0, 1, 0), (0, 0, 1), (0, 0, 1), (0, 0, 1), (0, 0, 1), (0, 0.70711106, 0.7071025), (0, 0.70711106, 0.7071025), (0, 0.70711106, 0.7071025), (0, 0.70711106, 0.7071025), (-1, 0, 0), (-1, 0, 0), (-1, 0, 0), (-1, 0, 0), (0, 0, -1), (0, 0, -1), (0, 0, -1), (0, 0, -1), (-0.7071056, 0.707108, 0), (-0.7071056, 0.707108, 0), (-0.7071056, 0.707108, 0), (-0.7071056, 0.707108, 0), (0, 0.70711076, -0.70710284), (0, 0.70711076, -0.70710284), (0, 0.70711076, -0.70710284), (0, 0.70711076, -0.70710284), (0, 1, 0), (0, 1, 0), (0, 1, 0), (0, 1, 0), (0, 0, 1), (0, 0, 1), (0, 0, 1), (0, 0, 1), (0, 0.70710963, 0.70710385), (0, 0.70710963, 0.70710385), (0, 0.70710963, 0.70710385), (0, 0.70710963, 0.70710385), (1, 0, 0), (1, 0, 0), (1, 0, 0), (1, 0, 0), (0, 0, 1), (0, 0, 1), (0, 0, 1), (0, 0, 1), (0.7071056, 0.707108, 0), (0.7071056, 0.707108, 0), (0.7071056, 0.707108, 0), (0.7071056, 0.707108, 0), (0, 0.70711076, 0.70710284), (0, 0.70711076, 0.70710284), (0, 0.70711076, 0.70710284), (0, 0.70711076, 0.70710284), (0, 1, 0), (0, 1, 0), (0, 1, 0), (0, 1, 0), (0, 0, -1), (0, 0, -1), (0, 0, -1), (0, 0, -1), (0, 0.70710963, -0.70710385), (0, 0.70710963, -0.70710385), (0, 0.70710963, -0.70710385), (0, 0.70710963, -0.70710385), (-1, 0, 0), (-1, 0, 0), (-1, 0, 0), (-1, 0, 0), (0, 0, 1), (0, 0, 1), (0, 0, 1), (0, 0, 1), (-0.7071056, 0.707108, 0), (-0.7071056, 0.707108, 0), (-0.7071056, 0.707108, 0), (-0.7071056, 0.707108, 0), (0, 0.70711106, 0.7071025), (0, 0.70711106, 0.7071025), (0, 0.70711106, 0.7071025), (0, 0.70711106, 0.7071025), (0, 1, 0), (0, 1, 0), (0, 1, 0), (0, 1, 0), (0, 0, -1), (0, 0, -1), (0, 0, -1), (0, 0, -1), (0, 0.70711106, -0.7071025), (0, 0.70711106, -0.7071025), (0, 0.70711106, -0.7071025), (0, 0.70711106, -0.7071025)] (
                interpolation = "faceVarying"
            )
            point3f[] points = [(5.765252, 42.514038, 83.95077), (0, 38.842556, 84.579285), (0, 41.885525, 84.579285), (0, 42.514038, 83.95077), (0, 42.514038, 58.272358), (0, 41.885525, 57.64384), (0, 38.842556, 57.64384), (6.393768, 38.842556, 57.64384), (6.393768, 38.842556, 84.579285), (6.393768, 41.885525, 57.64384), (6.393768, 41.885525, 84.579285), (5.765252, 42.514038, 58.272358), (-5.765252, 42.514038, 83.95077), (-6.393768, 38.842556, 57.64384), (-6.393768, 38.842556, 84.579285), (-6.393768, 41.885525, 57.64384), (-6.393768, 41.885525, 84.579285), (-5.765252, 42.514038, 58.272358), (5.765252, 42.514038, -83.95077), (0, 38.842556, -84.579285), (0, 41.885525, -84.579285), (0, 42.514038, -83.95077), (0, 42.514038, -58.272358), (0, 41.885525, -57.64384), (0, 38.842556, -57.64384), (6.393768, 38.842556, -57.64384), (6.393768, 38.842556, -84.579285), (6.393768, 41.885525, -57.64384), (6.393768, 41.885525, -84.579285), (5.765252, 42.514038, -58.272358), (-5.765252, 42.514038, -83.95077), (-6.393768, 38.842556, -57.64384), (-6.393768, 38.842556, -84.579285), (-6.393768, 41.885525, -57.64384), (-6.393768, 41.885525, -84.579285), (-5.765252, 42.514038, -58.272358)]
            texCoord2f[] primvars:st = [(0.611474, 0.324278), (0.60447, 0.327012), (0.611555, 0.329149), (0.597585, 0.329699), (0.611663, 0.330608), (0.604546, 0.331843), (0.644316, 0.332239), (0.605345, 0.333025), (0.597655, 0.334491), (0.637212, 0.334839), (0.599123, 0.335405), (0.644419, 0.336994), (0.630225, 0.337396), (0.642987, 0.338052), (0.637309, 0.339556), (0.636582, 0.340356), (0.630316, 0.342076), (0.630273, 0.342626), (0.768224, 0.362272), (0.760865, 0.364398), (0.753616, 0.366492), (0.768395, 0.366589), (0.768312, 0.367833), (0.793817, 0.368475), (0.76103, 0.368684), (0.761674, 0.369713), (0.78643, 0.37051), (0.753775, 0.370747), (0.755126, 0.371567), (0.779151, 0.372514), (0.794, 0.372701), (0.792722, 0.373634), (0.786607, 0.374706), (0.78606, 0.375436), (0.779322, 0.37668), (0.779486, 0.377214)] (
                interpolation = "faceVarying"
            )
            int[] primvars:st:indices = [20, 27, 34, 29, 20, 19, 24, 27, 27, 28, 35, 34, 27, 24, 25, 28, 33, 35, 28, 25, 26, 29, 34, 32, 32, 34, 35, 33, 30, 21, 18, 23, 24, 19, 18, 21, 31, 22, 21, 30, 25, 24, 21, 22, 22, 31, 33, 25, 30, 23, 26, 32, 31, 30, 32, 33, 8, 16, 12, 3, 14, 9, 12, 16, 10, 17, 16, 8, 15, 14, 16, 17, 17, 10, 7, 15, 8, 3, 1, 5, 10, 8, 5, 7, 6, 11, 2, 0, 6, 9, 14, 11, 11, 13, 4, 2, 11, 14, 15, 13, 7, 4, 13, 15, 1, 0, 2, 5, 5, 2, 4, 7]
            uniform token subdivisionScheme = "none"
        }
    }

    def Xform "node_398_Tram_008" (
        displayName = "1398 Tram.008"
    )
    {
        float3 xformOp:rotateXYZ = (-0.0000045177453, -0, 0)
        float3 xformOp:scale = (100, 100, 100)
        double3 xformOp:translate = (0, 0, 0)
        uniform token[] xformOpOrder = ["xformOp:translate", "xformOp:rotateXYZ", "xformOp:scale"]

        def Mesh "mesh_398_Tram_009" (
            prepend apiSchemas = ["MaterialBindingAPI"]
            displayName = "1398 Tram.009"
        )
        {
            float3[] extent = [(-11.871112, 9.908386, -111.90295), (11.871112, 13.181512, 111.90295)]
            int[] faceVertexCounts = [4, 4, 4, 4, 4, 4, 4, 4, 4, 4, 4, 4, 4, 4, 4, 4, 4, 4, 4, 4, 4, 4, 4, 4, 4, 4, 4, 4]
            int[] faceVertexIndices = [4, 6, 7, 5, 4, 0, 1, 6, 2, 7, 6, 1, 3, 5, 7, 2, 11, 10, 8, 9, 1, 0, 8, 10, 10, 11, 2, 1, 11, 9, 3, 2, 21, 20, 18, 19, 14, 13, 18, 20, 20, 21, 15, 14, 19, 12, 17, 16, 21, 19, 16, 15, 22, 24, 25, 23, 24, 26, 27, 25, 24, 13, 14, 26, 15, 27, 26, 14, 17, 23, 25, 16, 16, 25, 27, 15, 33, 32, 28, 30, 31, 29, 28, 32, 34, 29, 31, 35, 36, 42, 43, 38, 36, 37, 39, 42, 41, 38, 43, 40, 47, 46, 44, 45, 39, 37, 44, 46, 47, 45, 41, 40]
            rel material:binding = </World/Looks/Mat>
            normal3f[] normals = [(0.7071079, 0, 0.7071056), (0.7071079, 0, 0.7071056), (0.7071079, 0, 0.7071056), (0.7071079, 0, 0.7071056), (0, 0.7071083, 0.7071053), (0, 0.7071083, 0.7071053), (0, 0.7071083, 0.7071053), (0, 0.7071083, 0.7071053), (0, 0, 0.99999994), (0, 0, 0.99999994), (0, 0, 0.99999994), (0, 0, 0.99999994), (0, -0.70710784, 0.70710576), (0, -0.70710784, 0.70710576), (0, -0.70710784, 0.70710576), (0, -0.70710784, 0.70710576), (-0.7071079, 0, 0.7071056), (-0.7071079, 0, 0.7071056), (-0.7071079, 0, 0.7071056), (-0.7071079, 0, 0.7071056), (0, 0.70710796, 0.70710564), (0, 0.70710796, 0.70710564), (0, 0.70710796, 0.70710564), (0, 0.70710796, 0.70710564), (0, 0, 0.99999994), (0, 0, 0.99999994), (0, 0, 0.99999994), (0, 0, 0.99999994), (0, -0.70710784, 0.70710576), (0, -0.70710784, 0.70710576), (0, -0.70710784, 0.70710576), (0, -0.70710784, 0.70710576), (0.7071079, 0, -0.7071056), (0.7071079, 0, -0.7071056), (0.7071079, 0, -0.7071056), (0.7071079, 0, -0.7071056), (0, 0.70710796, -0.70710564), (0, 0.70710796, -0.70710564), (0, 0.70710796, -0.70710564), (0, 0.70710796, -0.70710564), (0, 0, -0.99999994), (0, 0, -0.99999994), (0, 0, -0.99999994), (0, 0, -0.99999994), (0, -1, 0), (0, -1, 0), (0, -1, 0), (0, -1, 0), (0, -0.70710784, -0.70710576), (0, -0.70710784, -0.70710576), (0, -0.70710784, -0.70710576), (0, -0.70710784, -0.70710576), (-1, 3.5802873e-7, 0), (-1, 3.5802873e-7, 0), (-1, 3.5802873e-7, 0), (-1, 3.5802873e-7, 0), (-0.7071079, 0, -0.7071056), (-0.7071079, 0, -0.7071056), (-0.7071079, 0, -0.7071056), (-0.7071079, 0, -0.7071056), (0, 0.7071083, -0.7071053), (0, 0.7071083, -0.7071053), (0, 0.7071083, -0.7071053), (0, 0.7071083, -0.7071053), (0, 0, -0.99999994), (0, 0, -0.99999994), (0, 0, -0.99999994), (0, 0, -0.99999994), (0, -1, 0), (0, -1, 0), (0, -1, 0), (0, -1, 0), (0, -0.70710784, -0.70710576), (0, -0.70710784, -0.70710576), (0, -0.70710784, -0.70710576), (0, -0.70710784, -0.70710576), (1, 1.7901436e-7, 0), (1, 1.7901436e-7, 0), (1, 1.7901436e-7, 0), (1, 1.7901436e-7, 0), (0, 1, 0), (0, 1, 0), (0, 1, 0), (0, 1, 0), (0, 1, 0), (0, 1, 0), (0, 1, 0), (0, 1, 0), (1, 3.5802873e-7, 0), (1, 3.5802873e-7, 0), (1, 3.5802873e-7, 0), (1, 3.5802873e-7, 0), (0, 1, 0), (0, 1, 0), (0, 1, 0), (0, 1, 0), (0, -1, 0), (0, -1, 0), (0, -1, 0), (0, -1, 0), (-1, 1.7901436e-7, 0), (-1, 1.7901436e-7, 0), (-1, 1.7901436e-7, 0), (-1, 1.7901436e-7, 0), (0, 1, 0), (0, 1, 0), (0, 1, 0), (0, 1, 0), (0, -1, 0), (0, -1, 0), (0, -1, 0), (0, -1, 0)] (
                interpolation = "faceVarying"
            )
            point3f[] points = [(0, 13.181512, 111.432945), (0, 12.711512, 111.90295), (0, 10.378386, 111.90295), (0, 9.908386, 111.432945), (11.871112, 13.181512, 111.432945), (11.871112, 9.908386, 111.432945), (11.401112, 12.711512, 111.90295), (11.401112, 10.378386, 111.90295), (-11.871112, 13.181512, 111.432945), (-11.871112, 9.908386, 111.432945), (-11.401112, 12.711512, 111.90295), (-11.401112, 10.378386, 111.90295), (11.871112, 9.908386, -109.40583), (0, 13.181512, -111.432945), (0, 12.711512, -111.90295), (0, 10.378386, -111.90295), (0, 9.908386, -111.432945), (0, 9.908386, -109.40583), (11.871112, 13.181512, -111.432945), (11.871112, 9.908386, -111.432945), (11.401112, 12.711512, -111.90295), (11.401112, 10.378386, -111.90295), (-11.871112, 13.181512, -110.20485), (-11.871112, 9.908386, -109.40583), (-11.871112, 13.181512, -111.432945), (-11.871112, 9.908386, -111.432945), (-11.401112, 12.711512, -111.90295), (-11.401112, 10.378386, -111.90295), (11.871112, 13.181512, -110.20485), (0, 13.181512, -110.20485), (11.871112, 9.908386, -109.40583), (0, 13.181512, -111.432945), (11.871112, 13.181512, -111.432945), (11.871112, 9.908386, -111.432945), (-11.871112, 13.181512, -110.20485), (-11.871112, 13.181512, -111.432945), (11.871112, 13.181512, 110.20485), (0, 13.181512, 110.20485), (11.871112, 9.908386, 109.40583), (0, 13.181512, 111.432945), (0, 9.908386, 111.432945), (0, 9.908386, 109.40583), (11.871112, 13.181512, 111.432945), (11.871112, 9.908386, 111.432945), (-11.871112, 13.181512, 110.20485), (-11.871112, 9.908386, 109.40583), (-11.871112, 13.181512, 111.432945), (-11.871112, 9.908386, 111.432945)]
            texCoord2f[] primvars:st = [(0.582425, 0.26599), (0.585079, 0.266734), (0.581304, 0.266829), (0.581351, 0.270629), (0.582491, 0.271323), (0.582491, 0.271323), (0.584102, 0.271768), (0.584102, 0.271768), (0.569647, 0.272101), (0.569042, 0.272688), (0.572283, 0.272821), (0.569081, 0.276432), (0.569702, 0.277352), (0.569702, 0.277352), (0.571302, 0.277783), (0.557275, 0.278018), (0.557275, 0.278018), (0.557155, 0.278368), (0.559893, 0.278715), (0.559893, 0.278715), (0.557187, 0.282058), (0.55732, 0.28319), (0.55732, 0.28319), (0.558908, 0.283607), (0.820983, 0.33286), (0.822783, 0.333364), (0.822783, 0.333364), (0.82268, 0.334282), (0.807253, 0.337015), (0.82283, 0.337435), (0.821905, 0.33749), (0.809051, 0.337507), (0.809051, 0.337507), (0.822995, 0.337792), (0.822995, 0.337792), (0.809496, 0.338247), (0.793883, 0.341062), (0.809639, 0.341362), (0.795679, 0.34154), (0.795679, 0.34154), (0.808162, 0.341584), (0.809251, 0.341878), (0.809251, 0.341878), (0.796645, 0.342113), (0.79678, 0.34519), (0.794781, 0.34557), (0.795868, 0.345856), (0.795868, 0.345856)] (
                interpolation = "faceVarying"
            )
            int[] primvars:st:indices = [46, 44, 43, 38, 46, 41, 37, 44, 35, 43, 44, 37, 31, 38, 43, 35, 27, 29, 33, 25, 37, 41, 33, 29, 29, 27, 35, 37, 27, 25, 31, 35, 17, 20, 21, 15, 11, 12, 21, 20, 20, 17, 9, 11, 15, 18, 10, 8, 17, 15, 8, 9, 6, 4, 0, 1, 4, 3, 2, 0, 4, 12, 11, 3, 9, 2, 3, 11, 10, 1, 0, 8, 8, 0, 2, 9, 16, 22, 23, 19, 13, 14, 23, 22, 7, 14, 13, 5, 45, 47, 39, 36, 45, 40, 42, 47, 28, 36, 39, 32, 26, 34, 30, 24, 42, 40, 30, 34, 26, 24, 28, 32]
            uniform token subdivisionScheme = "none"
        }
    }

    def Xform "node_398_Tram_009" (
        displayName = "1398 Tram.009"
    )
    {
        float3 xformOp:rotateXYZ = (-0.0000045177453, -0, 0)
        float3 xformOp:scale = (100, 100, 100)
        double3 xformOp:translate = (0, 0, 0)
        uniform token[] xformOpOrder = ["xformOp:translate", "xformOp:rotateXYZ", "xformOp:scale"]

        def Mesh "mesh_398_Tram_013" (
            prepend apiSchemas = ["MaterialBindingAPI"]
            displayName = "1398 Tram.013"
        )
        {
            float3[] extent = [(-18.645725, 1.551105, -110.20485), (18.645725, 16.849699, 110.20485)]
            int[] faceVertexCounts = [4, 4, 4, 4, 4, 4, 4, 4, 4, 4, 4, 4, 4, 4, 4, 4, 4, 4, 4, 3, 3, 4, 4, 4, 3, 4, 4, 3, 4, 3, 3, 3, 3, 4, 4, 4, 4, 4, 4, 4, 4, 4, 4, 4, 4, 3, 3, 4, 4, 4, 3, 4, 3, 4, 4, 4, 3, 4, 3, 3, 3, 3, 4, 4, 4, 4, 4, 4, 4, 4, 4, 4, 4, 4, 4, 4, 4, 4, 4, 4, 4, 4, 4, 4, 4, 4, 4, 4, 4, 4, 4, 4, 4, 4, 4, 4, 4, 4, 4, 4, 4, 4, 4, 4, 4, 4, 4, 4, 4, 4, 4, 4, 4, 4, 3, 3, 4, 4, 3, 4, 3, 4, 4, 3, 4, 3, 3, 3, 3, 4, 4, 4, 4, 4, 4, 4, 4, 4, 4, 4, 3, 3, 4, 4, 4, 3, 4, 3, 4, 4, 4, 3, 4, 3, 3, 3, 3, 4, 4, 4, 4, 4, 4, 4, 4, 4, 4, 4, 4, 4, 4, 4, 4, 4, 4, 4, 4, 4, 4, 4, 4, 4, 4, 4, 4, 4, 4, 4, 4, 4, 4, 4, 4, 4, 4, 4, 4, 4, 4, 4, 4, 4, 4, 4, 4, 4, 4, 4, 3, 3, 4, 4, 3, 4, 3, 4, 4, 3, 4, 3, 3, 3, 3, 4, 4, 4, 4, 4, 4, 4, 4, 4, 4, 4, 4, 3, 3, 4, 4, 4, 3, 4, 3, 4, 4, 4, 3, 4, 3, 3, 3, 3, 4, 4, 4, 4, 4, 4, 4, 4, 4, 4, 4, 4, 4, 4, 4, 4, 4, 4, 4, 4, 4, 4, 4, 4, 4, 4, 4, 4, 4, 4, 4, 4, 4, 4, 4, 4, 4, 4, 4, 4, 4, 4, 4, 4, 4, 4, 4, 4, 4, 4, 4, 4, 3, 3, 4, 4, 3, 4, 3, 4, 4, 3, 4, 3, 3, 3, 3, 4, 4, 4, 4, 4, 4, 4, 4, 4, 4, 4, 4, 3, 3, 4, 4, 4, 3, 4, 3, 4, 4, 4, 3, 4, 3, 3, 3, 3, 4, 4, 4, 4, 4, 4, 4, 4, 4, 4, 4, 4, 4, 4, 4, 4, 4, 4, 4, 4, 4, 4, 4, 4, 4, 4, 4, 4, 4, 4, 4, 4, 4]
            int[] faceVertexIndices = [50, 90, 81, 46, 54, 74, 40, 6, 79, 91, 49, 7, 101, 79, 7, 97, 90, 96, 92, 41, 47, 11, 9, 17, 8, 44, 3, 0, 77, 78, 44, 8, 34, 37, 35, 32, 72, 73, 37, 34, 51, 57, 12, 0, 11, 21, 19, 9, 0, 12, 16, 8, 80, 85, 21, 11, 10, 23, 24, 20, 77, 82, 15, 2, 31, 28, 26, 29, 71, 70, 28, 31, 23, 2, 15, 24, 57, 58, 12, 65, 22, 66, 25, 68, 66, 22, 12, 58, 60, 16, 83, 27, 30, 88, 60, 28, 70, 21, 64, 63, 19, 67, 35, 37, 69, 72, 34, 64, 24, 89, 86, 20, 69, 37, 73, 65, 67, 22, 62, 19, 63, 51, 0, 52, 111, 110, 108, 109, 113, 109, 108, 112, 3, 55, 52, 0, 99, 98, 6, 45, 94, 93, 5, 43, 80, 84, 18, 10, 100, 98, 5, 53, 95, 53, 5, 93, 72, 33, 36, 73, 61, 17, 9, 56, 56, 9, 19, 62, 71, 30, 27, 70, 57, 26, 58, 66, 29, 65, 68, 31, 29, 66, 58, 26, 28, 60, 25, 30, 71, 68, 87, 24, 88, 70, 27, 16, 60, 83, 15, 82, 64, 34, 32, 63, 69, 25, 22, 67, 21, 33, 72, 64, 85, 20, 86, 73, 36, 25, 69, 89, 24, 87, 65, 35, 67, 63, 32, 62, 52, 39, 51, 55, 38, 39, 52, 90, 41, 13, 81, 79, 45, 48, 91, 101, 99, 45, 79, 96, 94, 43, 76, 77, 2, 4, 78, 80, 10, 20, 85, 77, 8, 16, 82, 88, 24, 15, 83, 89, 36, 33, 86, 80, 11, 47, 84, 88, 30, 25, 87, 82, 16, 27, 83, 86, 33, 21, 85, 87, 25, 36, 89, 96, 76, 1, 92, 106, 103, 102, 105, 105, 102, 104, 107, 96, 90, 50, 94, 97, 1, 76, 101, 99, 43, 5, 98, 100, 54, 6, 98, 101, 76, 43, 99, 94, 106, 105, 93, 50, 103, 106, 94, 42, 102, 103, 50, 93, 105, 107, 95, 75, 104, 102, 42, 50, 111, 109, 42, 46, 110, 111, 50, 14, 108, 110, 46, 42, 109, 113, 75, 59, 112, 108, 14, 191, 200, 161, 159, 40, 74, 165, 120, 49, 91, 189, 121, 121, 189, 209, 205, 201, 204, 200, 154, 123, 125, 160, 131, 117, 157, 122, 114, 157, 188, 187, 122, 149, 151, 148, 146, 151, 184, 183, 148, 126, 168, 162, 114, 133, 135, 125, 123, 130, 126, 114, 122, 135, 195, 190, 125, 138, 137, 124, 134, 129, 192, 187, 116, 140, 142, 145, 143, 142, 181, 182, 145, 129, 116, 137, 138, 169, 168, 126, 136, 176, 177, 177, 179, 139, 136, 171, 169, 126, 130, 145, 182, 179, 144, 141, 193, 198, 142, 171, 181, 174, 175, 135, 133, 151, 149, 178, 180, 148, 183, 175, 196, 199, 138, 134, 151, 180, 184, 178, 176, 136, 133, 173, 174, 114, 162, 163, 216, 218, 219, 217, 216, 217, 221, 220, 163, 166, 117, 114, 120, 206, 207, 158, 119, 202, 203, 156, 132, 194, 190, 124, 119, 206, 208, 164, 150, 147, 183, 184, 123, 131, 172, 167, 133, 123, 167, 173, 141, 144, 182, 181, 140, 168, 169, 143, 177, 176, 143, 145, 179, 177, 142, 140, 169, 171, 182, 144, 139, 179, 138, 197, 198, 130, 141, 181, 171, 129, 193, 192, 146, 148, 175, 174, 136, 139, 180, 178, 183, 147, 135, 175, 134, 195, 196, 139, 150, 184, 180, 138, 199, 197, 149, 176, 178, 146, 174, 173, 153, 163, 162, 153, 152, 166, 163, 127, 154, 200, 191, 48, 158, 189, 91, 158, 207, 209, 189, 156, 203, 204, 186, 118, 116, 187, 188, 134, 124, 190, 195, 130, 122, 187, 192, 129, 138, 198, 193, 147, 150, 199, 196, 160, 125, 190, 194, 139, 144, 198, 197, 141, 130, 192, 193, 135, 147, 196, 195, 150, 139, 197, 199, 115, 186, 204, 201, 210, 211, 214, 213, 212, 210, 213, 215, 161, 200, 204, 203, 186, 115, 205, 209, 119, 156, 207, 206, 120, 165, 208, 206, 156, 186, 209, 207, 213, 214, 203, 202, 214, 211, 161, 203, 211, 210, 155, 161, 210, 212, 185, 155, 217, 219, 161, 155, 219, 218, 159, 161, 218, 216, 128, 159, 221, 217, 155, 185, 216, 220, 170, 128, 297, 306, 268, 264, 259, 291, 272, 226, 267, 307, 295, 227, 227, 295, 317, 313, 308, 312, 306, 260, 229, 231, 265, 237, 3, 44, 228, 222, 44, 78, 294, 228, 255, 257, 254, 252, 257, 290, 289, 254, 232, 274, 269, 222, 239, 241, 231, 229, 236, 232, 222, 228, 241, 301, 296, 231, 244, 243, 230, 240, 235, 298, 294, 224, 246, 248, 251, 249, 248, 287, 288, 251, 235, 224, 243, 244, 275, 274, 232, 242, 282, 283, 283, 285, 245, 242, 277, 275, 232, 236, 251, 288, 285, 250, 247, 299, 304, 248, 277, 287, 280, 281, 241, 239, 257, 255, 284, 286, 254, 289, 281, 302, 305, 244, 240, 257, 286, 290, 284, 282, 242, 239, 279, 280, 222, 269, 270, 324, 326, 327, 325, 324, 325, 329, 328, 270, 55, 3, 222, 226, 314, 315, 263, 225, 309, 310, 262, 238, 300, 296, 230, 225, 314, 316, 271, 225, 271, 311, 309, 256, 253, 289, 290, 229, 237, 278, 273, 239, 229, 273, 279, 247, 250, 288, 287, 246, 274, 275, 249, 283, 282, 249, 251, 285, 283, 248, 246, 275, 277, 288, 250, 245, 285, 244, 303, 304, 236, 247, 287, 277, 235, 299, 298, 252, 254, 281, 280, 242, 245, 286, 284, 289, 253, 241, 281, 240, 301, 302, 245, 256, 290, 286, 244, 305, 303, 255, 282, 284, 252, 280, 279, 258, 270, 269, 258, 38, 55, 270, 233, 260, 306, 297, 266, 263, 295, 307, 263, 315, 317, 295, 262, 310, 312, 293, 4, 224, 294, 78, 240, 230, 296, 301, 236, 228, 294, 298, 235, 244, 304, 299, 253, 256, 305, 302, 265, 231, 296, 300, 245, 250, 304, 303, 247, 236, 298, 299, 241, 253, 302, 301, 256, 245, 303, 305, 223, 293, 312, 308, 318, 319, 322, 321, 320, 318, 321, 323, 268, 306, 312, 310, 293, 223, 313, 317, 225, 262, 315, 314, 226, 272, 316, 314, 262, 293, 317, 315, 321, 322, 310, 309, 322, 319, 268, 310, 319, 318, 261, 268, 323, 321, 309, 311, 318, 320, 292, 261, 325, 327, 268, 261, 327, 326, 264, 268, 326, 324, 234, 264, 329, 325, 261, 292, 324, 328, 276, 234, 373, 410, 401, 371, 377, 291, 259, 334, 399, 307, 267, 335, 420, 399, 335, 416, 410, 415, 411, 367, 372, 339, 337, 345, 336, 157, 117, 330, 398, 188, 157, 336, 362, 365, 363, 360, 394, 395, 365, 362, 374, 379, 340, 330, 339, 349, 347, 337, 330, 340, 344, 336, 400, 405, 349, 339, 338, 351, 352, 348, 398, 402, 343, 332, 359, 356, 354, 357, 393, 392, 356, 359, 351, 332, 343, 352, 379, 380, 340, 387, 350, 388, 353, 390, 388, 350, 340, 380, 382, 344, 393, 359, 390, 403, 355, 358, 408, 382, 356, 392, 349, 386, 385, 347, 389, 363, 365, 391, 394, 362, 386, 352, 409, 406, 348, 391, 365, 395, 387, 389, 350, 384, 347, 385, 374, 330, 375, 430, 429, 427, 428, 432, 428, 427, 431, 117, 166, 375, 330, 418, 417, 334, 370, 413, 412, 333, 369, 400, 404, 346, 338, 419, 417, 333, 376, 414, 376, 333, 412, 394, 361, 364, 395, 383, 345, 337, 378, 378, 337, 347, 384, 393, 358, 355, 392, 379, 354, 380, 388, 357, 387, 390, 359, 357, 388, 380, 354, 356, 382, 353, 358, 393, 390, 407, 352, 408, 392, 355, 344, 382, 403, 343, 402, 386, 362, 360, 385, 391, 353, 350, 389, 349, 361, 394, 386, 405, 348, 406, 395, 364, 353, 391, 409, 352, 407, 387, 363, 389, 385, 360, 384, 375, 366, 374, 166, 152, 366, 375, 410, 367, 341, 401, 399, 370, 266, 307, 420, 418, 370, 399, 415, 413, 369, 397, 398, 332, 118, 188, 400, 338, 348, 405, 398, 336, 344, 402, 408, 352, 343, 403, 409, 364, 361, 406, 400, 339, 372, 404, 408, 358, 353, 407, 402, 344, 355, 403, 406, 361, 349, 405, 407, 353, 364, 409, 415, 397, 331, 411, 425, 422, 421, 424, 424, 421, 423, 426, 415, 410, 373, 413, 416, 331, 397, 420, 418, 369, 333, 417, 419, 377, 334, 417, 420, 397, 369, 418, 413, 425, 424, 412, 373, 422, 425, 413, 368, 421, 422, 373, 412, 424, 426, 414, 396, 423, 421, 368, 373, 430, 428, 368, 371, 429, 430, 373, 342, 427, 429, 371, 368, 428, 432, 396, 381, 431, 427, 342]
            rel material:binding = </World/Looks/Mat>
            normal3f[] normals = [(1, 0, 0), (1, 0, 0), (1, 0, 0), (1, 0, 0), (0, 0.2805996, 0.9598249), (0, 0.2805996, 0.9598249), (0, 0.2805996, 0.9598249), (0, 0.2805996, 0.9598249), (0, -0.23715009, 0.971473), (0, -0.23715009, 0.971473), (0, -0.23715009, 0.971473), (0, -0.23715009, 0.971473), (0.7651956, -0.14634575, 0.62694377), (0.7651956, -0.14634575, 0.62694377), (0.7651956, -0.14634575, 0.62694377), (0.7651956, -0.14634575, 0.62694377), (1, 0, 0), (1, 0, 0), (1, 0, 0), (1, 0, 0), (1, 0, 0), (1, 0, 0), (1, 0, 0), (1, 0, 0), (1, 0, 0), (1, 0, 0), (1, 0, 0), (1, 0, 0), (1, 0, 0), (1, 0, 0), (1, 0, 0), (1, 0, 0), (1, 0, 0), (1, 0, 0), (1, 0, 0), (1, 0, 0), (1, 0, 0), (1, 0, 0), (1, 0, 0), (1, 0, 0), (1, 0, 0), (1, 0, 0), (1, 0, 0), (1, 0, 0), (1, 0, 0), (1, 0, 0), (1, 0, 0), (1, 0, 0), (0.99999994, 0, 0), (0.99999994, 0, 0), (0.99999994, 0, 0), (0.99999994, 0, 0), (0.99999994, 0, 0), (0.99999994, 0, 0), (0.99999994, 0, 0), (0.99999994, 0, 0), (1, 0, 0), (1, 0, 0), (1, 0, 0), (1, 0, 0), (1, 0, 0), (1, 0, 0), (1, 0, 0), (1, 0, 0), (1, 0, 0), (1, 0, 0), (1, 0, 0), (1, 0, 0), (1, 0, 0), (1, 0, 0), (1, 0, 0), (1, 0, 0), (0.99999994, 0, 0), (0.99999994, 0, 0), (0.99999994, 0, 0), (0.99999994, 0, 0), (1, 0, 0), (1, 0, 0), (1, 0, 0), (1, 0, 0), (1, 0, 0), (1, 0, 0), (1, 2.682179e-7, 0), (1, 2.682179e-7, 0), (1, 2.682179e-7, 0), (1, 2.682179e-7, 0), (1, 0, 0), (1, 0, 0), (1, 0, 0), (1, 0, 0), (1, -5.754113e-7, 0), (1, -5.754113e-7, 0), (1, -5.754113e-7, 0), (1, -5.754113e-7, 0), (1, 0, 0), (1, 0, 0), (1, 0, 0), (1, -2.682202e-7, 0), (1, -2.682202e-7, 0), (1, -2.682202e-7, 0), (1, -2.682202e-7, 0), (1, -3.1032963e-7, 0), (1, -3.1032963e-7, 0), (1, -3.1032963e-7, 0), (1, -3.1032963e-7, 0), (1, 0, 0), (1, 0, 0), (1, 0, 0), (1, -1.9119211e-7, 0), (1, -1.9119211e-7, 0), (1, -1.9119211e-7, 0), (1, -1.9119211e-7, 0), (1, 0, 0), (1, 0, 0), (1, 0, 0), (1, 0, 0), (1, 0, 0), (1, 0, 0), (1, 0, 0), (1, 0, 0), (1, 0, 0), (1, 0, 0), (1, 0, 0), (1, 0, 0), (1, 0, 0), (1, 0, 0), (1, 0, 0), (1, 0, 0), (1, 0, 0), (1, 0, 0), (1, 0, 0), (1, 0, 0), (0.99999994, 6.3502176e-7, 0), (0.99999994, 6.3502176e-7, 0), (0.99999994, 6.3502176e-7, 0), (0.99999994, 6.3502176e-7, 0), (0.8155835, -0.13153453, 0.563491), (0.8155835, -0.13153453, 0.563491), (0.8155835, -0.13153453, 0.563491), (0.8155835, -0.13153453, 0.563491), (1, 0, 0), (1, 0, 0), (1, 0, 0), (1, 0, 0), (1, 0, 0), (1, 0, 0), (1, 0, 0), (1, 0, 0), (0.82708013, 0.09568022, 0.5538805), (0.82708013, 0.09568022, 0.5538805), (0.82708013, 0.09568022, 0.5538805), (0.82708013, 0.09568022, 0.5538805), (1, 0, 0), (1, 0, 0), (1, 0, 0), (1, 0, 0), (1, 0, 0), (1, 0, 0), (1, 0, 0), (1, 0, 0), (1, 0, 0), (1, 0, 0), (1, 0, 0), (1, 0, 0), (1, 0, 0), (1, 0, 0), (1, 0, 0), (1, 0, 0), (1, 0, 0), (1, 0, 0), (1, 0, 0), (1, 0, 0), (1, 0, 0), (1, 0, 0), (1, 0, 0), (1, 0, 0), (1, 0, 0), (1, 0, 0), (1, 0, 0), (1, 0, 0), (1, 0, 0), (1, 0, 0), (0.99999994, 3.1033116e-7, 0), (0.99999994, 3.1033116e-7, 0), (0.99999994, 3.1033116e-7, 0), (0.99999994, 3.1033116e-7, 0), (1, -3.4836017e-7, 0), (1, -3.4836017e-7, 0), (1, -3.4836017e-7, 0), (1, -3.4836017e-7, 0), (1, 0, 0), (1, 0, 0), (1, 0, 0), (1, -9.289571e-7, 0), (1, -9.289571e-7, 0), (1, -9.289571e-7, 0), (1, -9.289571e-7, 0), (1, 0, 0), (1, 0, 0), (1, 0, 0), (1, 0, 0), (1, 0, 0), (1, 0, 0), (1, 0, 0), (1, -2.6821849e-7, 0), (1, -2.6821849e-7, 0), (1, -2.6821849e-7, 0), (1, -2.6821849e-7, 0), (1, 0, 0), (1, 0, 0), (1, 0, 0), (1, 0, 0), (1, 0, 0), (1, 0, 0), (1, 0, 0), (1, 0, 0), (1, 0, 0), (1, 0, 0), (1, 0, 0), (1, 0, 0), (1, 0, 0), (1, 0, 0), (1, 0, 0), (1, 0, 0), (1, 0, 0), (0.99999994, 0, 0), (0.99999994, 0, 0), (0.99999994, 0, 0), (1, 0.00000823357, 0), (1, 0.00000823357, 0), (1, 0.00000823357, 0), (1, -6.9546616e-8, 0), (1, -6.9546616e-8, 0), (1, -6.9546616e-8, 0), (1, -6.9546616e-8, 0), (1, 0, 0), (1, 0, 0), (1, 0, 0), (1, 0, 0), (0, -0.23714459, 0.97147435), (0, -0.23714459, 0.97147435), (0, -0.23714459, 0.97147435), (0, -0.23714459, 0.97147435), (0.800405, -0.13626735, 0.5837663), (0.800405, -0.13626735, 0.5837663), (0.800405, -0.13626735, 0.5837663), (0.800405, -0.13626735, 0.5837663), (0.99999994, 0, 0), (0.99999994, 0, 0), (0.99999994, 0, 0), (0.99999994, 0, 0), (1, 0, 0), (1, 0, 0), (1, 0, 0), (1, 0, 0), (1, 0, 0), (1, 0, 0), (1, 0, 0), (1, 0, 0), (1, 0, 0), (1, 0, 0), (1, 0, 0), (1, 0, 0), (1, -1.9119216e-7, 0), (1, -1.9119216e-7, 0), (1, -1.9119216e-7, 0), (1, -1.9119216e-7, 0), (1, 1.7981603e-7, 0), (1, 1.7981603e-7, 0), (1, 1.7981603e-7, 0), (1, 1.7981603e-7, 0), (0.99999994, 0, 0), (0.99999994, 0, 0), (0.99999994, 0, 0), (0.99999994, 0, 0), (1, 0, 0), (1, 0, 0), (1, 0, 0), (1, 0, 0), (1, 7.5256776e-7, 0), (1, 7.5256776e-7, 0), (1, 7.5256776e-7, 0), (1, 7.5256776e-7, 0), (1, 0, 0), (1, 0, 0), (1, 0, 0), (1, 0, 0), (1, 0, 0), (1, 0, 0), (1, 0, 0), (1, 0, 0), (1, 0, 0), (1, 0, 0), (1, 0, 0), (1, 0, 0), (0.99999994, 0, 0), (0.99999994, 0, 0), (0.99999994, 0, 0), (0.99999994, 0, 0), (1, 0, 0), (1, 0, 0), (1, 0, 0), (1, 0, 0), (1, 0, 0), (1, 0, 0), (1, 0, 0), (1, 0, 0), (0.7716045, -0.07040764, 0.6321939), (0.7716045, -0.07040764, 0.6321939), (0.7716045, -0.07040764, 0.6321939), (0.7716045, -0.07040764, 0.6321939), (0.82108593, -0.06318024, 0.5672972), (0.82108593, -0.06318024, 0.5672972), (0.82108593, -0.06318024, 0.5672972), (0.82108593, -0.06318024, 0.5672972), (0.82115126, 0.15630528, 0.548889), (0.82115126, 0.15630528, 0.548889), (0.82115126, 0.15630528, 0.548889), (0.82115126, 0.15630528, 0.548889), (0.8062038, -0.065486714, 0.58800256), (0.8062038, -0.065486714, 0.58800256), (0.8062038, -0.065486714, 0.58800256), (0.8062038, -0.065486714, 0.58800256), (1, 0, 0), (1, 0, 0), (1, 0, 0), (1, 0, 0), (0.99999994, 4.7677045e-7, 0), (0.99999994, 4.7677045e-7, 0), (0.99999994, 4.7677045e-7, 0), (0.99999994, 4.7677045e-7, 0), (0.99999994, 0, 0), (0.99999994, 0, 0), (0.99999994, 0, 0), (0.99999994, 0, 0), (1, 0, 0), (1, 0, 0), (1, 0, 0), (1, 0, 0), (1, 0, 0), (1, 0, 0), (1, 0, 0), (1, 0, 0), (1, 0, 0), (1, 0, 0), (1, 0, 0), (1, 0, 0), (0.99999994, 9.714448e-7, 0), (0.99999994, 9.714448e-7, 0), (0.99999994, 9.714448e-7, 0), (0.99999994, 9.714448e-7, 0), (1, 0, 0), (1, 0, 0), (1, 0, 0), (1, 0, 0), (1, 0, 0), (1, 0, 0), (1, 0, 0), (1, 0, 0), (1, 0, 0), (1, 0, 0), (1, 0, 0), (1, 0, 0), (-1, 0, 0), (-1, 0, 0), (-1, 0, 0), (-1, 0, 0), (0, 0.2805996, 0.9598249), (0, 0.2805996, 0.9598249), (0, 0.2805996, 0.9598249), (0, 0.2805996, 0.9598249), (0, -0.23715009, 0.971473), (0, -0.23715009, 0.971473), (0, -0.23715009, 0.971473), (0, -0.23715009, 0.971473), (-0.7651957, -0.14634542, 0.6269438), (-0.7651957, -0.14634542, 0.6269438), (-0.7651957, -0.14634542, 0.6269438), (-0.7651957, -0.14634542, 0.6269438), (-1, 0, 0), (-1, 0, 0), (-1, 0, 0), (-1, 0, 0), (-1, 0, 0), (-1, 0, 0), (-1, 0, 0), (-1, 0, 0), (-1, 0, 0), (-1, 0, 0), (-1, 0, 0), (-1, 0, 0), (-1, 0, 0), (-1, 0, 0), (-1, 0, 0), (-1, 0, 0), (-1, 0, 0), (-1, 0, 0), (-1, 0, 0), (-1, 0, 0), (-1, 0, 0), (-1, 0, 0), (-1, 0, 0), (-1, 0, 0), (-1, 0, 0), (-1, 0, 0), (-1, 0, 0), (-1, 0, 0), (-1, 0, 0), (-1, 0, 0), (-1, 0, 0), (-1, 0, 0), (-0.99999994, 0, 0), (-0.99999994, 0, 0), (-0.99999994, 0, 0), (-0.99999994, 0, 0), (-0.99999994, 0, 0), (-0.99999994, 0, 0), (-0.99999994, 0, 0), (-0.99999994, 0, 0), (-1, 1.4180193e-7, 0), (-1, 1.4180193e-7, 0), (-1, 1.4180193e-7, 0), (-1, 1.4180193e-7, 0), (-1, 0, 0), (-1, 0, 0), (-1, 0, 0), (-1, 0, 0), (-1, 0, 0), (-1, 0, 0), (-1, 0, 0), (-1, 0, 0), (-1, 0, 0), (-1, 0, 0), (-1, 0, 0), (-1, 0, 0), (-0.99999994, 0, 0), (-0.99999994, 0, 0), (-0.99999994, 0, 0), (-0.99999994, 0, 0), (-1, 0, 0), (-1, 0, 0), (-1, 0, 0), (-1, 0, 0), (-1, 0, 0), (-1, 0, 0), (-1, 0, 0), (-1, 0, 0), (-1, 0, 0), (-1, 0, 0), (-1, 2.6821962e-7, 0), (-1, 2.6821962e-7, 0), (-1, 2.6821962e-7, 0), (-1, 2.6821962e-7, 0), (-1, 0, 0), (-1, 0, 0), (-1, 0, 0), (-1, 0.0000011508226, 0), (-1, 0.0000011508226, 0), (-1, 0.0000011508226, 0), (-1, 0.0000011508226, 0), (-1, 0, 0), (-1, 0, 0), (-1, 0, 0), (-1, 0, 0), (-1, 0, 0), (-1, 0, 0), (-1, 0, 0), (-1, 0, 0), (-1, 0, 0), (-1, 0, 0), (-1, 0, 0), (-1, 0, 0), (-1, 0, 0), (-1, 0, 0), (-1, -3.398971e-7, 0), (-1, -3.398971e-7, 0), (-1, -3.398971e-7, 0), (-1, -3.398971e-7, 0), (-1, 0, 0), (-1, 0, 0), (-1, 0, 0), (-1, 0, 0), (-1, 0, 0), (-1, 0, 0), (-1, 0, 0), (-1, 0, 0), (-1, 0, 0), (-1, 0, 0), (-1, 0, 0), (-1, 0, 0), (-1, 0, 0), (-1, 0, 0), (-1, 0, 0), (-1, 0, 0), (-1, 0, 0), (-1, 0, 0), (-1, 0, 0), (-1, 0, 0), (-0.99999994, 0, 0), (-0.99999994, 0, 0), (-0.99999994, 0, 0), (-0.99999994, 0, 0), (-0.8155835, -0.13153453, 0.563491), (-0.8155835, -0.13153453, 0.563491), (-0.8155835, -0.13153453, 0.563491), (-0.8155835, -0.13153453, 0.563491), (-1, 0, 0), (-1, 0, 0), (-1, 0, 0), (-1, 0, 0), (-1, 0, 0), (-1, 0, 0), (-1, 0, 0), (-1, 0, 0), (-0.82708013, 0.09568022, 0.5538805), (-0.82708013, 0.09568022, 0.5538805), (-0.82708013, 0.09568022, 0.5538805), (-0.82708013, 0.09568022, 0.5538805), (-1, 0, 0), (-1, 0, 0), (-1, 0, 0), (-1, 0, 0), (-1, 0, 0), (-1, 0, 0), (-1, 0, 0), (-1, 0, 0), (-1, 0, 0), (-1, 0, 0), (-1, 0, 0), (-1, 0, 0), (-1, 0, 0), (-1, 0, 0), (-1, 0, 0), (-1, 0, 0), (-1, 0.0000020416496, 0), (-1, 0.0000020416496, 0), (-1, 0.0000020416496, 0), (-1, 0.000002041683, 0), (-1, 0.000002041683, 0), (-1, 0.000002041683, 0), (-1, 0, 0), (-1, 0, 0), (-1, 0, 0), (-1, 0, 0), (-1, 6.206616e-7, 0), (-1, 6.206616e-7, 0), (-1, 6.206616e-7, 0), (-1, 6.206616e-7, 0), (-1, 0, 0), (-1, 0, 0), (-1, 0, 0), (-1, 0, 0), (-1, 0, 0), (-1, 0, 0), (-1, 0, 0), (-1, -6.967165e-7, 0), (-1, -6.967165e-7, 0), (-1, -6.967165e-7, 0), (-1, -6.967165e-7, 0), (-1, 0, 0), (-1, 0, 0), (-1, 0, 0), (-0.99999994, 0, 0), (-0.99999994, 0, 0), (-0.99999994, 0, 0), (-0.99999994, 0, 0), (-1, 0, 0), (-1, 0, 0), (-1, 0, 0), (-1, 0, 0), (-1, 0, 0), (-1, 0, 0), (-1, 0, 0), (-1, 0, 0), (-1, 0, 0), (-1, 0, 0), (-1, 0, 0), (-1, 2.3223927e-7, 0), (-1, 2.3223927e-7, 0), (-1, 2.3223927e-7, 0), (-1, 2.3223927e-7, 0), (-1, 0, 0), (-1, 0, 0), (-1, 0, 0), (-1, 0.000002041683, 0), (-1, 0.000002041683, 0), (-1, 0.000002041683, 0), (-0.99999994, 0.0000020416162, 0), (-0.99999994, 0.0000020416162, 0), (-0.99999994, 0.0000020416162, 0), (-1, 0.0000061751775, 0), (-1, 0.0000061751775, 0), (-1, 0.0000061751775, 0), (-1, 0, 0), (-1, 0, 0), (-1, 0, 0), (-1, 0, 0), (-1, 0, 0), (-1, 0, 0), (-1, 0, 0), (-1, 0, 0), (0, -0.23714459, 0.97147435), (0, -0.23714459, 0.97147435), (0, -0.23714459, 0.97147435), (0, -0.23714459, 0.97147435), (-0.8004049, -0.13626757, 0.5837662), (-0.8004049, -0.13626757, 0.5837662), (-0.8004049, -0.13626757, 0.5837662), (-0.8004049, -0.13626757, 0.5837662), (-0.99999994, 0, 0), (-0.99999994, 0, 0), (-0.99999994, 0, 0), (-0.99999994, 0, 0), (-1, 0, 0), (-1, 0, 0), (-1, 0, 0), (-1, 0, 0), (-1, 0, 0), (-1, 0, 0), (-1, 0, 0), (-1, 0, 0), (-1, 0, 0), (-1, 0, 0), (-1, 0, 0), (-1, 0, 0), (-1, -3.3989716e-7, 0), (-1, -3.3989716e-7, 0), (-1, -3.3989716e-7, 0), (-1, -3.3989716e-7, 0), (-1, 0.0000011508225, 0), (-1, 0.0000011508225, 0), (-1, 0.0000011508225, 0), (-1, 0.0000011508225, 0), (-0.99999994, 0, 0), (-0.99999994, 0, 0), (-0.99999994, 0, 0), (-0.99999994, 0, 0), (-1, 0, 0), (-1, 0, 0), (-1, 0, 0), (-1, 0, 0), (-1, 7.525672e-7, 0), (-1, 7.525672e-7, 0), (-1, 7.525672e-7, 0), (-1, 7.525672e-7, 0), (-1, 7.5256776e-7, 0), (-1, 7.5256776e-7, 0), (-1, 7.5256776e-7, 0), (-1, 7.5256776e-7, 0), (-1, 0, 0), (-1, 0, 0), (-1, 0, 0), (-1, 0, 0), (-1, 0, 0), (-1, 0, 0), (-1, 0, 0), (-1, 0, 0), (-0.99999994, 0, 0), (-0.99999994, 0, 0), (-0.99999994, 0, 0), (-0.99999994, 0, 0), (-1, 0, 0), (-1, 0, 0), (-1, 0, 0), (-1, 0, 0), (-1, 0, 0), (-1, 0, 0), (-1, 0, 0), (-1, 0, 0), (-0.7716045, -0.07040764, 0.6321939), (-0.7716045, -0.07040764, 0.6321939), (-0.7716045, -0.07040764, 0.6321939), (-0.7716045, -0.07040764, 0.6321939), (-0.82108593, -0.06318002, 0.5672972), (-0.82108593, -0.06318002, 0.5672972), (-0.82108593, -0.06318002, 0.5672972), (-0.82108593, -0.06318002, 0.5672972), (-0.8211513, 0.15630475, 0.54888904), (-0.8211513, 0.15630475, 0.54888904), (-0.8211513, 0.15630475, 0.54888904), (-0.8211513, 0.15630475, 0.54888904), (-0.8062038, -0.065487206, 0.58800256), (-0.8062038, -0.065487206, 0.58800256), (-0.8062038, -0.065487206, 0.58800256), (-0.8062038, -0.065487206, 0.58800256), (-1, 0, 0), (-1, 0, 0), (-1, 0, 0), (-1, 0, 0), (-0.99999994, 0, 0), (-0.99999994, 0, 0), (-0.99999994, 0, 0), (-0.99999994, 0, 0), (-0.99999994, 0, 0), (-0.99999994, 0, 0), (-0.99999994, 0, 0), (-0.99999994, 0, 0), (-1, 0, 0), (-1, 0, 0), (-1, 0, 0), (-1, 0, 0), (-1, 0, 0), (-1, 0, 0), (-1, 0, 0), (-1, 0, 0), (-0.99999994, 0.0000010362078, 0), (-0.99999994, 0.0000010362078, 0), (-0.99999994, 0.0000010362078, 0), (-0.99999994, 0.0000010362078, 0), (-1, 0, 0), (-1, 0, 0), (-1, 0, 0), (-1, 0, 0), (-1, 0, 0), (-1, 0, 0), (-1, 0, 0), (-1, 0, 0), (-1, 0, 0), (-1, 0, 0), (-1, 0, 0), (-1, 0, 0), (1, 0, 0), (1, 0, 0), (1, 0, 0), (1, 0, 0), (0, 0.2805996, -0.9598249), (0, 0.2805996, -0.9598249), (0, 0.2805996, -0.9598249), (0, 0.2805996, -0.9598249), (0, -0.23715009, -0.971473), (0, -0.23715009, -0.971473), (0, -0.23715009, -0.971473), (0, -0.23715009, -0.971473), (0.7651957, -0.14634542, -0.6269438), (0.7651957, -0.14634542, -0.6269438), (0.7651957, -0.14634542, -0.6269438), (0.7651957, -0.14634542, -0.6269438), (1, 0, 0), (1, 0, 0), (1, 0, 0), (1, 0, 0), (1, 0, 0), (1, 0, 0), (1, 0, 0), (1, 0, 0), (1, 0, 0), (1, 0, 0), (1, 0, 0), (1, 0, 0), (1, 0, 0), (1, 0, 0), (1, 0, 0), (1, 0, 0), (1, 0, 0), (1, 0, 0), (1, 0, 0), (1, 0, 0), (1, 0, 0), (1, 0, 0), (1, 0, 0), (1, 0, 0), (1, 0, 0), (1, 0, 0), (1, 0, 0), (1, 0, 0), (1, 0, 0), (1, 0, 0), (1, 0, 0), (1, 0, 0), (0.99999994, 0, 0), (0.99999994, 0, 0), (0.99999994, 0, 0), (0.99999994, 0, 0), (0.99999994, 0, 0), (0.99999994, 0, 0), (0.99999994, 0, 0), (0.99999994, 0, 0), (1, 1.4180193e-7, 0), (1, 1.4180193e-7, 0), (1, 1.4180193e-7, 0), (1, 1.4180193e-7, 0), (1, 0, 0), (1, 0, 0), (1, 0, 0), (1, 0, 0), (1, 0, 0), (1, 0, 0), (1, 0, 0), (1, 0, 0), (1, 0, 0), (1, 0, 0), (1, 0, 0), (1, 0, 0), (0.99999994, 0, 0), (0.99999994, 0, 0), (0.99999994, 0, 0), (0.99999994, 0, 0), (1, 0, 0), (1, 0, 0), (1, 0, 0), (1, 0, 0), (1, 0, 0), (1, 0, 0), (1, 0, 0), (1, 0, 0), (1, 0, 0), (1, 0, 0), (1, 2.6821962e-7, 0), (1, 2.6821962e-7, 0), (1, 2.6821962e-7, 0), (1, 2.6821962e-7, 0), (1, 0, 0), (1, 0, 0), (1, 0, 0), (1, 0.0000011508226, 0), (1, 0.0000011508226, 0), (1, 0.0000011508226, 0), (1, 0.0000011508226, 0), (1, 0, 0), (1, 0, 0), (1, 0, 0), (1, 0, 0), (1, 0, 0), (1, 0, 0), (1, 0, 0), (1, 0, 0), (1, 0, 0), (1, 0, 0), (1, 0, 0), (1, 0, 0), (1, 0, 0), (1, 0, 0), (1, -3.398971e-7, 0), (1, -3.398971e-7, 0), (1, -3.398971e-7, 0), (1, -3.398971e-7, 0), (1, 0, 0), (1, 0, 0), (1, 0, 0), (1, 0, 0), (1, 0, 0), (1, 0, 0), (1, 0, 0), (1, 0, 0), (1, 0, 0), (1, 0, 0), (1, 0, 0), (1, 0, 0), (1, 0, 0), (1, 0, 0), (1, 0, 0), (1, 0, 0), (1, 0, 0), (1, 0, 0), (1, 0, 0), (1, 0, 0), (0.99999994, 0, 0), (0.99999994, 0, 0), (0.99999994, 0, 0), (0.99999994, 0, 0), (0.8155835, -0.13153453, -0.563491), (0.8155835, -0.13153453, -0.563491), (0.8155835, -0.13153453, -0.563491), (0.8155835, -0.13153453, -0.563491), (1, 0, 0), (1, 0, 0), (1, 0, 0), (1, 0, 0), (1, 0, 0), (1, 0, 0), (1, 0, 0), (1, 0, 0), (0.82708013, 0.09568022, -0.5538805), (0.82708013, 0.09568022, -0.5538805), (0.82708013, 0.09568022, -0.5538805), (0.82708013, 0.09568022, -0.5538805), (1, 0, 0), (1, 0, 0), (1, 0, 0), (1, 0, 0), (1, 0, 0), (1, 0, 0), (1, 0, 0), (1, 0, 0), (1, 0, 0), (1, 0, 0), (1, 0, 0), (1, 0, 0), (1, 0, 0), (1, 0, 0), (1, 0, 0), (1, 0, 0), (1, 0, 0), (1, 0, 0), (1, 0, 0), (1, 0, 0), (1, 0.0000020416496, 0), (1, 0.0000020416496, 0), (1, 0.0000020416496, 0), (1, 0.000002041683, 0), (1, 0.000002041683, 0), (1, 0.000002041683, 0), (1, 0, 0), (1, 0, 0), (1, 0, 0), (1, 0, 0), (1, 6.206616e-7, 0), (1, 6.206616e-7, 0), (1, 6.206616e-7, 0), (1, 6.206616e-7, 0), (1, 0, 0), (1, 0, 0), (1, 0, 0), (1, 0, 0), (1, 0, 0), (1, 0, 0), (1, 0, 0), (1, -6.967165e-7, 0), (1, -6.967165e-7, 0), (1, -6.967165e-7, 0), (1, -6.967165e-7, 0), (1, 0, 0), (1, 0, 0), (1, 0, 0), (0.99999994, 0, 0), (0.99999994, 0, 0), (0.99999994, 0, 0), (0.99999994, 0, 0), (1, 0, 0), (1, 0, 0), (1, 0, 0), (1, 0, 0), (1, 0, 0), (1, 0, 0), (1, 0, 0), (1, 0, 0), (1, 0, 0), (1, 0, 0), (1, 0, 0), (1, 2.3223927e-7, 0), (1, 2.3223927e-7, 0), (1, 2.3223927e-7, 0), (1, 2.3223927e-7, 0), (1, 0, 0), (1, 0, 0), (1, 0, 0), (1, 0.000002041683, 0), (1, 0.000002041683, 0), (1, 0.000002041683, 0), (0.99999994, 0.0000020416162, 0), (0.99999994, 0.0000020416162, 0), (0.99999994, 0.0000020416162, 0), (1, 0.0000061751775, 0), (1, 0.0000061751775, 0), (1, 0.0000061751775, 0), (1, 0, 0), (1, 0, 0), (1, 0, 0), (1, 0, 0), (1, 0, 0), (1, 0, 0), (1, 0, 0), (1, 0, 0), (0, -0.23714459, -0.97147435), (0, -0.23714459, -0.97147435), (0, -0.23714459, -0.97147435), (0, -0.23714459, -0.97147435), (0.8004049, -0.13626757, -0.5837662), (0.8004049, -0.13626757, -0.5837662), (0.8004049, -0.13626757, -0.5837662), (0.8004049, -0.13626757, -0.5837662), (0.99999994, 0, 0), (0.99999994, 0, 0), (0.99999994, 0, 0), (0.99999994, 0, 0), (1, 0, 0), (1, 0, 0), (1, 0, 0), (1, 0, 0), (1, 0, 0), (1, 0, 0), (1, 0, 0), (1, 0, 0), (1, 0, 0), (1, 0, 0), (1, 0, 0), (1, 0, 0), (1, -3.3989716e-7, 0), (1, -3.3989716e-7, 0), (1, -3.3989716e-7, 0), (1, -3.3989716e-7, 0), (1, 0.0000011508225, 0), (1, 0.0000011508225, 0), (1, 0.0000011508225, 0), (1, 0.0000011508225, 0), (0.99999994, 0, 0), (0.99999994, 0, 0), (0.99999994, 0, 0), (0.99999994, 0, 0), (1, 0, 0), (1, 0, 0), (1, 0, 0), (1, 0, 0), (1, 7.525672e-7, 0), (1, 7.525672e-7, 0), (1, 7.525672e-7, 0), (1, 7.525672e-7, 0), (1, 7.5256776e-7, 0), (1, 7.5256776e-7, 0), (1, 7.5256776e-7, 0), (1, 7.5256776e-7, 0), (1, 0, 0), (1, 0, 0), (1, 0, 0), (1, 0, 0), (1, 0, 0), (1, 0, 0), (1, 0, 0), (1, 0, 0), (0.99999994, 0, 0), (0.99999994, 0, 0), (0.99999994, 0, 0), (0.99999994, 0, 0), (1, 0, 0), (1, 0, 0), (1, 0, 0), (1, 0, 0), (1, 0, 0), (1, 0, 0), (1, 0, 0), (1, 0, 0), (0.7716045, -0.07040764, -0.6321939), (0.7716045, -0.07040764, -0.6321939), (0.7716045, -0.07040764, -0.6321939), (0.7716045, -0.07040764, -0.6321939), (0.82108593, -0.06318002, -0.5672972), (0.82108593, -0.06318002, -0.5672972), (0.82108593, -0.06318002, -0.5672972), (0.82108593, -0.06318002, -0.5672972), (0.8211513, 0.15630475, -0.54888904), (0.8211513, 0.15630475, -0.54888904), (0.8211513, 0.15630475, -0.54888904), (0.8211513, 0.15630475, -0.54888904), (0.8062038, -0.065487206, -0.58800256), (0.8062038, -0.065487206, -0.58800256), (0.8062038, -0.065487206, -0.58800256), (0.8062038, -0.065487206, -0.58800256), (1, 0, 0), (1, 0, 0), (1, 0, 0), (1, 0, 0), (0.99999994, 0, 0), (0.99999994, 0, 0), (0.99999994, 0, 0), (0.99999994, 0, 0), (0.99999994, 0, 0), (0.99999994, 0, 0), (0.99999994, 0, 0), (0.99999994, 0, 0), (1, 0, 0), (1, 0, 0), (1, 0, 0), (1, 0, 0), (1, 0, 0), (1, 0, 0), (1, 0, 0), (1, 0, 0), (1, 0, 0), (1, 0, 0), (1, 0, 0), (1, 0, 0), (0.99999994, 0.0000010362078, 0), (0.99999994, 0.0000010362078, 0), (0.99999994, 0.0000010362078, 0), (0.99999994, 0.0000010362078, 0), (1, 0, 0), (1, 0, 0), (1, 0, 0), (1, 0, 0), (1, 0, 0), (1, 0, 0), (1, 0, 0), (1, 0, 0), (1, 0, 0), (1, 0, 0), (1, 0, 0), (1, 0, 0), (-1, 0, 0), (-1, 0, 0), (-1, 0, 0), (-1, 0, 0), (0, 0.2805996, -0.9598249), (0, 0.2805996, -0.9598249), (0, 0.2805996, -0.9598249), (0, 0.2805996, -0.9598249), (0, -0.23715009, -0.971473), (0, -0.23715009, -0.971473), (0, -0.23715009, -0.971473), (0, -0.23715009, -0.971473), (-0.7651956, -0.14634575, -0.62694377), (-0.7651956, -0.14634575, -0.62694377), (-0.7651956, -0.14634575, -0.62694377), (-0.7651956, -0.14634575, -0.62694377), (-1, 0, 0), (-1, 0, 0), (-1, 0, 0), (-1, 0, 0), (-1, 0, 0), (-1, 0, 0), (-1, 0, 0), (-1, 0, 0), (-1, 0, 0), (-1, 0, 0), (-1, 0, 0), (-1, 0, 0), (-1, 0, 0), (-1, 0, 0), (-1, 0, 0), (-1, 0, 0), (-1, 0, 0), (-1, 0, 0), (-1, 0, 0), (-1, 0, 0), (-1, 0, 0), (-1, 0, 0), (-1, 0, 0), (-1, 0, 0), (-1, 0, 0), (-1, 0, 0), (-1, 0, 0), (-1, 0, 0), (-1, 0, 0), (-1, 0, 0), (-1, 0, 0), (-1, 0, 0), (-0.99999994, 0, 0), (-0.99999994, 0, 0), (-0.99999994, 0, 0), (-0.99999994, 0, 0), (-0.99999994, 0, 0), (-0.99999994, 0, 0), (-0.99999994, 0, 0), (-0.99999994, 0, 0), (-1, 0, 0), (-1, 0, 0), (-1, 0, 0), (-1, 0, 0), (-1, 0, 0), (-1, 0, 0), (-1, 0, 0), (-1, 0, 0), (-1, 0, 0), (-1, 0, 0), (-1, 0, 0), (-1, 0, 0), (-1, 0, 0), (-1, 0, 0), (-1, 0, 0), (-1, 0, 0), (-0.99999994, 0, 0), (-0.99999994, 0, 0), (-0.99999994, 0, 0), (-0.99999994, 0, 0), (-1, 0, 0), (-1, 0, 0), (-1, 0, 0), (-1, 0, 0), (-1, 0, 0), (-1, 0, 0), (-1, 2.682179e-7, 0), (-1, 2.682179e-7, 0), (-1, 2.682179e-7, 0), (-1, 2.682179e-7, 0), (-1, 0, 0), (-1, 0, 0), (-1, 0, 0), (-1, 0, 0), (-1, 0, 0), (-1, 0, 0), (-1, 0, 0), (-1, -5.754113e-7, 0), (-1, -5.754113e-7, 0), (-1, -5.754113e-7, 0), (-1, -5.754113e-7, 0), (-1, 0, 0), (-1, 0, 0), (-1, 0, 0), (-1, -2.682202e-7, 0), (-1, -2.682202e-7, 0), (-1, -2.682202e-7, 0), (-1, -2.682202e-7, 0), (-1, -3.1032963e-7, 0), (-1, -3.1032963e-7, 0), (-1, -3.1032963e-7, 0), (-1, -3.1032963e-7, 0), (-1, 0, 0), (-1, 0, 0), (-1, 0, 0), (-1, -1.9119211e-7, 0), (-1, -1.9119211e-7, 0), (-1, -1.9119211e-7, 0), (-1, -1.9119211e-7, 0), (-1, 0, 0), (-1, 0, 0), (-1, 0, 0), (-1, 0, 0), (-1, 0, 0), (-1, 0, 0), (-1, 0, 0), (-1, 0, 0), (-1, 0, 0), (-1, 0, 0), (-1, 0, 0), (-1, 0, 0), (-1, 0, 0), (-1, 0, 0), (-1, 0, 0), (-1, 0, 0), (-1, 0, 0), (-1, 0, 0), (-1, 0, 0), (-1, 0, 0), (-0.99999994, 6.3502176e-7, 0), (-0.99999994, 6.3502176e-7, 0), (-0.99999994, 6.3502176e-7, 0), (-0.99999994, 6.3502176e-7, 0), (-0.8155835, -0.13153453, -0.563491), (-0.8155835, -0.13153453, -0.563491), (-0.8155835, -0.13153453, -0.563491), (-0.8155835, -0.13153453, -0.563491), (-1, 0, 0), (-1, 0, 0), (-1, 0, 0), (-1, 0, 0), (-1, 0, 0), (-1, 0, 0), (-1, 0, 0), (-1, 0, 0), (-0.82708013, 0.09568022, -0.5538805), (-0.82708013, 0.09568022, -0.5538805), (-0.82708013, 0.09568022, -0.5538805), (-0.82708013, 0.09568022, -0.5538805), (-1, 0, 0), (-1, 0, 0), (-1, 0, 0), (-1, 0, 0), (-1, 0, 0), (-1, 0, 0), (-1, 0, 0), (-1, 0, 0), (-1, 0, 0), (-1, 0, 0), (-1, 0, 0), (-1, 0, 0), (-1, 0, 0), (-1, 0, 0), (-1, 0, 0), (-1, 0, 0), (-1, 0, 0), (-1, 0, 0), (-1, 0, 0), (-1, 0, 0), (-1, 0, 0), (-1, 0, 0), (-1, 0, 0), (-1, 0, 0), (-1, 0, 0), (-1, 0, 0), (-1, 0, 0), (-1, 0, 0), (-1, 0, 0), (-1, 0, 0), (-0.99999994, 3.1033116e-7, 0), (-0.99999994, 3.1033116e-7, 0), (-0.99999994, 3.1033116e-7, 0), (-0.99999994, 3.1033116e-7, 0), (-1, -3.4836017e-7, 0), (-1, -3.4836017e-7, 0), (-1, -3.4836017e-7, 0), (-1, -3.4836017e-7, 0), (-1, 0, 0), (-1, 0, 0), (-1, 0, 0), (-1, -9.289571e-7, 0), (-1, -9.289571e-7, 0), (-1, -9.289571e-7, 0), (-1, -9.289571e-7, 0), (-1, 0, 0), (-1, 0, 0), (-1, 0, 0), (-1, 0, 0), (-1, 0, 0), (-1, 0, 0), (-1, 0, 0), (-1, -2.6821849e-7, 0), (-1, -2.6821849e-7, 0), (-1, -2.6821849e-7, 0), (-1, -2.6821849e-7, 0), (-1, 0, 0), (-1, 0, 0), (-1, 0, 0), (-1, 0, 0), (-1, 0, 0), (-1, 0, 0), (-1, 0, 0), (-1, 0, 0), (-1, 0, 0), (-1, 0, 0), (-1, 0, 0), (-1, 0, 0), (-1, 0, 0), (-1, 0, 0), (-1, 0, 0), (-1, 0, 0), (-1, 0, 0), (-0.99999994, 0, 0), (-0.99999994, 0, 0), (-0.99999994, 0, 0), (-1, 0.00000823357, 0), (-1, 0.00000823357, 0), (-1, 0.00000823357, 0), (-1, -6.9546616e-8, 0), (-1, -6.9546616e-8, 0), (-1, -6.9546616e-8, 0), (-1, -6.9546616e-8, 0), (-1, 0, 0), (-1, 0, 0), (-1, 0, 0), (-1, 0, 0), (0, -0.23714459, -0.97147435), (0, -0.23714459, -0.97147435), (0, -0.23714459, -0.97147435), (0, -0.23714459, -0.97147435), (-0.800405, -0.13626735, -0.5837663), (-0.800405, -0.13626735, -0.5837663), (-0.800405, -0.13626735, -0.5837663), (-0.800405, -0.13626735, -0.5837663), (-0.99999994, 0, 0), (-0.99999994, 0, 0), (-0.99999994, 0, 0), (-0.99999994, 0, 0), (-1, 0, 0), (-1, 0, 0), (-1, 0, 0), (-1, 0, 0), (-1, 0, 0), (-1, 0, 0), (-1, 0, 0), (-1, 0, 0), (-1, 0, 0), (-1, 0, 0), (-1, 0, 0), (-1, 0, 0), (-1, -1.9119216e-7, 0), (-1, -1.9119216e-7, 0), (-1, -1.9119216e-7, 0), (-1, -1.9119216e-7, 0), (-1, 1.7981603e-7, 0), (-1, 1.7981603e-7, 0), (-1, 1.7981603e-7, 0), (-1, 1.7981603e-7, 0), (-0.99999994, 0, 0), (-0.99999994, 0, 0), (-0.99999994, 0, 0), (-0.99999994, 0, 0), (-1, 0, 0), (-1, 0, 0), (-1, 0, 0), (-1, 0, 0), (-1, 7.5256776e-7, 0), (-1, 7.5256776e-7, 0), (-1, 7.5256776e-7, 0), (-1, 7.5256776e-7, 0), (-1, 0, 0), (-1, 0, 0), (-1, 0, 0), (-1, 0, 0), (-1, 0, 0), (-1, 0, 0), (-1, 0, 0), (-1, 0, 0), (-1, 0, 0), (-1, 0, 0), (-1, 0, 0), (-1, 0, 0), (-0.99999994, 0, 0), (-0.99999994, 0, 0), (-0.99999994, 0, 0), (-0.99999994, 0, 0), (-1, 0, 0), (-1, 0, 0), (-1, 0, 0), (-1, 0, 0), (-1, 0, 0), (-1, 0, 0), (-1, 0, 0), (-1, 0, 0), (-0.7716045, -0.07040764, -0.6321939), (-0.7716045, -0.07040764, -0.6321939), (-0.7716045, -0.07040764, -0.6321939), (-0.7716045, -0.07040764, -0.6321939), (-0.82108593, -0.06318024, -0.5672972), (-0.82108593, -0.06318024, -0.5672972), (-0.82108593, -0.06318024, -0.5672972), (-0.82108593, -0.06318024, -0.5672972), (-0.82115126, 0.15630528, -0.548889), (-0.82115126, 0.15630528, -0.548889), (-0.82115126, 0.15630528, -0.548889), (-0.82115126, 0.15630528, -0.548889), (-0.8062038, -0.065486714, -0.58800256), (-0.8062038, -0.065486714, -0.58800256), (-0.8062038, -0.065486714, -0.58800256), (-0.8062038, -0.065486714, -0.58800256), (-1, 0, 0), (-1, 0, 0), (-1, 0, 0), (-1, 0, 0), (-0.99999994, 4.7677045e-7, 0), (-0.99999994, 4.7677045e-7, 0), (-0.99999994, 4.7677045e-7, 0), (-0.99999994, 4.7677045e-7, 0), (-0.99999994, 0, 0), (-0.99999994, 0, 0), (-0.99999994, 0, 0), (-0.99999994, 0, 0), (-1, 0, 0), (-1, 0, 0), (-1, 0, 0), (-1, 0, 0), (-1, 0, 0), (-1, 0, 0), (-1, 0, 0), (-1, 0, 0), (-1, 0, 0), (-1, 0, 0), (-1, 0, 0), (-1, 0, 0), (-0.99999994, 9.714448e-7, 0), (-0.99999994, 9.714448e-7, 0), (-0.99999994, 9.714448e-7, 0), (-0.99999994, 9.714448e-7, 0), (-1, 0, 0), (-1, 0, 0), (-1, 0, 0), (-1, 0, 0), (-1, 0, 0), (-1, 0, 0), (-1, 0, 0), (-1, 0, 0), (-1, 0, 0), (-1, 0, 0), (-1, 0, 0), (-1, 0, 0)] (
                interpolation = "faceVarying"
            )
            point3f[] points = [(18.645725, 13.181512, 13.682545), (18.645725, 1.551105, 100), (18.645725, 1.551105, 13.682545), (18.645725, 13.181512, 0), (18.645725, 1.551105, 0), (18.645725, 13.181512, 100), (11.871112, 13.181512, 110.20485), (11.871112, 1.551105, 107.36571), (18.645725, 9.908386, 13.682545), (18.645725, 13.181512, 38.297607), (18.645725, 1.551105, 38.297607), (18.645725, 9.908386, 38.297607), (18.645725, 13.181512, 16.107155), (18.645725, 1.551105, 52.166496), (18.645725, 13.181512, 52.166496), (18.645725, 3.975714, 16.107155), (18.645725, 9.908386, 16.107155), (18.645725, 13.181512, 42.00382), (18.645725, 1.551105, 42.00382), (18.645725, 13.181512, 35.872997), (18.645725, 3.975714, 35.872997), (18.645725, 9.908386, 35.872997), (18.645725, 13.181512, 25.990076), (18.645725, 1.551105, 25.990076), (18.645725, 3.975714, 25.990076), (18.645725, 9.908386, 25.990076), (18.645725, 16.849699, 17.250357), (18.645725, 10.629407, 17.250357), (18.645725, 14.324483, 17.250357), (18.645725, 16.849699, 24.846872), (18.645725, 10.629407, 24.846872), (18.645725, 14.324483, 24.846872), (18.645725, 16.849699, 34.729794), (18.645725, 10.629407, 34.729794), (18.645725, 14.324483, 34.729794), (18.645725, 16.849699, 27.13328), (18.645725, 10.629407, 27.13328), (18.645725, 14.324483, 27.13328), (18.645725, 15.708465, 0), (18.645725, 15.708465, 13.075464), (0, 13.181512, 110.20485), (18.645725, 1.551105, 90.056625), (18.645725, 13.181512, 90.056625), (18.645725, 9.908386, 100), (18.645725, 9.908386, 0), (11.871112, 9.908386, 109.40583), (18.645725, 9.908386, 52.166496), (18.645725, 9.908386, 42.00382), (0, 9.908386, 109.40583), (0, 1.551105, 107.36571), (18.645725, 9.908386, 90.056625), (18.645725, 13.649919, 13.682545), (18.645725, 13.649919, 13.570014), (18.645725, 13.649919, 100), (11.871112, 13.987983, 109.969086), (18.645725, 13.649919, 0), (18.645725, 13.649919, 38.297607), (18.645725, 13.649919, 16.107155), (18.645725, 13.649919, 16.253136), (18.645725, 13.649919, 52.166496), (18.645725, 13.649919, 17.075731), (18.645725, 13.649919, 42.00382), (18.645725, 13.649919, 35.872997), (18.645725, 13.649919, 35.727016), (18.645725, 13.649919, 34.904423), (18.645725, 13.649919, 25.990076), (18.645725, 13.649919, 25.844095), (18.645725, 13.649919, 26.136057), (18.645725, 13.649919, 25.0215), (18.645725, 13.649919, 26.958654), (18.645725, 13.649919, 17.250357), (18.645725, 13.649919, 24.846872), (18.645725, 13.649919, 34.729794), (18.645725, 13.649919, 27.13328), (0, 13.649919, 110.06791), (18.645725, 13.649919, 90.056625), (18.645725, 8.947945, 100), (18.645725, 8.947945, 13.682545), (18.645725, 8.947945, 0), (11.871112, 8.947945, 109.17138), (18.645725, 8.947945, 38.297607), (18.645725, 8.947945, 52.166496), (18.645725, 8.947945, 16.107155), (18.645725, 8.947945, 16.961456), (18.645725, 8.947945, 42.00382), (18.645725, 8.947945, 35.872997), (18.645725, 8.947945, 35.018696), (18.645725, 8.947945, 25.990076), (18.645725, 8.947945, 25.135773), (18.645725, 8.947945, 26.84438), (18.645725, 8.947945, 90.056625), (0, 8.947945, 109.17138), (18.645725, 1.551105, 99.07018), (18.645725, 13.181512, 99.07018), (18.645725, 9.908386, 99.07018), (18.645725, 13.649919, 99.07018), (18.645725, 8.947945, 99.07018), (12.464226, 1.551105, 106.72085), (12.464226, 13.181512, 109.31142), (12.464226, 9.908386, 108.58236), (12.464226, 13.958386, 109.0963), (12.464226, 8.947945, 108.36842), (18.645725, 13.181512, 91.6808), (18.645725, 11.532566, 91.6808), (18.645725, 13.649919, 91.6808), (18.645725, 13.181512, 97.446), (18.645725, 11.532566, 97.446), (18.645725, 13.649919, 97.446), (18.645725, 13.181512, 53.790676), (18.645725, 13.181512, 88.43245), (18.645725, 11.532566, 53.790676), (18.645725, 11.532566, 88.43245), (18.645725, 13.649919, 53.790676), (18.645725, 13.649919, 88.43245), (-18.645725, 13.181512, 13.682545), (-18.645725, 1.551105, 100), (-18.645725, 1.551105, 13.682545), (-18.645725, 13.181512, 0), (-18.645725, 1.551105, 0), (-18.645725, 13.181512, 100), (-11.871112, 13.181512, 110.20485), (-11.871112, 1.551105, 107.36571), (-18.645725, 9.908386, 13.682545), (-18.645725, 13.181512, 38.297607), (-18.645725, 1.551105, 38.297607), (-18.645725, 9.908386, 38.297607), (-18.645725, 13.181512, 16.107155), (-18.645725, 1.551105, 52.166496), (-18.645725, 13.181512, 52.166496), (-18.645725, 3.975714, 16.107155), (-18.645725, 9.908386, 16.107155), (-18.645725, 13.181512, 42.00382), (-18.645725, 1.551105, 42.00382), (-18.645725, 13.181512, 35.872997), (-18.645725, 3.975714, 35.872997), (-18.645725, 9.908386, 35.872997), (-18.645725, 13.181512, 25.990076), (-18.645725, 1.551105, 25.990076), (-18.645725, 3.975714, 25.990076), (-18.645725, 9.908386, 25.990076), (-18.645725, 16.849699, 17.250357), (-18.645725, 10.629407, 17.250357), (-18.645725, 14.324483, 17.250357), (-18.645725, 16.849699, 24.846872), (-18.645725, 10.629407, 24.846872), (-18.645725, 14.324483, 24.846872), (-18.645725, 16.849699, 34.729794), (-18.645725, 10.629407, 34.729794), (-18.645725, 14.324483, 34.729794), (-18.645725, 16.849699, 27.13328), (-18.645725, 10.629407, 27.13328), (-18.645725, 14.324483, 27.13328), (-18.645725, 15.708465, 0), (-18.645725, 15.708465, 13.075464), (-18.645725, 1.551105, 90.056625), (-18.645725, 13.181512, 90.056625), (-18.645725, 9.908386, 100), (-18.645725, 9.908386, 0), (-11.871112, 9.908386, 109.40583), (-18.645725, 9.908386, 52.166496), (-18.645725, 9.908386, 42.00382), (-18.645725, 9.908386, 90.056625), (-18.645725, 13.649919, 13.682545), (-18.645725, 13.649919, 13.570014), (-18.645725, 13.649919, 100), (-11.871112, 13.987983, 109.969086), (-18.645725, 13.649919, 0), (-18.645725, 13.649919, 38.297607), (-18.645725, 13.649919, 16.107155), (-18.645725, 13.649919, 16.253136), (-18.645725, 13.649919, 52.166496), (-18.645725, 13.649919, 17.075731), (-18.645725, 13.649919, 42.00382), (-18.645725, 13.649919, 35.872997), (-18.645725, 13.649919, 35.727016), (-18.645725, 13.649919, 34.904423), (-18.645725, 13.649919, 25.990076), (-18.645725, 13.649919, 25.844095), (-18.645725, 13.649919, 26.136057), (-18.645725, 13.649919, 25.0215), (-18.645725, 13.649919, 26.958654), (-18.645725, 13.649919, 17.250357), (-18.645725, 13.649919, 24.846872), (-18.645725, 13.649919, 34.729794), (-18.645725, 13.649919, 27.13328), (-18.645725, 13.649919, 90.056625), (-18.645725, 8.947945, 100), (-18.645725, 8.947945, 13.682545), (-18.645725, 8.947945, 0), (-11.871112, 8.947945, 109.17138), (-18.645725, 8.947945, 38.297607), (-18.645725, 8.947945, 52.166496), (-18.645725, 8.947945, 16.107155), (-18.645725, 8.947945, 16.961456), (-18.645725, 8.947945, 42.00382), (-18.645725, 8.947945, 35.872997), (-18.645725, 8.947945, 35.018696), (-18.645725, 8.947945, 25.990076), (-18.645725, 8.947945, 25.135773), (-18.645725, 8.947945, 26.84438), (-18.645725, 8.947945, 90.056625), (-18.645725, 1.551105, 99.07018), (-18.645725, 13.181512, 99.07018), (-18.645725, 9.908386, 99.07018), (-18.645725, 8.947945, 99.07018), (-12.464226, 1.551105, 106.72085), (-12.464226, 13.181512, 109.31142), (-12.464226, 9.908386, 108.58236), (-12.464226, 13.958386, 109.0963), (-12.464226, 8.947945, 108.36842), (-18.645725, 13.181512, 91.6808), (-18.645725, 11.532566, 91.6808), (-18.645725, 13.649919, 91.6808), (-18.645725, 13.181512, 97.446), (-18.645725, 11.532566, 97.446), (-18.645725, 13.649919, 97.446), (-18.645725, 13.181512, 53.790676), (-18.645725, 13.181512, 88.43245), (-18.645725, 11.532566, 53.790676), (-18.645725, 11.532566, 88.43245), (-18.645725, 13.649919, 53.790676), (-18.645725, 13.649919, 88.43245), (18.645725, 13.181512, -13.682545), (18.645725, 1.551105, -100), (18.645725, 1.551105, -13.682545), (18.645725, 13.181512, -100), (11.871112, 13.181512, -110.20485), (11.871112, 1.551105, -107.36571), (18.645725, 9.908386, -13.682545), (18.645725, 13.181512, -38.297607), (18.645725, 1.551105, -38.297607), (18.645725, 9.908386, -38.297607), (18.645725, 13.181512, -16.107155), (18.645725, 1.551105, -52.166496), (18.645725, 13.181512, -52.166496), (18.645725, 3.975714, -16.107155), (18.645725, 9.908386, -16.107155), (18.645725, 13.181512, -42.00382), (18.645725, 1.551105, -42.00382), (18.645725, 13.181512, -35.872997), (18.645725, 3.975714, -35.872997), (18.645725, 9.908386, -35.872997), (18.645725, 13.181512, -25.990076), (18.645725, 1.551105, -25.990076), (18.645725, 3.975714, -25.990076), (18.645725, 9.908386, -25.990076), (18.645725, 16.849699, -17.250357), (18.645725, 10.629407, -17.250357), (18.645725, 14.324483, -17.250357), (18.645725, 16.849699, -24.846872), (18.645725, 10.629407, -24.846872), (18.645725, 14.324483, -24.846872), (18.645725, 16.849699, -34.729794), (18.645725, 10.629407, -34.729794), (18.645725, 14.324483, -34.729794), (18.645725, 16.849699, -27.13328), (18.645725, 10.629407, -27.13328), (18.645725, 14.324483, -27.13328), (18.645725, 15.708465, -13.075464), (0, 13.181512, -110.20485), (18.645725, 1.551105, -90.056625), (18.645725, 13.181512, -90.056625), (18.645725, 9.908386, -100), (11.871112, 9.908386, -109.40583), (18.645725, 9.908386, -52.166496), (18.645725, 9.908386, -42.00382), (0, 9.908386, -109.40583), (0, 1.551105, -107.36571), (18.645725, 9.908386, -90.056625), (18.645725, 13.649919, -13.682545), (18.645725, 13.649919, -13.570014), (18.645725, 13.649919, -100), (11.871112, 13.987983, -109.969086), (18.645725, 13.649919, -38.297607), (18.645725, 13.649919, -16.107155), (18.645725, 13.649919, -16.253136), (18.645725, 13.649919, -52.166496), (18.645725, 13.649919, -17.075731), (18.645725, 13.649919, -42.00382), (18.645725, 13.649919, -35.872997), (18.645725, 13.649919, -35.727016), (18.645725, 13.649919, -34.904423), (18.645725, 13.649919, -25.990076), (18.645725, 13.649919, -25.844095), (18.645725, 13.649919, -26.136057), (18.645725, 13.649919, -25.0215), (18.645725, 13.649919, -26.958654), (18.645725, 13.649919, -17.250357), (18.645725, 13.649919, -24.846872), (18.645725, 13.649919, -34.729794), (18.645725, 13.649919, -27.13328), (0, 13.649919, -110.06791), (18.645725, 13.649919, -90.056625), (18.645725, 8.947945, -100), (18.645725, 8.947945, -13.682545), (11.871112, 8.947945, -109.17138), (18.645725, 8.947945, -38.297607), (18.645725, 8.947945, -52.166496), (18.645725, 8.947945, -16.107155), (18.645725, 8.947945, -16.961456), (18.645725, 8.947945, -42.00382), (18.645725, 8.947945, -35.872997), (18.645725, 8.947945, -35.018696), (18.645725, 8.947945, -25.990076), (18.645725, 8.947945, -25.135773), (18.645725, 8.947945, -26.84438), (18.645725, 8.947945, -90.056625), (0, 8.947945, -109.17138), (18.645725, 1.551105, -99.07018), (18.645725, 13.181512, -99.07018), (18.645725, 9.908386, -99.07018), (18.645725, 13.649919, -99.07018), (18.645725, 8.947945, -99.07018), (12.464226, 1.551105, -106.72085), (12.464226, 13.181512, -109.31142), (12.464226, 9.908386, -108.58236), (12.464226, 13.958386, -109.0963), (12.464226, 8.947945, -108.36842), (18.645725, 13.181512, -91.6808), (18.645725, 11.532566, -91.6808), (18.645725, 13.649919, -91.6808), (18.645725, 13.181512, -97.446), (18.645725, 11.532566, -97.446), (18.645725, 13.649919, -97.446), (18.645725, 13.181512, -53.790676), (18.645725, 13.181512, -88.43245), (18.645725, 11.532566, -53.790676), (18.645725, 11.532566, -88.43245), (18.645725, 13.649919, -53.790676), (18.645725, 13.649919, -88.43245), (-18.645725, 13.181512, -13.682545), (-18.645725, 1.551105, -100), (-18.645725, 1.551105, -13.682545), (-18.645725, 13.181512, -100), (-11.871112, 13.181512, -110.20485), (-11.871112, 1.551105, -107.36571), (-18.645725, 9.908386, -13.682545), (-18.645725, 13.181512, -38.297607), (-18.645725, 1.551105, -38.297607), (-18.645725, 9.908386, -38.297607), (-18.645725, 13.181512, -16.107155), (-18.645725, 1.551105, -52.166496), (-18.645725, 13.181512, -52.166496), (-18.645725, 3.975714, -16.107155), (-18.645725, 9.908386, -16.107155), (-18.645725, 13.181512, -42.00382), (-18.645725, 1.551105, -42.00382), (-18.645725, 13.181512, -35.872997), (-18.645725, 3.975714, -35.872997), (-18.645725, 9.908386, -35.872997), (-18.645725, 13.181512, -25.990076), (-18.645725, 1.551105, -25.990076), (-18.645725, 3.975714, -25.990076), (-18.645725, 9.908386, -25.990076), (-18.645725, 16.849699, -17.250357), (-18.645725, 10.629407, -17.250357), (-18.645725, 14.324483, -17.250357), (-18.645725, 16.849699, -24.846872), (-18.645725, 10.629407, -24.846872), (-18.645725, 14.324483, -24.846872), (-18.645725, 16.849699, -34.729794), (-18.645725, 10.629407, -34.729794), (-18.645725, 14.324483, -34.729794), (-18.645725, 16.849699, -27.13328), (-18.645725, 10.629407, -27.13328), (-18.645725, 14.324483, -27.13328), (-18.645725, 15.708465, -13.075464), (-18.645725, 1.551105, -90.056625), (-18.645725, 13.181512, -90.056625), (-18.645725, 9.908386, -100), (-11.871112, 9.908386, -109.40583), (-18.645725, 9.908386, -52.166496), (-18.645725, 9.908386, -42.00382), (-18.645725, 9.908386, -90.056625), (-18.645725, 13.649919, -13.682545), (-18.645725, 13.649919, -13.570014), (-18.645725, 13.649919, -100), (-11.871112, 13.987983, -109.969086), (-18.645725, 13.649919, -38.297607), (-18.645725, 13.649919, -16.107155), (-18.645725, 13.649919, -16.253136), (-18.645725, 13.649919, -52.166496), (-18.645725, 13.649919, -17.075731), (-18.645725, 13.649919, -42.00382), (-18.645725, 13.649919, -35.872997), (-18.645725, 13.649919, -35.727016), (-18.645725, 13.649919, -34.904423), (-18.645725, 13.649919, -25.990076), (-18.645725, 13.649919, -25.844095), (-18.645725, 13.649919, -26.136057), (-18.645725, 13.649919, -25.0215), (-18.645725, 13.649919, -26.958654), (-18.645725, 13.649919, -17.250357), (-18.645725, 13.649919, -24.846872), (-18.645725, 13.649919, -34.729794), (-18.645725, 13.649919, -27.13328), (-18.645725, 13.649919, -90.056625), (-18.645725, 8.947945, -100), (-18.645725, 8.947945, -13.682545), (-11.871112, 8.947945, -109.17138), (-18.645725, 8.947945, -38.297607), (-18.645725, 8.947945, -52.166496), (-18.645725, 8.947945, -16.107155), (-18.645725, 8.947945, -16.961456), (-18.645725, 8.947945, -42.00382), (-18.645725, 8.947945, -35.872997), (-18.645725, 8.947945, -35.018696), (-18.645725, 8.947945, -25.990076), (-18.645725, 8.947945, -25.135773), (-18.645725, 8.947945, -26.84438), (-18.645725, 8.947945, -90.056625), (-18.645725, 1.551105, -99.07018), (-18.645725, 13.181512, -99.07018), (-18.645725, 9.908386, -99.07018), (-18.645725, 13.649919, -99.07018), (-18.645725, 8.947945, -99.07018), (-12.464226, 1.551105, -106.72085), (-12.464226, 13.181512, -109.31142), (-12.464226, 9.908386, -108.58236), (-12.464226, 13.958386, -109.0963), (-12.464226, 8.947945, -108.36842), (-18.645725, 13.181512, -91.6808), (-18.645725, 11.532566, -91.6808), (-18.645725, 13.649919, -91.6808), (-18.645725, 13.181512, -97.446), (-18.645725, 11.532566, -97.446), (-18.645725, 13.649919, -97.446), (-18.645725, 13.181512, -53.790676), (-18.645725, 13.181512, -88.43245), (-18.645725, 11.532566, -53.790676), (-18.645725, 11.532566, -88.43245), (-18.645725, 13.649919, -53.790676), (-18.645725, 13.649919, -88.43245)]
            texCoord2f[] primvars:st = [(0.605992, 0.266989), (0.608119, 0.270217), (0.617479, 0.270258), (0.615469, 0.272293), (0.606077, 0.272308), (0.608163, 0.272893), (0.606089, 0.27307), (0.619575, 0.273453), (0.608175, 0.273654), (0.615515, 0.274956), (0.617572, 0.275533), (0.615529, 0.275713), (0.619622, 0.276108), (0.617585, 0.276289), (0.619636, 0.276863), (0.682301, 0.279678), (0.69347, 0.282936), (0.663669, 0.2834), (0.661817, 0.285389), (0.566138, 0.285449), (0.70444, 0.286136), (0.682509, 0.287298), (0.683484, 0.287577), (0.661879, 0.287963), (0.577397, 0.288407), (0.568206, 0.288498), (0.663794, 0.2885), (0.661897, 0.288695), (0.68255, 0.288772), (0.663812, 0.289231), (0.69273, 0.290218), (0.683884, 0.290249), (0.57541, 0.290378), (0.693689, 0.290492), (0.566189, 0.290522), (0.050951, 0.290748), (0.694646, 0.290766), (0.568233, 0.291051), (0.566196, 0.291248), (0.579435, 0.291428), (0.56824, 0.291777), (0.693731, 0.291954), (0.057107, 0.292227), (0.050817, 0.292347), (0.692479, 0.292687), (0.050779, 0.292801), (0.575439, 0.292918), (0.060555, 0.293056), (0.703728, 0.29336), (0.695043, 0.293414), (0.577455, 0.29344), (0.70467, 0.293629), (0.575447, 0.29364), (0.682687, 0.2938), (0.056975, 0.29382), (0.579466, 0.293961), (0.577464, 0.294161), (0.056937, 0.294273), (0.682707, 0.294521), (0.682874, 0.294567), (0.060424, 0.294646), (0.579474, 0.294681), (0.683812, 0.29483), (0.684011, 0.294886), (0.704714, 0.295079), (0.060387, 0.295097), (0.703487, 0.295809), (0.68404, 0.295922), (0.738891, 0.296187), (0.641169, 0.296514), (0.693875, 0.296939), (0.692612, 0.297294), (0.692808, 0.297349), (0.693732, 0.297607), (0.693896, 0.297653), (0.69406, 0.297699), (0.694982, 0.297957), (0.695177, 0.298012), (0.692642, 0.298324), (0.695207, 0.29904), (0.749077, 0.299159), (0.652177, 0.29948), (0.684147, 0.299805), (0.704865, 0.300022), (0.622764, 0.300327), (0.703626, 0.300377), (0.703819, 0.300431), (0.704726, 0.300685), (0.704887, 0.30073), (0.703657, 0.301398), (0.707554, 0.301477), (0.707677, 0.301512), (0.039204, 0.301603), (0.096431, 0.301676), (0.75909, 0.30208), (0.692753, 0.302181), (0.620925, 0.302253), (0.662999, 0.302396), (0.69532, 0.302889), (0.045233, 0.303001), (0.03907, 0.30316), (0.096313, 0.303233), (0.739152, 0.303481), (0.039032, 0.303603), (0.09628, 0.303676), (0.74004, 0.303734), (0.04861, 0.303784), (0.641323, 0.303802), (0.642283, 0.304055), (0.045101, 0.304553), (0.62097, 0.304712), (0.708316, 0.304769), (0.739202, 0.304891), (0.045063, 0.304994), (0.622854, 0.3052), (0.641353, 0.305211), (0.703773, 0.305223), (0.048479, 0.305333), (0.620983, 0.305411), (0.722388, 0.30563), (0.048442, 0.305774), (0.622866, 0.305898), (0.748471, 0.306143), (0.740428, 0.306288), (0.749346, 0.306393), (0.651397, 0.306459), (0.64266, 0.306606), (0.750219, 0.306643), (0.652342, 0.306708), (0.653285, 0.306957), (0.749398, 0.307792), (0.652373, 0.308106), (0.748266, 0.308511), (0.268694, 0.308696), (0.268694, 0.308696), (0.268694, 0.308696), (0.269343, 0.308696), (0.269343, 0.308696), (0.276116, 0.308696), (0.276116, 0.308696), (0.277053, 0.308696), (0.277053, 0.308696), (0.286136, 0.308696), (0.286136, 0.308696), (0.324318, 0.308696), (0.324318, 0.308696), (0.334559, 0.308696), (0.334559, 0.308696), (0.338293, 0.308696), (0.338293, 0.308696), (0.350696, 0.308696), (0.350696, 0.308696), (0.363098, 0.308696), (0.363098, 0.308696), (0.376886, 0.308696), (0.376886, 0.308696), (0.390674, 0.308696), (0.390674, 0.308696), (0.403076, 0.308696), (0.403076, 0.308696), (0.415478, 0.308696), (0.415478, 0.308696), (0.419213, 0.308696), (0.419213, 0.308696), (0.429454, 0.308696), (0.429454, 0.308696), (0.467636, 0.308696), (0.467636, 0.308696), (0.476719, 0.308696), (0.476719, 0.308696), (0.477656, 0.308696), (0.477656, 0.308696), (0.484428, 0.308696), (0.484428, 0.308696), (0.485078, 0.308696), (0.485078, 0.308696), (0.485078, 0.308696), (0.72249, 0.308702), (0.651132, 0.308825), (0.758508, 0.309011), (0.750605, 0.309175), (0.759367, 0.309256), (0.662245, 0.309321), (0.65366, 0.309487), (0.663174, 0.309566), (0.736751, 0.309651), (0.736868, 0.309684), (0.739374, 0.309703), (0.641455, 0.310019), (0.739398, 0.310392), (0.73955, 0.310435), (0.759421, 0.310644), (0.740406, 0.310675), (0.641469, 0.310707), (0.740587, 0.310725), (0.641633, 0.31075), (0.663208, 0.310953), (0.642558, 0.310989), (0.642754, 0.311039), (0.340737, 0.311139), (0.340737, 0.311139), (0.350696, 0.311139), (0.350696, 0.311139), (0.360655, 0.311139), (0.360655, 0.311139), (0.393117, 0.311139), (0.393117, 0.311139), (0.403076, 0.311139), (0.403076, 0.311139), (0.413035, 0.311139), (0.413035, 0.311139), (0.75831, 0.31136), (0.69704, 0.311568), (0.661989, 0.311669), (0.740623, 0.311717), (0.083774, 0.31194), (0.642776, 0.31203), (0.73634, 0.312545), (0.749575, 0.312565), (0.652482, 0.312875), (0.748429, 0.312921), (0.748608, 0.312971), (0.749451, 0.313207), (0.651232, 0.313231), (0.749601, 0.313249), (0.651425, 0.313281), (0.74975, 0.313291), (0.083656, 0.313458), (0.652336, 0.313516), (0.750591, 0.313526), (0.652498, 0.313558), (0.750769, 0.313576), (0.652659, 0.3136), (0.653568, 0.313835), (0.653761, 0.313885), (0.083622, 0.313889), (0.748466, 0.313907), (0.651254, 0.314216), (0.707121, 0.314284), (0.750806, 0.31456), (0.653784, 0.314868), (0.77558, 0.315242), (0.759604, 0.315379), (0.740756, 0.315433), (0.663323, 0.315683), (0.758479, 0.315735), (0.642855, 0.315742), (0.758655, 0.315784), (0.759483, 0.316016), (0.662095, 0.316039), (0.75963, 0.316057), (0.662285, 0.316088), (0.266874, 0.31615), (0.266874, 0.31615), (0.266874, 0.31615), (0.267683, 0.31615), (0.267683, 0.31615), (0.276116, 0.31615), (0.276116, 0.31615), (0.277053, 0.31615), (0.277053, 0.31615), (0.286136, 0.31615), (0.286136, 0.31615), (0.324318, 0.31615), (0.324318, 0.31615), (0.334559, 0.31615), (0.334559, 0.31615), (0.338293, 0.31615), (0.338293, 0.31615), (0.340737, 0.31615), (0.340737, 0.31615), (0.360655, 0.31615), (0.360655, 0.31615), (0.363098, 0.31615), (0.363098, 0.31615), (0.376886, 0.31615), (0.376886, 0.31615), (0.390674, 0.31615), (0.390674, 0.31615), (0.393117, 0.31615), (0.393117, 0.31615), (0.413035, 0.31615), (0.413035, 0.31615), (0.415478, 0.31615), (0.415478, 0.31615), (0.419213, 0.31615), (0.419213, 0.31615), (0.429454, 0.31615), (0.429454, 0.31615), (0.467636, 0.31615), (0.467636, 0.31615), (0.476719, 0.31615), (0.476719, 0.31615), (0.477656, 0.31615), (0.477656, 0.31615), (0.486089, 0.31615), (0.486089, 0.31615), (0.486898, 0.31615), (0.486898, 0.31615), (0.486898, 0.31615), (0.663181, 0.31632), (0.663339, 0.316361), (0.758516, 0.316712), (0.717039, 0.316956), (0.662118, 0.317016), (0.338293, 0.317118), (0.340737, 0.317118), (0.360655, 0.317118), (0.363098, 0.317118), (0.390674, 0.317118), (0.393117, 0.317118), (0.413035, 0.317118), (0.415478, 0.317118), (0.748602, 0.317599), (0.651337, 0.317905), (0.777262, 0.318008), (0.750944, 0.318245), (0.653868, 0.31855), (0.697245, 0.318555), (0.698124, 0.318787), (0.697285, 0.319907), (0.775772, 0.319915), (0.777359, 0.32036), (0.758657, 0.320375), (0.338293, 0.320416), (0.340737, 0.320416), (0.360655, 0.320416), (0.363098, 0.320416), (0.390674, 0.320416), (0.393117, 0.320416), (0.413035, 0.320416), (0.415478, 0.320416), (0.775799, 0.320584), (0.662207, 0.320675), (0.338293, 0.320888), (0.340737, 0.320888), (0.360655, 0.320888), (0.363098, 0.320888), (0.390674, 0.320888), (0.393117, 0.320888), (0.413035, 0.320888), (0.415478, 0.320888), (0.706469, 0.320989), (0.777387, 0.321028), (0.707335, 0.321217), (0.698491, 0.321229), (0.708199, 0.321445), (0.707376, 0.322558), (0.706248, 0.323261), (0.716409, 0.323611), (0.717261, 0.323836), (0.708564, 0.323868), (0.697421, 0.324516), (0.717304, 0.325166), (0.69744, 0.325176), (0.69759, 0.325215), (0.698437, 0.325434), (0.811493, 0.32546), (0.698617, 0.32548), (0.716196, 0.325867), (0.19834, 0.326163), (0.698645, 0.326431), (0.707518, 0.327132), (0.810103, 0.327287), (0.706378, 0.327487), (0.706555, 0.327533), (0.198258, 0.327626), (0.70739, 0.327748), (0.707538, 0.327787), (0.81971, 0.327798), (0.707686, 0.327825), (0.708519, 0.32804), (0.198235, 0.328042), (0.708695, 0.328086), (0.813087, 0.32813), (0.706407, 0.328431), (0.708724, 0.329029), (0.733325, 0.329376), (0.810208, 0.329575), (0.818344, 0.329616), (0.717451, 0.329705), (0.69875, 0.32999), (0.811702, 0.329995), (0.716331, 0.33006), (0.716505, 0.330105), (0.810238, 0.330226), (0.717326, 0.330317), (0.717472, 0.330355), (0.813193, 0.330413), (0.811732, 0.330644), (0.716361, 0.330997), (0.813223, 0.331061), (0.818451, 0.331888), (0.706516, 0.331969), (0.734977, 0.33201), (0.819924, 0.332301), (0.708834, 0.33256), (0.228413, 0.333389), (0.733481, 0.333857), (0.231171, 0.334052), (0.735055, 0.334265), (0.733503, 0.334499), (0.716474, 0.334507), (0.228341, 0.334825), (0.735078, 0.334906), (0.183896, 0.335161), (0.236038, 0.335221), (0.22832, 0.335232), (0.231099, 0.335485), (0.231079, 0.335892), (0.183812, 0.336589), (0.235969, 0.33665), (0.183789, 0.336995), (0.235949, 0.337056), (0.768999, 0.338749), (0.767599, 0.340521), (0.777175, 0.340897), (0.770567, 0.341295), (0.213509, 0.342029), (0.216226, 0.342659), (0.775798, 0.34266), (0.767686, 0.342718), (0.769172, 0.343103), (0.767711, 0.343342), (0.213435, 0.343431), (0.770655, 0.343487), (0.769197, 0.343726), (0.221022, 0.343771), (0.213413, 0.343829), (0.216152, 0.344058), (0.77068, 0.34411), (0.216131, 0.344456), (0.775887, 0.344842), (0.22095, 0.345166), (0.777353, 0.345222), (0.775912, 0.345462), (0.22093, 0.345563), (0.777378, 0.345841), (0.644716, 0.410742), (0.644897, 0.410756), (0.666661, 0.412468), (0.645886, 0.41388), (0.688277, 0.414169), (0.688455, 0.414183), (0.66688, 0.415522), (0.687737, 0.417153), (0.178293, 0.626651), (0.180048, 0.626708), (0.198294, 0.627296), (0.199724, 0.627546), (0.177745, 0.628195), (0.179534, 0.628256), (0.198125, 0.628899), (0.199557, 0.629146), (0.168466, 0.629813), (0.213437, 0.629936), (0.167917, 0.631338), (0.213279, 0.631522), (0.158896, 0.632891), (0.159665, 0.633248), (0.175872, 0.633474), (0.177776, 0.633553), (0.19755, 0.634373), (0.158347, 0.634399), (0.198985, 0.634615), (0.15915, 0.634759), (0.17609, 0.634892), (0.177968, 0.634915), (0.197468, 0.635158), (0.198903, 0.6354), (0.166041, 0.636555), (0.167545, 0.636902), (0.168948, 0.637131), (0.166165, 0.637369), (0.167367, 0.638444), (0.168771, 0.638672), (0.18241, 0.639333), (0.268177, 0.639477), (0.156469, 0.639556), (0.157386, 0.639926), (0.182241, 0.64086), (0.156678, 0.640939), (0.268055, 0.641004), (0.157568, 0.641253), (0.28211, 0.641906), (0.287117, 0.642779), (0.290371, 0.643346), (0.281996, 0.643417), (0.166758, 0.643713), (0.168166, 0.643937), (0.287006, 0.644284), (0.166671, 0.644469), (0.290262, 0.644848), (0.316291, 0.647864), (0.236257, 0.648139), (0.319398, 0.648405), (0.281607, 0.648579), (0.281551, 0.64932), (0.316198, 0.649338), (0.286627, 0.649428), (0.236122, 0.649612), (0.319306, 0.649876), (0.28989, 0.649979), (0.286573, 0.650165), (0.24999, 0.650386), (0.289837, 0.650715), (0.254928, 0.651193), (0.336643, 0.651411), (0.249864, 0.651844), (0.254805, 0.652646), (0.336561, 0.652863), (0.353415, 0.654335), (0.315879, 0.654372), (0.356339, 0.654845), (0.318993, 0.654898), (0.315833, 0.655094), (0.318949, 0.655618), (0.319093, 0.655643), (0.353343, 0.655768), (0.356268, 0.656274), (0.2868, 0.656406), (0.249435, 0.656823), (0.249373, 0.657537), (0.254385, 0.657608), (0.336282, 0.65782), (0.286696, 0.657826), (0.254325, 0.65832), (0.336242, 0.658531), (0.379659, 0.658909), (0.303852, 0.659195), (0.382457, 0.659397), (0.386709, 0.660138), (0.379601, 0.660313), (0.303758, 0.660597), (0.353096, 0.660662), (0.382401, 0.660798), (0.356027, 0.661157), (0.352924, 0.661341), (0.353061, 0.661364), (0.386655, 0.661534), (0.355993, 0.661858), (0.320453, 0.66191), (0.398212, 0.662143), (0.28634, 0.662675), (0.357321, 0.663097), (0.320368, 0.663295), (0.286289, 0.66337), (0.286432, 0.663393), (0.398164, 0.663527), (0.366399, 0.664619), (0.369104, 0.665072), (0.379403, 0.665108), (0.303435, 0.665386), (0.382208, 0.665582), (0.379374, 0.665796), (0.303389, 0.666072), (0.38218, 0.666268), (0.38647, 0.666303), (0.378006, 0.666564), (0.349239, 0.666618), (0.357136, 0.666876), (0.386443, 0.666986), (0.353458, 0.667308), (0.349169, 0.667973), (0.320077, 0.668025), (0.366227, 0.668371), (0.35339, 0.668658), (0.3199, 0.668681), (0.320035, 0.668703), (0.368936, 0.668817), (0.364876, 0.669175), (0.439181, 0.669284), (0.37785, 0.670282), (0.324244, 0.670351), (0.364814, 0.670514), (0.439153, 0.670622), (0.448505, 0.670909), (0.449457, 0.671076), (0.333239, 0.671765), (0.33592, 0.672187), (0.448481, 0.672237), (0.449435, 0.672402), (0.34893, 0.6726), (0.348896, 0.673263), (0.353159, 0.67327), (0.344745, 0.673574), (0.452225, 0.673638), (0.452487, 0.673881), (0.353126, 0.673931), (0.324025, 0.674003), (0.45242, 0.674985), (0.452702, 0.675229), (0.333032, 0.675392), (0.335717, 0.675806), (0.405607, 0.675837), (0.441662, 0.675916), (0.448403, 0.67677), (0.449358, 0.676931), (0.405565, 0.677133), (0.344555, 0.677169), (0.441872, 0.677251), (0.41489, 0.677355), (0.448391, 0.67742), (0.415839, 0.67751), (0.449347, 0.677581), (0.429735, 0.677875), (0.431065, 0.677909), (0.414853, 0.678641), (0.415802, 0.678796), (0.429919, 0.679193), (0.431271, 0.679231), (0.453084, 0.679581), (0.453436, 0.679831), (0.45285, 0.680607), (0.453181, 0.680893), (0.442589, 0.681805), (0.442439, 0.682416), (0.414726, 0.683033), (0.415677, 0.683184), (0.414708, 0.683662), (0.430549, 0.683689), (0.431972, 0.683738), (0.415659, 0.683813), (0.430308, 0.684696), (0.43171, 0.68478)] (
                interpolation = "faceVarying"
            )
            int[] primvars:st:indices = [457, 455, 477, 482, 466, 473, 470, 460, 252, 253, 134, 133, 255, 252, 133, 136, 261, 259, 140, 142, 487, 490, 499, 496, 501, 510, 524, 514, 495, 507, 510, 501, 390, 376, 396, 402, 383, 373, 376, 390, 516, 515, 512, 514, 490, 492, 502, 499, 514, 512, 498, 501, 485, 486, 492, 490, 148, 150, 201, 199, 273, 271, 203, 152, 375, 361, 381, 393, 364, 358, 361, 375, 150, 152, 203, 201, 354, 355, 352, 368, 362, 367, 347, 365, 367, 362, 352, 355, 356, 320, 319, 345, 348, 342, 356, 361, 358, 353, 384, 386, 380, 370, 396, 376, 371, 383, 390, 384, 238, 346, 349, 303, 371, 376, 373, 368, 370, 362, 387, 380, 386, 516, 514, 517, 47, 93, 101, 60, 65, 60, 101, 104, 524, 527, 517, 514, 451, 461, 460, 450, 453, 464, 462, 452, 267, 265, 146, 148, 467, 461, 462, 468, 469, 468, 462, 464, 383, 359, 351, 373, 497, 496, 499, 503, 503, 499, 502, 505, 364, 348, 345, 358, 354, 381, 355, 367, 393, 368, 365, 375, 393, 367, 355, 381, 361, 356, 347, 348, 364, 365, 344, 238, 342, 358, 345, 320, 356, 319, 212, 318, 384, 390, 402, 386, 371, 347, 362, 370, 353, 359, 383, 384, 350, 303, 349, 373, 351, 347, 371, 346, 238, 344, 368, 396, 370, 386, 402, 387, 439, 441, 438, 440, 444, 441, 439, 261, 142, 144, 263, 446, 450, 456, 454, 447, 451, 450, 446, 449, 453, 452, 448, 273, 152, 154, 275, 267, 148, 199, 269, 495, 501, 498, 493, 342, 238, 212, 319, 346, 351, 359, 349, 485, 490, 487, 484, 342, 348, 347, 344, 318, 320, 345, 319, 349, 359, 353, 350, 344, 347, 351, 346, 259, 257, 138, 140, 35, 42, 54, 43, 43, 54, 57, 45, 449, 455, 457, 453, 136, 138, 257, 255, 451, 452, 462, 461, 467, 466, 460, 461, 447, 448, 452, 451, 416, 420, 432, 434, 414, 417, 420, 416, 422, 425, 417, 414, 434, 432, 435, 437, 426, 430, 425, 422, 414, 415, 421, 422, 377, 394, 415, 414, 398, 400, 394, 377, 422, 421, 423, 426, 401, 404, 400, 398, 494, 476, 480, 500, 470, 473, 481, 478, 134, 253, 254, 135, 135, 254, 256, 137, 141, 260, 262, 143, 523, 509, 508, 521, 552, 533, 525, 543, 533, 529, 520, 525, 316, 239, 302, 323, 239, 231, 245, 302, 326, 336, 337, 327, 325, 306, 305, 324, 307, 326, 327, 308, 306, 270, 268, 305, 202, 151, 149, 200, 204, 272, 274, 153, 243, 214, 236, 313, 214, 194, 220, 236, 204, 153, 151, 202, 190, 189, 187, 218, 224, 222, 222, 221, 130, 218, 192, 190, 187, 112, 236, 220, 221, 132, 123, 105, 122, 214, 192, 194, 248, 247, 191, 242, 239, 316, 226, 229, 302, 245, 247, 179, 127, 80, 94, 239, 229, 231, 226, 224, 218, 242, 250, 248, 543, 546, 547, 227, 215, 106, 117, 227, 117, 120, 235, 547, 555, 552, 543, 478, 479, 465, 463, 488, 489, 475, 474, 147, 266, 268, 149, 488, 479, 483, 491, 180, 211, 245, 231, 523, 521, 522, 526, 325, 324, 334, 335, 123, 132, 220, 194, 243, 189, 190, 313, 222, 224, 313, 236, 221, 222, 214, 243, 190, 192, 220, 132, 130, 221, 80, 124, 122, 112, 123, 194, 192, 68, 105, 102, 323, 302, 247, 248, 218, 130, 229, 226, 245, 211, 191, 247, 94, 181, 179, 130, 180, 231, 229, 80, 127, 124, 316, 224, 226, 323, 248, 250, 217, 185, 186, 217, 177, 119, 185, 145, 143, 262, 264, 456, 463, 458, 454, 463, 465, 459, 458, 474, 475, 472, 471, 155, 153, 274, 276, 200, 149, 268, 270, 307, 308, 274, 272, 68, 80, 122, 105, 211, 180, 127, 179, 508, 509, 506, 504, 130, 132, 122, 124, 123, 112, 102, 105, 191, 211, 179, 181, 180, 130, 124, 127, 139, 258, 260, 141, 109, 99, 92, 100, 113, 109, 100, 103, 480, 476, 472, 475, 258, 139, 137, 256, 488, 474, 465, 479, 478, 481, 483, 479, 474, 471, 459, 465, 392, 379, 369, 395, 379, 374, 357, 369, 374, 388, 382, 357, 388, 391, 389, 382, 378, 363, 357, 382, 363, 315, 241, 357, 315, 322, 321, 241, 385, 378, 382, 389, 322, 343, 332, 321, 542, 571, 575, 548, 615, 616, 614, 612, 175, 298, 297, 174, 174, 297, 295, 172, 168, 291, 289, 166, 553, 535, 539, 557, 524, 510, 518, 534, 510, 507, 511, 518, 569, 550, 558, 572, 237, 223, 198, 216, 536, 540, 538, 534, 551, 532, 535, 553, 519, 536, 534, 518, 532, 528, 530, 535, 207, 158, 160, 209, 205, 279, 277, 156, 560, 544, 549, 565, 304, 249, 234, 240, 205, 156, 158, 207, 300, 301, 244, 219, 230, 232, 232, 233, 131, 219, 251, 300, 244, 196, 240, 234, 233, 183, 213, 182, 129, 304, 251, 249, 195, 197, 115, 188, 237, 314, 228, 225, 216, 198, 197, 108, 125, 81, 69, 237, 225, 223, 228, 230, 219, 188, 193, 195, 534, 538, 537, 366, 360, 397, 403, 366, 403, 407, 372, 537, 527, 524, 534, 612, 611, 590, 591, 597, 596, 580, 581, 162, 285, 283, 160, 597, 611, 613, 604, 597, 604, 602, 596, 178, 126, 198, 223, 553, 557, 561, 556, 551, 553, 556, 554, 213, 183, 234, 249, 333, 301, 300, 317, 232, 230, 317, 240, 233, 232, 304, 333, 300, 251, 234, 183, 131, 233, 81, 128, 129, 196, 213, 249, 251, 97, 182, 184, 246, 216, 197, 195, 219, 131, 225, 228, 198, 126, 115, 197, 69, 107, 108, 131, 178, 223, 225, 81, 125, 128, 314, 230, 228, 246, 195, 193, 445, 442, 443, 445, 444, 440, 442, 164, 166, 289, 287, 600, 591, 587, 595, 591, 590, 586, 587, 581, 580, 576, 577, 154, 156, 277, 275, 209, 160, 283, 281, 519, 518, 511, 513, 97, 81, 129, 182, 126, 178, 125, 108, 539, 535, 530, 531, 131, 183, 129, 128, 213, 196, 184, 182, 115, 126, 108, 107, 178, 131, 128, 125, 170, 293, 291, 168, 408, 399, 406, 411, 409, 408, 411, 413, 575, 571, 576, 580, 293, 170, 172, 295, 597, 581, 590, 611, 612, 614, 613, 611, 581, 577, 586, 590, 37, 25, 19, 34, 25, 32, 24, 19, 32, 46, 50, 24, 40, 37, 34, 38, 46, 52, 56, 50, 55, 39, 24, 50, 39, 96, 84, 24, 96, 110, 114, 84, 61, 55, 50, 56, 110, 118, 121, 114, 598, 594, 570, 574, 624, 616, 615, 621, 299, 298, 175, 176, 296, 299, 176, 173, 290, 292, 169, 167, 566, 563, 582, 584, 545, 533, 552, 564, 541, 529, 533, 545, 585, 579, 593, 599, 63, 71, 78, 67, 338, 339, 329, 328, 312, 311, 330, 331, 328, 329, 310, 309, 284, 282, 311, 312, 161, 159, 208, 210, 278, 280, 206, 157, 578, 573, 589, 592, 77, 85, 89, 79, 159, 157, 206, 208, 88, 87, 83, 74, 70, 75, 41, 76, 75, 70, 83, 87, 86, 64, 77, 79, 76, 48, 66, 49, 36, 86, 89, 85, 28, 62, 59, 53, 73, 95, 78, 72, 63, 67, 62, 16, 30, 22, 15, 72, 78, 71, 74, 73, 70, 58, 53, 59, 568, 564, 567, 418, 405, 410, 424, 428, 424, 410, 412, 552, 555, 567, 564, 609, 620, 621, 610, 607, 617, 618, 608, 284, 286, 163, 161, 623, 620, 618, 622, 619, 622, 618, 617, 63, 31, 44, 71, 588, 584, 582, 583, 341, 331, 330, 340, 77, 49, 66, 85, 88, 116, 87, 75, 98, 74, 76, 79, 98, 75, 87, 116, 89, 86, 41, 49, 77, 76, 33, 16, 36, 85, 66, 64, 86, 48, 20, 51, 62, 67, 82, 59, 72, 41, 70, 73, 28, 31, 63, 62, 21, 15, 22, 71, 44, 41, 72, 30, 16, 33, 74, 95, 73, 59, 82, 58, 91, 111, 90, 119, 177, 111, 91, 290, 167, 165, 288, 606, 610, 600, 595, 605, 609, 610, 606, 601, 607, 608, 603, 278, 157, 155, 276, 284, 161, 210, 282, 278, 309, 310, 280, 36, 16, 20, 48, 30, 44, 31, 22, 559, 563, 566, 562, 36, 49, 41, 33, 51, 64, 66, 48, 22, 31, 28, 21, 33, 41, 44, 30, 292, 294, 171, 169, 427, 419, 429, 433, 433, 429, 431, 436, 601, 594, 598, 607, 173, 171, 294, 296, 609, 608, 618, 620, 623, 624, 621, 620, 605, 603, 608, 609, 0, 1, 5, 4, 2, 3, 1, 0, 10, 9, 3, 2, 4, 5, 8, 6, 13, 11, 9, 10, 2, 7, 12, 10, 17, 18, 7, 2, 26, 23, 18, 17, 10, 12, 14, 13, 29, 27, 23, 26]
            uniform token subdivisionScheme = "none"
        }
    }
}

